scheme,step,hour,load,slice,slice_name,offered_mbps,delivered_mbps,radio_mbps,compute_cap_mbps,eta,d_e2e_ms,d_transport_ms,d_proc_ms,violated,placement
S0,0,0,0.2,1,BE-DL,4.0,4.0,123.86149286267826,20.0,2.2685255103054627,115.29675184487817,112.0,2.0,0,central/central/edge
S0,0,0,0.2,2,YOLO,3.0,3.0,64.73765268906754,15.0,1.1856712946715668,116.84221067008377,112.0,3.6,1,central/central/edge
S0,0,0,0.2,3,VIDEO,6.4,6.4,49.041511304924136,32.0,0.8981961777458632,116.36681386048642,112.0,1.6,1,central/central/edge
S0,0,0,0.2,4,CPU-OFF,1.6,1.6,95.59743532421902,8.0,1.7508687788318502,133.1680034283701,112.0,18.0,0,central/central/edge
S0,0,0,0.2,5,MQTT,0.4,0.4,57.13565812841797,2.0,1.0464406250626002,113.22073617138066,112.0,0.6,1,central/central/edge
S0,1,0,0.2,1,BE-DL,4.0,4.0,97.94264207353166,20.0,1.7938212833980156,117.38436770056836,112.0,2.0,0,central/central/edge
S0,1,0,0.2,2,YOLO,3.0,3.0,134.9134417225039,15.0,2.4709421560898153,118.81947556188047,112.0,3.6,1,central/central/edge
S0,1,0,0.2,3,VIDEO,6.4,6.4,102.71362006388777,32.0,1.8812018326719373,115.82554781450628,112.0,1.6,1,central/central/edge
S0,1,0,0.2,4,CPU-OFF,1.6,1.6,42.289856483351265,8.0,0.7745394960320744,132.6345623397768,112.0,18.0,0,central/central/edge
S0,1,0,0.2,5,MQTT,0.4,0.4,45.496076169329775,2.0,0.8332614683027431,114.40303793712823,112.0,0.6,1,central/central/edge
S0,2,0,0.2,1,BE-DL,4.0,4.0,114.644357093162,20.0,2.099713499874762,114.97264725425056,112.0,2.0,0,central/central/edge
S0,2,0,0.2,2,YOLO,3.0,3.0,128.67042685082038,15.0,2.3566012243739998,116.3921656989519,112.0,3.6,1,central/central/edge
S0,2,0,0.2,3,VIDEO,6.4,6.4,91.79754233984427,32.0,1.681273669227917,115.44035895170836,112.0,1.6,1,central/central/edge
S0,2,0,0.2,4,CPU-OFF,1.6,1.6,58.912619435325446,8.0,1.0789857039436894,131.5081922123955,112.0,18.0,0,central/central/edge
S0,2,0,0.2,5,MQTT,0.4,0.4,48.301902594267446,2.0,0.8846502306642389,114.92113217165408,112.0,0.6,1,central/central/edge
S0,3,0,0.2,1,BE-DL,4.0,4.0,84.68244504922842,20.0,1.5509605320371505,115.27813280396337,112.0,2.0,0,central/central/edge
S0,3,0,0.2,2,YOLO,3.0,3.0,117.80988751998586,15.0,2.1576902476187887,116.28389159955043,112.0,3.6,1,central/central/edge
S0,3,0,0.2,3,VIDEO,6.4,6.4,35.37461031792547,32.0,0.6478866358594408,115.68203054852118,112.0,1.6,1,central/central/edge
S0,3,0,0.2,4,CPU-OFF,1.6,1.6,51.52426832087849,8.0,0.9436679179648075,131.52359604582725,112.0,18.0,0,central/central/edge
S0,3,0,0.2,5,MQTT,0.4,0.4,46.705846348033724,2.0,0.8554184312826689,113.64997026310802,112.0,0.6,1,central/central/edge
S0,4,0,0.2,1,BE-DL,4.0,4.0,138.63774487934575,20.0,2.539152836618054,116.12348386839743,112.0,2.0,0,central/central/edge
S0,4,0,0.2,2,YOLO,3.0,3.0,55.24370149866236,15.0,1.0117894047374059,116.80785202533552,112.0,3.6,1,central/central/edge
S0,4,0,0.2,3,VIDEO,6.4,6.4,90.37864635587324,32.0,1.6552865632943816,116.91386926842877,112.0,1.6,1,central/central/edge
S0,4,0,0.2,4,CPU-OFF,1.6,1.6,72.52462653372514,8.0,1.328289863255039,131.9718208107589,112.0,18.0,0,central/central/edge
S0,4,0,0.2,5,MQTT,0.4,0.4,79.02920596154557,2.0,1.4474213546070618,114.11466958866983,112.0,0.6,1,central/central/edge
S0,5,0,0.2,1,BE-DL,4.0,4.0,107.60326193355598,20.0,1.970755713068791,116.43598204546824,112.0,2.0,0,central/central/edge
S0,5,0,0.2,2,YOLO,3.0,3.0,61.9593348130292,15.0,1.1347863518869816,116.69837114541829,112.0,3.6,1,central/central/edge
S0,5,0,0.2,3,VIDEO,6.4,6.4,76.21759651693053,32.0,1.3959266761342588,114.51543566209129,112.0,1.6,1,central/central/edge
S0,5,0,0.2,4,CPU-OFF,1.6,1.6,25.598680666069484,8.0,0.4688403052393678,132.45294311325299,112.0,18.0,0,central/central/edge
S0,5,0,0.2,5,MQTT,0.4,0.4,46.79731442302346,2.0,0.8570936707513453,113.39762192617574,112.0,0.6,1,central/central/edge
S0,6,0,0.2,1,BE-DL,4.0,4.0,78.7455997268919,20.0,1.4422271012251262,116.55934230425456,112.0,2.0,0,central/central/edge
S0,6,0,0.2,2,YOLO,3.0,3.0,57.83357343045628,15.0,1.0592229566017635,117.5196907261862,112.0,3.6,1,central/central/edge
S0,6,0,0.2,3,VIDEO,6.4,6.4,50.35526575440326,32.0,0.9222576145495103,115.77526140869078,112.0,1.6,1,central/central/edge
S0,6,0,0.2,4,CPU-OFF,1.6,1.6,58.49126091690753,8.0,1.0712685149616763,131.3025051087889,112.0,18.0,0,central/central/edge
S0,6,0,0.2,5,MQTT,0.4,0.4,78.35159706354503,2.0,1.4350109352297624,114.07067640972221,112.0,0.6,1,central/central/edge
S0,7,0,0.2,1,BE-DL,4.0,4.0,41.0778565500281,20.0,0.7523416950554598,116.36473727997368,112.0,2.0,0,central/central/edge
S0,7,0,0.2,2,YOLO,3.0,3.0,66.72881623856448,15.0,1.2221394915488,117.62012126573669,112.0,3.6,1,central/central/edge
S0,7,0,0.2,3,VIDEO,6.4,6.4,51.505140635720586,32.0,0.9433175940608166,115.05694725047363,112.0,1.6,1,central/central/edge
S0,7,0,0.2,4,CPU-OFF,1.6,1.6,84.1702465782822,8.0,1.5415796076608461,130.00630823762387,112.0,18.0,0,central/central/edge
S0,7,0,0.2,5,MQTT,0.4,0.4,79.07565341035085,2.0,1.4482720404826164,115.37910871271426,112.0,0.6,1,central/central/edge
S0,8,1,0.2,1,BE-DL,4.0,4.0,79.06628459974449,20.0,1.4481004505447708,114.32706076723116,112.0,2.0,0,central/central/edge
S0,8,1,0.2,2,YOLO,3.0,3.0,50.25075047297284,15.0,0.9203434152559128,118.76646425393673,112.0,3.6,1,central/central/edge
S0,8,1,0.2,3,VIDEO,6.4,6.4,72.82352364989667,32.0,1.333764169412027,117.06407658654575,112.0,1.6,1,central/central/edge
S0,8,1,0.2,4,CPU-OFF,1.6,1.6,56.769465721698886,8.0,1.0397338044267195,130.20557326130455,112.0,18.0,0,central/central/edge
S0,8,1,0.2,5,MQTT,0.4,0.4,107.68941301314257,2.0,1.9723335716692778,113.85380926506983,112.0,0.6,1,central/central/edge
S0,9,1,0.2,1,BE-DL,4.0,4.0,50.96674308552306,20.0,0.9334568330681879,115.98467415427557,112.0,2.0,0,central/central/edge
S0,9,1,0.2,2,YOLO,3.0,3.0,64.00970992206291,15.0,1.1723390095615918,117.0579983681026,112.0,3.6,1,central/central/edge
S0,9,1,0.2,3,VIDEO,6.4,6.4,79.09369385509291,32.0,1.448602451558478,116.30974255170806,112.0,1.6,1,central/central/edge
S0,9,1,0.2,4,CPU-OFF,1.6,1.6,105.75254731875043,8.0,1.936859841002755,133.35462540337411,112.0,18.0,0,central/central/edge
S0,9,1,0.2,5,MQTT,0.4,0.4,75.88889876263674,2.0,1.3899065707442626,115.70938399210836,112.0,0.6,1,central/central/edge
S0,10,1,0.2,1,BE-DL,4.0,4.0,75.65752165121397,20.0,1.3856688947108784,114.08271350035122,112.0,2.0,0,central/central/edge
S0,10,1,0.2,2,YOLO,3.0,3.0,67.65167231598528,15.0,1.2390416175088879,116.64198309747302,112.0,3.6,1,central/central/edge
S0,10,1,0.2,3,VIDEO,6.4,6.4,59.48843435504901,32.0,1.0895317647444873,114.58564722585209,112.0,1.6,1,central/central/edge
S0,10,1,0.2,4,CPU-OFF,1.6,1.6,59.26431891560634,8.0,1.0854270863664164,132.35139093602947,112.0,18.0,0,central/central/edge
S0,10,1,0.2,5,MQTT,0.4,0.4,57.67903197771362,2.0,1.056392527064352,114.30577073125379,112.0,0.6,1,central/central/edge
S0,11,1,0.2,1,BE-DL,4.0,4.0,81.53177332503016,20.0,1.493255921703849,116.11510511370773,112.0,2.0,0,central/central/edge
S0,11,1,0.2,2,YOLO,3.0,3.0,39.47080128166624,15.0,0.7229084483821656,117.32019166319324,112.0,3.6,1,central/central/edge
S0,11,1,0.2,3,VIDEO,6.4,6.4,49.366065698263874,32.0,0.9041403974041002,115.7048374246914,112.0,1.6,1,central/central/edge
S0,11,1,0.2,4,CPU-OFF,1.6,1.6,84.15540347011022,8.0,1.5413077558628243,131.97408352352937,112.0,18.0,0,central/central/edge
S0,11,1,0.2,5,MQTT,0.4,0.4,50.37169362926387,2.0,0.9225584913784592,115.71660687904887,112.0,0.6,1,central/central/edge
S0,12,1,0.2,1,BE-DL,4.0,4.0,48.92045063662001,20.0,0.8959789493886449,116.75704319212974,112.0,2.0,0,central/central/edge
S0,12,1,0.2,2,YOLO,3.0,3.0,112.3985440267614,15.0,2.0585813924315275,117.83659188278038,112.0,3.6,1,central/central/edge
S0,12,1,0.2,3,VIDEO,6.4,6.4,60.862502806421126,32.0,1.1146978535974565,115.90862543621832,112.0,1.6,1,central/central/edge
S0,12,1,0.2,4,CPU-OFF,1.6,1.6,64.96788802908493,8.0,1.1898880591407497,131.91121080465226,112.0,18.0,0,central/central/edge
S0,12,1,0.2,5,MQTT,0.4,0.4,68.14813466221695,2.0,1.2481343344728377,115.81042154874994,112.0,0.6,1,central/central/edge
S0,13,1,0.2,1,BE-DL,4.0,4.0,107.45774756846548,20.0,1.96809061480706,116.84985071655078,112.0,2.0,0,central/central/edge
S0,13,1,0.2,2,YOLO,3.0,3.0,132.6231546370679,15.0,2.4289955061734045,116.07166508067395,112.0,3.6,1,central/central/edge
S0,13,1,0.2,3,VIDEO,6.4,6.4,71.2210743142817,32.0,1.3044152804813496,115.75427896025603,112.0,1.6,1,central/central/edge
S0,13,1,0.2,4,CPU-OFF,1.6,1.6,126.41928410545106,8.0,2.3153715037628397,131.40991716435352,112.0,18.0,0,central/central/edge
S0,13,1,0.2,5,MQTT,0.4,0.4,93.07348324052126,2.0,1.704642550192697,115.28112719513199,112.0,0.6,1,central/central/edge
S0,14,1,0.2,1,BE-DL,4.0,4.0,70.68439315813605,20.0,1.294585955277217,116.19921751827081,112.0,2.0,0,central/central/edge
S0,14,1,0.2,2,YOLO,3.0,3.0,55.4324935026877,15.0,1.0152471337488589,116.72468193408731,112.0,3.6,1,central/central/edge
S0,14,1,0.2,3,VIDEO,6.4,6.4,79.04966963083588,32.0,1.4477961470849061,115.89528619572661,112.0,1.6,1,central/central/edge
S0,14,1,0.2,4,CPU-OFF,1.6,1.6,105.75273119923236,8.0,1.9368632087771493,131.18353494957603,112.0,18.0,0,central/central/edge
S0,14,1,0.2,5,MQTT,0.4,0.4,82.29662266439134,2.0,1.5072641513624787,114.9400747594353,112.0,0.6,1,central/central/edge
S0,15,1,0.2,1,BE-DL,4.0,4.0,123.86149286267825,20.0,2.2685255103054622,114.1145143236892,112.0,2.0,0,central/central/edge
S0,15,1,0.2,2,YOLO,3.0,3.0,135.45945814771278,15.0,2.4809424569178167,115.89368286136941,112.0,3.6,1,central/central/edge
S0,15,1,0.2,3,VIDEO,6.4,6.4,55.89677632604257,32.0,1.0237504821619519,115.54169366935777,112.0,1.6,1,central/central/edge
S0,15,1,0.2,4,CPU-OFF,1.6,1.6,83.76156237931575,8.0,1.534094549071717,130.81094377487307,112.0,18.0,0,central/central/edge
S0,15,1,0.2,5,MQTT,0.4,0.4,52.434622965953196,2.0,0.9603410799625127,114.40628905673205,112.0,0.6,1,central/central/edge
S0,16,2,0.2,1,BE-DL,4.0,4.0,146.38166614250653,20.0,2.680982896382903,115.1153763825356,112.0,2.0,0,central/central/edge
S0,16,2,0.2,2,YOLO,3.0,3.0,31.859077804350324,15.0,0.5834995934862697,116.69783359547333,112.0,3.6,1,central/central/edge
S0,16,2,0.2,3,VIDEO,6.4,6.4,37.661660690092184,32.0,0.6897740053130437,114.01247375583537,112.0,1.6,1,central/central/edge
S0,16,2,0.2,4,CPU-OFF,1.6,1.6,104.5277584777173,8.0,1.9144278109472033,132.32114177630044,112.0,18.0,0,central/central/edge
S0,16,2,0.2,5,MQTT,0.4,0.4,74.04878604111607,2.0,1.3562048725479134,115.46879103503024,112.0,0.6,1,central/central/edge
S0,17,2,0.2,1,BE-DL,4.0,4.0,86.25623057485524,20.0,1.5797844427629164,117.35468039793466,112.0,2.0,0,central/central/edge
S0,17,2,0.2,2,YOLO,3.0,3.0,19.099032033760327,15.0,0.34979912149744186,118.0462031007837,112.0,3.6,1,central/central/edge
S0,17,2,0.2,3,VIDEO,6.4,6.4,22.520997054041803,32.0,0.41247247351724914,116.20762210326677,112.0,1.6,1,central/central/edge
S0,17,2,0.2,4,CPU-OFF,1.6,1.6,54.43388228527146,8.0,0.9969575510122978,133.11324425056586,112.0,18.0,0,central/central/edge
S0,17,2,0.2,5,MQTT,0.4,0.4,55.64605152672915,2.0,1.0191584528704973,113.3552670162944,112.0,0.6,1,central/central/edge
S0,18,2,0.2,1,BE-DL,4.0,4.0,91.64998799631682,20.0,1.6785712087237514,115.20324941100662,112.0,2.0,0,central/central/edge
S0,18,2,0.2,2,YOLO,3.0,3.0,27.82016620953883,15.0,0.5095268536545573,118.01078146999566,112.0,3.6,1,central/central/edge
S0,18,2,0.2,3,VIDEO,6.4,6.4,23.750437293024376,32.0,0.43498969401143545,115.71540212030911,112.0,1.6,1,central/central/edge
S0,18,2,0.2,4,CPU-OFF,1.6,1.6,67.19246687459592,8.0,1.2306312614394856,131.43276361837934,112.0,18.0,0,central/central/edge
S0,18,2,0.2,5,MQTT,0.4,0.4,75.1117412029782,2.0,1.3756729158054615,112.95590014978757,112.0,0.6,1,central/central/edge
S0,19,2,0.2,1,BE-DL,4.0,4.0,125.53017627257128,20.0,2.2990874775196204,114.7578322556448,112.0,2.0,0,central/central/edge
S0,19,2,0.2,2,YOLO,3.0,3.0,10.89807565928158,15.0,0.19959845529819745,115.99773297755861,112.0,3.6,1,central/central/edge
S0,19,2,0.2,3,VIDEO,6.4,6.4,14.53945932648666,32.0,0.26629046385506705,114.88687798657952,112.0,1.6,1,central/central/edge
S0,19,2,0.2,4,CPU-OFF,1.6,1.6,43.73622516155944,8.0,0.8010297648637259,130.35343277237095,112.0,18.0,0,central/central/edge
S0,19,2,0.2,5,MQTT,0.4,0.4,79.02920596154554,2.0,1.4474213546070611,113.53519626142695,112.0,0.6,1,central/central/edge
S0,20,2,0.2,1,BE-DL,4.0,4.0,42.402980338223344,20.0,0.776611361505922,114.83560672844233,112.0,2.0,0,central/central/edge
S0,20,2,0.2,2,YOLO,3.0,3.0,26.580916970080835,15.0,0.48682998113701165,117.93792973539476,112.0,3.6,1,central/central/edge
S0,20,2,0.2,3,VIDEO,6.4,6.4,12.869719350797737,32.0,0.2357091456190062,114.04679735682708,112.0,1.6,1,central/central/edge
S0,20,2,0.2,4,CPU-OFF,1.6,1.6,39.91192146860295,8.0,0.7309875726850357,132.76433284146427,112.0,18.0,0,central/central/edge
S0,20,2,0.2,5,MQTT,0.4,0.4,30.01482925062884,2.0,0.5497221474474147,114.08031115670057,112.0,0.6,1,central/central/edge
S0,21,2,0.2,1,BE-DL,4.0,4.0,78.74559972689191,20.0,1.4422271012251267,115.93998888659532,112.0,2.0,0,central/central/edge
S0,21,2,0.2,2,YOLO,3.0,3.0,9.828,15.0,0.18,117.13350753615839,112.0,3.6,1,central/central/edge
S0,21,2,0.2,3,VIDEO,6.4,6.4,9.828,32.0,0.18,114.44219114634821,112.0,1.6,1,central/central/edge
S0,21,2,0.2,4,CPU-OFF,1.6,1.6,62.351090317515656,8.0,1.1419613611266604,132.7347806261815,112.0,18.0,0,central/central/edge
S0,21,2,0.2,5,MQTT,0.4,0.4,88.05227098569823,2.0,1.612678955782019,113.87849769846211,112.0,0.6,1,central/central/edge
S0,22,2,0.2,1,BE-DL,4.0,4.0,32.10286268195476,20.0,0.5879645179845194,114.42164177168355,112.0,2.0,0,central/central/edge
S0,22,2,0.2,2,YOLO,3.0,3.0,26.295677585536,15.0,0.4816058165849084,117.23034385848382,112.0,3.6,1,central/central/edge
S0,22,2,0.2,3,VIDEO,6.4,6.4,55.14409078933127,32.0,1.009965032771635,114.32749229550176,112.0,1.6,1,central/central/edge
S0,22,2,0.2,4,CPU-OFF,1.6,1.6,92.9591076667775,8.0,1.7025477594647893,131.17297263155135,112.0,18.0,0,central/central/edge
S0,22,2,0.2,5,MQTT,0.4,0.4,84.66252022738645,2.0,1.5505956085601913,114.58647834676668,112.0,0.6,1,central/central/edge
S0,23,2,0.2,1,BE-DL,4.0,4.0,28.065513235787176,20.0,0.5140203889338311,114.25863591545833,112.0,2.0,0,central/central/edge
S0,23,2,0.2,2,YOLO,3.0,3.0,60.90172475800513,15.0,1.1154162043590683,118.58659779691,112.0,3.6,1,central/central/edge
S0,23,2,0.2,3,VIDEO,6.4,6.4,84.85791950729485,32.0,1.554174349950455,114.18738279296285,112.0,1.6,1,central/central/edge
S0,23,2,0.2,4,CPU-OFF,1.6,1.6,36.41076077322754,8.0,0.6668637504254128,132.8400150537613,112.0,18.0,0,central/central/edge
S0,23,2,0.2,5,MQTT,0.4,0.4,132.80084564400985,2.0,2.432249920219961,113.63721526246869,112.0,0.6,1,central/central/edge
S0,24,3,0.2,1,BE-DL,4.0,4.0,50.96674308552306,20.0,0.9334568330681879,117.42869047098023,112.0,2.0,0,central/central/edge
S0,24,3,0.2,2,YOLO,3.0,3.0,64.00970992206291,15.0,1.1723390095615918,116.5641829850205,112.0,3.6,1,central/central/edge
S0,24,3,0.2,3,VIDEO,6.4,6.4,42.20694873881638,32.0,0.7730210391724611,115.79907960536036,112.0,1.6,1,central/central/edge
S0,24,3,0.2,4,CPU-OFF,1.6,1.6,99.92719513593792,8.0,1.830168409083112,132.58741278472962,112.0,18.0,0,central/central/edge
S0,24,3,0.2,5,MQTT,0.4,0.4,69.08506645977965,2.0,1.2652942575051218,112.87870268151462,112.0,0.6,1,central/central/edge
S0,25,3,0.2,1,BE-DL,4.0,4.0,68.50444687691738,20.0,1.254660199210941,114.56514164931333,112.0,2.0,0,central/central/edge
S0,25,3,0.2,2,YOLO,3.0,3.0,42.52390831290506,15.0,0.7788261595770156,117.52315045242165,112.0,3.6,1,central/central/edge
S0,25,3,0.2,3,VIDEO,6.4,6.4,86.15566354869169,32.0,1.577942555836844,115.21659258977148,112.0,1.6,1,central/central/edge
S0,25,3,0.2,4,CPU-OFF,1.6,1.6,85.16133222326624,8.0,1.5597313594004807,132.01977941535966,112.0,18.0,0,central/central/edge
S0,25,3,0.2,5,MQTT,0.4,0.4,78.90056261102333,2.0,1.4450652492861416,114.84671156641174,112.0,0.6,1,central/central/edge
S0,26,3,0.2,1,BE-DL,4.0,4.0,27.572563342646568,20.0,0.5049920026125745,115.01077077153299,112.0,2.0,0,central/central/edge
S0,26,3,0.2,2,YOLO,3.0,3.0,68.51535316817541,15.0,1.2548599481350806,116.8467757441303,112.0,3.6,1,central/central/edge
S0,26,3,0.2,3,VIDEO,6.4,6.4,79.63770975852006,32.0,1.4585661127934075,116.31033707027531,112.0,1.6,1,central/central/edge
S0,26,3,0.2,4,CPU-OFF,1.6,1.6,139.5488336023347,8.0,2.555839443266203,132.28234340903083,112.0,18.0,0,central/central/edge
S0,26,3,0.2,5,MQTT,0.4,0.4,106.70132951575249,2.0,1.954236804317811,113.32247938021983,112.0,0.6,1,central/central/edge
S0,27,3,0.2,1,BE-DL,4.0,4.0,40.148507763846744,20.0,0.7353206550155081,116.69584512950358,112.0,2.0,0,central/central/edge
S0,27,3,0.2,2,YOLO,3.0,3.0,112.3985440267614,15.0,2.0585813924315275,115.87430516722765,112.0,3.6,1,central/central/edge
S0,27,3,0.2,3,VIDEO,6.4,6.4,120.70210640601167,32.0,2.210661289487393,114.3424870208902,112.0,1.6,1,central/central/edge
S0,27,3,0.2,4,CPU-OFF,1.6,1.6,93.35721725187837,8.0,1.709839143807296,133.13384759496418,112.0,18.0,0,central/central/edge
S0,27,3,0.2,5,MQTT,0.4,0.4,121.84060439608486,2.0,2.231512901027195,115.67801220955099,112.0,0.6,1,central/central/edge
S0,28,3,0.2,1,BE-DL,4.0,4.0,56.65953962700905,20.0,1.0377205059891768,115.45699670048145,112.0,2.0,0,central/central/edge
S0,28,3,0.2,2,YOLO,3.0,3.0,63.659114225792585,15.0,1.1659178429632342,115.67330695456842,112.0,3.6,1,central/central/edge
S0,28,3,0.2,3,VIDEO,6.4,6.4,78.23527102705184,32.0,1.4328804217408762,114.58616082857863,112.0,1.6,1,central/central/edge
S0,28,3,0.2,4,CPU-OFF,1.6,1.6,105.5279617320926,8.0,1.932746551869828,130.9473831550607,112.0,18.0,0,central/central/edge
S0,28,3,0.2,5,MQTT,0.4,0.4,62.363958313445714,2.0,1.1421970387077969,115.81695671833225,112.0,0.6,1,central/central/edge
S0,29,3,0.2,1,BE-DL,4.0,4.0,59.05278415743012,20.0,1.081552823396156,115.49647589889469,112.0,2.0,0,central/central/edge
S0,29,3,0.2,2,YOLO,3.0,3.0,89.42411687697735,15.0,1.6378043384061785,117.32527656766483,112.0,3.6,1,central/central/edge
S0,29,3,0.2,3,VIDEO,6.4,6.4,107.39851667085978,32.0,1.9670057998325967,115.83076041099119,112.0,1.6,1,central/central/edge
S0,29,3,0.2,4,CPU-OFF,1.6,1.6,118.84592649056586,8.0,2.176665320340034,131.86356747446925,112.0,18.0,0,central/central/edge
S0,29,3,0.2,5,MQTT,0.4,0.4,49.71217308153588,2.0,0.9104793604676901,114.0734744757052,112.0,0.6,1,central/central/edge
S0,30,3,0.2,1,BE-DL,4.0,4.0,85.06150714665851,20.0,1.557903061294112,115.93545437535175,112.0,2.0,0,central/central/edge
S0,30,3,0.2,2,YOLO,3.0,3.0,78.88201378079658,15.0,1.4447255271208166,118.70454251351455,112.0,3.6,1,central/central/edge
S0,30,3,0.2,3,VIDEO,6.4,6.4,97.02836645275316,32.0,1.7770763086584827,113.65345352314277,112.0,1.6,1,central/central/edge
S0,30,3,0.2,4,CPU-OFF,1.6,1.6,89.67949885176745,8.0,1.6424816639517847,130.7108409098805,112.0,18.0,0,central/central/edge
S0,30,3,0.2,5,MQTT,0.4,0.4,38.3315174785589,2.0,0.7020424446622509,115.62668792763066,112.0,0.6,1,central/central/edge
S0,31,3,0.2,1,BE-DL,4.0,4.0,146.3816661425065,20.0,2.6809828963829028,115.29081501038465,112.0,2.0,0,central/central/edge
S0,31,3,0.2,2,YOLO,3.0,3.0,106.73874706559546,15.0,1.9549221074284884,116.63342999511325,112.0,3.6,1,central/central/edge
S0,31,3,0.2,3,VIDEO,6.4,6.4,96.35515786945666,32.0,1.7647464811255797,115.97590428793741,112.0,1.6,1,central/central/edge
S0,31,3,0.2,4,CPU-OFF,1.6,1.6,83.78179114626197,8.0,1.534465039308827,131.28007269453,112.0,18.0,0,central/central/edge
S0,31,3,0.2,5,MQTT,0.4,0.4,57.73295182866678,2.0,1.0573800701221021,114.12332147592315,112.0,0.6,1,central/central/edge
S0,32,4,0.2,1,BE-DL,4.0,4.0,114.644357093162,20.0,2.099713499874762,115.69720332952497,112.0,2.0,0,central/central/edge
S0,32,4,0.2,2,YOLO,3.0,3.0,121.95269372206272,15.0,2.2335658190853978,116.08359169250177,112.0,3.6,1,central/central/edge
S0,32,4,0.2,3,VIDEO,6.4,6.4,40.653197321931046,32.0,0.7445640535152206,113.68723260852286,112.0,1.6,1,central/central/edge
S0,32,4,0.2,4,CPU-OFF,1.6,1.6,94.74251663575735,8.0,1.7352109273948233,131.73129846945332,112.0,18.0,0,central/central/edge
S0,32,4,0.2,5,MQTT,0.4,0.4,70.33434939165262,2.0,1.288174897283015,112.86724247019865,112.0,0.6,1,central/central/edge
S0,33,4,0.2,1,BE-DL,4.0,4.0,147.39033157302413,20.0,2.6994566222165592,117.47197584279525,112.0,2.0,0,central/central/edge
S0,33,4,0.2,2,YOLO,3.0,3.0,117.80988751998586,15.0,2.1576902476187887,116.16779995132198,112.0,3.6,1,central/central/edge
S0,33,4,0.2,3,VIDEO,6.4,6.4,40.319448319355914,32.0,0.7384514344204379,113.98546241649095,112.0,1.6,1,central/central/edge
S0,33,4,0.2,4,CPU-OFF,1.6,1.6,39.77311940559041,8.0,0.7284454103587986,133.20573321066934,112.0,18.0,0,central/central/edge
S0,33,4,0.2,5,MQTT,0.4,0.4,36.05363577742954,2.0,0.6603229995866216,114.77724409333493,112.0,0.6,1,central/central/edge
S0,34,4,0.2,1,BE-DL,4.0,4.0,132.0839605759585,20.0,2.4191201570688374,117.41635222374974,112.0,2.0,0,central/central/edge
S0,34,4,0.2,2,YOLO,3.0,3.0,98.76904207336602,15.0,1.8089568145305133,117.55459495622254,112.0,3.6,1,central/central/edge
S0,34,4,0.2,3,VIDEO,6.4,6.4,30.564414949440767,32.0,0.5597878195868272,117.0539409678476,112.0,1.6,1,central/central/edge
S0,34,4,0.2,4,CPU-OFF,1.6,1.6,43.73622516155944,8.0,0.8010297648637259,131.77028023486565,112.0,18.0,0,central/central/edge
S0,34,4,0.2,5,MQTT,0.4,0.4,26.72624056154088,2.0,0.4894915853762066,114.13909099377048,112.0,0.6,1,central/central/edge
S0,35,4,0.2,1,BE-DL,4.0,4.0,125.38515691410129,20.0,2.2964314453132104,114.70185624839132,112.0,2.0,0,central/central/edge
S0,35,4,0.2,2,YOLO,3.0,3.0,61.95933481302921,15.0,1.1347863518869818,117.40228750098488,112.0,3.6,1,central/central/edge
S0,35,4,0.2,3,VIDEO,6.4,6.4,68.65401823662445,32.0,1.2573996014033781,113.6576081082027,112.0,1.6,1,central/central/edge
S0,35,4,0.2,4,CPU-OFF,1.6,1.6,39.91192146860295,8.0,0.7309875726850357,133.06480948047113,112.0,18.0,0,central/central/edge
S0,35,4,0.2,5,MQTT,0.4,0.4,67.77542088851669,2.0,1.241308074881258,114.49856060168729,112.0,0.6,1,central/central/edge
S0,36,4,0.2,1,BE-DL,4.0,4.0,42.3707287870586,20.0,0.7760206737556521,116.5805689885054,112.0,2.0,0,central/central/edge
S0,36,4,0.2,2,YOLO,3.0,3.0,29.23109961430673,15.0,0.5353681248041525,117.10963208833098,112.0,3.6,1,central/central/edge
S0,36,4,0.2,3,VIDEO,6.4,6.4,25.45130279977991,32.0,0.46614107691904594,115.6699674871218,112.0,1.6,1,central/central/edge
S0,36,4,0.2,4,CPU-OFF,1.6,1.6,81.6502373205562,8.0,1.4954255919515786,130.03581165754835,112.0,18.0,0,central/central/edge
S0,36,4,0.2,5,MQTT,0.4,0.4,68.65092314139183,2.0,1.257342914677506,112.9795726305445,112.0,0.6,1,central/central/edge
S0,37,4,0.2,1,BE-DL,4.0,4.0,94.92781975846826,20.0,1.7386047574811037,116.64582091324942,112.0,2.0,0,central/central/edge
S0,37,4,0.2,2,YOLO,3.0,3.0,77.75603587120858,15.0,1.4241032210844062,116.19755421805888,112.0,3.6,1,central/central/edge
S0,37,4,0.2,3,VIDEO,6.4,6.4,40.588290174888506,32.0,0.7433752779283609,114.00636657633568,112.0,1.6,1,central/central/edge
S0,37,4,0.2,4,CPU-OFF,1.6,1.6,88.56467712252984,8.0,1.6220636835628175,132.44112376658023,112.0,18.0,0,central/central/edge
S0,37,4,0.2,5,MQTT,0.4,0.4,73.48878659331523,2.0,1.3459484724050408,115.70811241995438,112.0,0.6,1,central/central/edge
S0,38,4,0.2,1,BE-DL,4.0,4.0,82.98942085851043,20.0,1.5199527629763814,115.82732237306772,112.0,2.0,0,central/central/edge
S0,38,4,0.2,2,YOLO,3.0,3.0,71.55269904303742,15.0,1.3104889934622237,118.31064070541417,112.0,3.6,1,central/central/edge
S0,38,4,0.2,3,VIDEO,6.4,6.4,76.83498893569606,32.0,1.407234229591503,115.06012102035831,112.0,1.6,1,central/central/edge
S0,38,4,0.2,4,CPU-OFF,1.6,1.6,92.39719938152366,8.0,1.6922563989290047,131.23639481215807,112.0,18.0,0,central/central/edge
S0,38,4,0.2,5,MQTT,0.4,0.4,70.02226406684152,2.0,1.2824590488432512,115.78787732258088,112.0,0.6,1,central/central/edge
S0,39,4,0.2,1,BE-DL,4.0,4.0,76.17312145934153,20.0,1.3951121146399548,115.73957915495146,112.0,2.0,0,central/central/edge
S0,39,4,0.2,2,YOLO,3.0,3.0,37.889155648934086,15.0,0.6939405796508074,115.99274523423911,112.0,3.6,1,central/central/edge
S0,39,4,0.2,3,VIDEO,6.4,6.4,60.650321296954665,32.0,1.11081174536547,114.04406627267295,112.0,1.6,1,central/central/edge
S0,39,4,0.2,4,CPU-OFF,1.6,1.6,53.324377673437716,8.0,0.9766369537259655,131.7854290521445,112.0,18.0,0,central/central/edge
S0,39,4,0.2,5,MQTT,0.4,0.4,123.51572488263636,2.0,2.2621927634182484,115.0768726426513,112.0,0.6,1,central/central/edge
S0,40,5,0.2,1,BE-DL,4.0,4.0,72.08098426406565,20.0,1.3201645469609093,115.86674749177389,112.0,2.0,0,central/central/edge
S0,40,5,0.2,2,YOLO,3.0,3.0,21.287726222096687,15.0,0.38988509564279644,116.26348447155272,112.0,3.6,1,central/central/edge
S0,40,5,0.2,3,VIDEO,6.4,6.4,21.136856123945673,32.0,0.387121907031972,114.72041988631138,112.0,1.6,1,central/central/edge
S0,40,5,0.2,4,CPU-OFF,1.6,1.6,78.68707889635125,8.0,1.4411552911419643,131.9825719801348,112.0,18.0,0,central/central/edge
S0,40,5,0.2,5,MQTT,0.4,0.4,142.56515451095248,2.0,2.611083415951511,113.97141540308779,112.0,0.6,1,central/central/edge
S0,41,5,0.2,1,BE-DL,4.0,4.0,27.572563342646543,20.0,0.504992002612574,114.64055395191234,112.0,2.0,0,central/central/edge
S0,41,5,0.2,2,YOLO,3.0,3.0,27.31677341531162,15.0,0.5003072054086377,118.54663454313173,112.0,3.6,1,central/central/edge
S0,41,5,0.2,3,VIDEO,6.4,6.4,22.298558732385608,32.0,0.40839851158215396,115.39158499577853,112.0,1.6,1,central/central/edge
S0,41,5,0.2,4,CPU-OFF,1.6,1.6,56.458688403997975,8.0,1.034041912161135,133.09791197108802,112.0,18.0,0,central/central/edge
S0,41,5,0.2,5,MQTT,0.4,0.4,50.37169362926388,2.0,0.9225584913784594,115.60055350310309,112.0,0.6,1,central/central/edge
S0,42,5,0.2,1,BE-DL,4.0,4.0,40.148507763846744,20.0,0.7353206550155081,114.34130302372374,112.0,2.0,0,central/central/edge
S0,42,5,0.2,2,YOLO,3.0,3.0,14.29434918691484,15.0,0.26180126715961244,115.89874656604269,112.0,3.6,1,central/central/edge
S0,42,5,0.2,3,VIDEO,6.4,6.4,13.318147672934511,32.0,0.24392211855191412,116.54520295441289,112.0,1.6,1,central/central/edge
S0,42,5,0.2,4,CPU-OFF,1.6,1.6,86.25988494618001,8.0,1.5798513726406593,132.89349767055586,112.0,18.0,0,central/central/edge
S0,42,5,0.2,5,MQTT,0.4,0.4,121.84060439608486,2.0,2.231512901027195,113.94151277075096,112.0,0.6,1,central/central/edge
S0,43,5,0.2,1,BE-DL,4.0,4.0,71.89900200944592,20.0,1.3168315386345406,116.61678731915804,112.0,2.0,0,central/central/edge
S0,43,5,0.2,2,YOLO,3.0,3.0,37.134483298378974,15.0,0.6801187417285527,116.70314786196548,112.0,3.6,1,central/central/edge
S0,43,5,0.2,3,VIDEO,6.4,6.4,33.6897263650284,32.0,0.6170279554034505,115.25912677790821,112.0,1.6,1,central/central/edge
S0,43,5,0.2,4,CPU-OFF,1.6,1.6,119.45550998099826,8.0,2.187829853131836,133.12534715749595,112.0,18.0,0,central/central/edge
S0,43,5,0.2,5,MQTT,0.4,0.4,86.93157825510619,2.0,1.5921534478957178,115.45825424685175,112.0,0.6,1,central/central/edge
S0,44,5,0.2,1,BE-DL,4.0,4.0,76.50019765848893,20.0,1.401102521217746,116.3883298069554,112.0,2.0,0,central/central/edge
S0,44,5,0.2,2,YOLO,3.0,3.0,21.231690907633205,15.0,0.38885880783210997,118.09028692784655,112.0,3.6,1,central/central/edge
S0,44,5,0.2,3,VIDEO,6.4,6.4,38.00926183904743,32.0,0.6961403267224805,115.00589739123753,112.0,1.6,1,central/central/edge
S0,44,5,0.2,4,CPU-OFF,1.6,1.6,131.93912178189947,8.0,2.416467431902921,132.89482832454675,112.0,18.0,0,central/central/edge
S0,44,5,0.2,5,MQTT,0.4,0.4,60.57365627582111,2.0,1.1094076240992876,114.22873100976503,112.0,0.6,1,central/central/edge
S0,45,5,0.2,1,BE-DL,4.0,4.0,78.59484286065526,20.0,1.4394659864588877,117.15092896003502,112.0,2.0,0,central/central/edge
S0,45,5,0.2,2,YOLO,3.0,3.0,37.928648281359585,15.0,0.6946638879369887,118.77923711369013,112.0,3.6,1,central/central/edge
S0,45,5,0.2,3,VIDEO,6.4,6.4,40.60426204816299,32.0,0.7436678030799082,114.11466291079608,112.0,1.6,1,central/central/edge
S0,45,5,0.2,4,CPU-OFF,1.6,1.6,125.18711768647727,8.0,2.2928043532321842,132.26916935386777,112.0,18.0,0,central/central/edge
S0,45,5,0.2,5,MQTT,0.4,0.4,99.44497459060092,2.0,1.8213365309633869,115.19390089028951,112.0,0.6,1,central/central/edge
S0,46,5,0.2,1,BE-DL,4.0,4.0,125.62208439866012,20.0,2.3007707765322367,114.5627527658484,112.0,2.0,0,central/central/edge
S0,46,5,0.2,2,YOLO,3.0,3.0,99.69507340136838,15.0,1.825917095263157,118.34097015247002,112.0,3.6,1,central/central/edge
S0,46,5,0.2,3,VIDEO,6.4,6.4,115.43054445275018,32.0,2.1141125357646553,114.12361951807652,112.0,1.6,1,central/central/edge
S0,46,5,0.2,4,CPU-OFF,1.6,1.6,73.4088074805343,8.0,1.3444836534896392,132.54868939955765,112.0,18.0,0,central/central/edge
S0,46,5,0.2,5,MQTT,0.4,0.4,61.81191038177911,2.0,1.132086270728555,112.86973970770397,112.0,0.6,1,central/central/edge
S0,47,5,0.2,1,BE-DL,4.0,4.0,72.06216731570184,20.0,1.3198199142069933,116.31130435022888,112.0,2.0,0,central/central/edge
S0,47,5,0.2,2,YOLO,3.0,3.0,108.51722746454732,15.0,1.9874950085081926,116.62520556578298,112.0,3.6,1,central/central/edge
S0,47,5,0.2,3,VIDEO,6.4,6.4,74.74942733387323,32.0,1.3690371306570188,115.23695029499895,112.0,1.6,1,central/central/edge
S0,47,5,0.2,4,CPU-OFF,1.6,1.6,63.3913565853794,8.0,1.1610138568750805,131.00257051996667,112.0,18.0,0,central/central/edge
S0,47,5,0.2,5,MQTT,0.4,0.4,26.26945579688229,2.0,0.4811255640454632,114.40521051424926,112.0,0.6,1,central/central/edge
S0,48,6,0.2,1,BE-DL,4.0,4.0,105.58507389049366,20.0,1.9337925620969534,116.73880378201764,112.0,2.0,0,central/central/edge
S0,48,6,0.2,2,YOLO,3.0,3.0,99.35773646263873,15.0,1.8197387630519912,118.89757971080772,112.0,3.6,1,central/central/edge
S0,48,6,0.2,3,VIDEO,6.4,6.4,50.209124322216766,32.0,0.9195810315424316,114.93243334002304,112.0,1.6,1,central/central/edge
S0,48,6,0.2,4,CPU-OFF,1.6,1.6,35.856069767161046,8.0,0.656704574490129,133.05595941714557,112.0,18.0,0,central/central/edge
S0,48,6,0.2,5,MQTT,0.4,0.4,39.6043726342976,2.0,0.7253548101519707,112.9278992254101,112.0,0.6,1,central/central/edge
S0,49,6,0.2,1,BE-DL,4.0,4.0,118.97639196918408,20.0,2.1790547979704042,115.30847200543722,112.0,2.0,0,central/central/edge
S0,49,6,0.2,2,YOLO,3.0,3.0,60.68436907050038,15.0,1.1114353309615455,115.92726209171107,112.0,3.6,1,central/central/edge
S0,49,6,0.2,3,VIDEO,6.4,6.4,90.37864635587333,32.0,1.6552865632943834,116.52299606972645,112.0,1.6,1,central/central/edge
S0,49,6,0.2,4,CPU-OFF,1.6,1.6,47.33477533308015,8.0,0.8669372771626401,131.70076542449218,112.0,18.0,0,central/central/edge
S0,49,6,0.2,5,MQTT,0.4,0.4,37.93401886154186,2.0,0.6947622502113894,115.96840505290064,112.0,0.6,1,central/central/edge
S0,50,6,0.2,1,BE-DL,4.0,4.0,119.4578585872528,20.0,2.187872867898403,114.82701739292362,112.0,2.0,0,central/central/edge
S0,50,6,0.2,2,YOLO,3.0,3.0,43.11789966520746,15.0,0.7897051220733967,117.89993104305155,112.0,3.6,1,central/central/edge
S0,50,6,0.2,3,VIDEO,6.4,6.4,38.39970511540012,32.0,0.7032913024798556,113.70565964240821,112.0,1.6,1,central/central/edge
S0,50,6,0.2,4,CPU-OFF,1.6,1.6,72.11671327430328,8.0,1.320818924437789,131.83914403689607,112.0,18.0,0,central/central/edge
S0,50,6,0.2,5,MQTT,0.4,0.4,42.60169312992482,2.0,0.780250789925363,114.25761815823148,112.0,0.6,1,central/central/edge
S0,51,6,0.2,1,BE-DL,4.0,4.0,63.15636932410622,20.0,1.1567100608810663,115.06721713930519,112.0,2.0,0,central/central/edge
S0,51,6,0.2,2,YOLO,3.0,3.0,33.3171673023281,15.0,0.6102045293466685,116.47026869707628,112.0,3.6,1,central/central/edge
S0,51,6,0.2,3,VIDEO,6.4,6.4,25.45130279977991,32.0,0.46614107691904594,116.85602812119576,112.0,1.6,1,central/central/edge
S0,51,6,0.2,4,CPU-OFF,1.6,1.6,35.33228451325886,8.0,0.6471114379717741,132.09403895746675,112.0,18.0,0,central/central/edge
S0,51,6,0.2,5,MQTT,0.4,0.4,63.80058618031522,2.0,1.1685089044013777,113.13955126029964,112.0,0.6,1,central/central/edge
S0,52,6,0.2,1,BE-DL,4.0,4.0,68.00283815424818,20.0,1.2454732262682817,115.32977226962593,112.0,2.0,0,central/central/edge
S0,52,6,0.2,2,YOLO,3.0,3.0,66.72881623856446,15.0,1.2221394915487998,117.83491048585337,112.0,3.6,1,central/central/edge
S0,52,6,0.2,3,VIDEO,6.4,6.4,26.032489560445743,32.0,0.47678552308508687,115.98677963150762,112.0,1.6,1,central/central/edge
S0,52,6,0.2,4,CPU-OFF,1.6,1.6,53.40923276854859,8.0,0.9781910763470437,130.99236993212037,112.0,18.0,0,central/central/edge
S0,52,6,0.2,5,MQTT,0.4,0.4,62.31505295924389,2.0,1.141301336249888,115.5087019066464,112.0,0.6,1,central/central/edge
S0,53,6,0.2,1,BE-DL,4.0,4.0,59.45060330591474,20.0,1.0888388883867168,114.76302075516193,112.0,2.0,0,central/central/edge
S0,53,6,0.2,2,YOLO,3.0,3.0,53.80107523465026,15.0,0.9853676782902978,116.48886891031462,112.0,3.6,1,central/central/edge
S0,53,6,0.2,3,VIDEO,6.4,6.4,64.80059307829788,32.0,1.1868240490530746,114.98381968332687,112.0,1.6,1,central/central/edge
S0,53,6,0.2,4,CPU-OFF,1.6,1.6,87.30752314440592,8.0,1.59903888542868,130.118554443636,112.0,18.0,0,central/central/edge
S0,53,6,0.2,5,MQTT,0.4,0.4,101.41155485542575,2.0,1.857354484531607,112.79155900155253,112.0,0.6,1,central/central/edge
S0,54,6,0.2,1,BE-DL,4.0,4.0,43.76492069300351,20.0,0.8015553240476834,114.26189254893977,112.0,2.0,0,central/central/edge
S0,54,6,0.2,2,YOLO,3.0,3.0,60.27820216875875,15.0,1.1039963767171932,118.19045937487024,112.0,3.6,1,central/central/edge
S0,54,6,0.2,3,VIDEO,6.4,6.4,46.81779187835097,32.0,0.8574687157207137,114.34962590542187,112.0,1.6,1,central/central/edge
S0,54,6,0.2,4,CPU-OFF,1.6,1.6,64.97508203906277,8.0,1.190019817565252,133.04343044452423,112.0,18.0,0,central/central/edge
S0,54,6,0.2,5,MQTT,0.4,0.4,116.71189257977927,2.0,2.1375804501791076,115.77286284860124,112.0,0.6,1,central/central/edge
S0,55,6,0.2,1,BE-DL,4.0,4.0,61.35137210262078,20.0,1.1236515037110033,114.08976763994787,112.0,2.0,0,central/central/edge
S0,55,6,0.2,2,YOLO,3.0,3.0,50.899829647265136,15.0,0.9322313122209731,118.26389610494641,112.0,3.6,1,central/central/edge
S0,55,6,0.2,3,VIDEO,6.4,6.4,91.48910938742033,32.0,1.6756247140553173,115.56986149838923,112.0,1.6,1,central/central/edge
S0,55,6,0.2,4,CPU-OFF,1.6,1.6,85.1613322232663,8.0,1.5597313594004816,130.28801937293335,112.0,18.0,0,central/central/edge
S0,55,6,0.2,5,MQTT,0.4,0.4,85.97440615545993,2.0,1.5746228233600719,114.59758015415933,112.0,0.6,1,central/central/edge
S0,56,7,0.2,1,BE-DL,4.0,4.0,54.55216833383836,20.0,0.9991239621582118,116.80930518836307,112.0,2.0,0,central/central/edge
S0,56,7,0.2,2,YOLO,3.0,3.0,34.63004263391472,15.0,0.6342498650900131,116.61712067718885,112.0,3.6,1,central/central/edge
S0,56,7,0.2,3,VIDEO,6.4,6.4,49.36606569826386,32.0,0.9041403974041,114.41215930641994,112.0,1.6,1,central/central/edge
S0,56,7,0.2,4,CPU-OFF,1.6,1.6,91.07958223663829,8.0,1.668124216788247,131.1588278824971,112.0,18.0,0,central/central/edge
S0,56,7,0.2,5,MQTT,0.4,0.4,134.86614745899683,2.0,2.470075960787488,112.80718126348637,112.0,0.6,1,central/central/edge
S0,57,7,0.2,1,BE-DL,4.0,4.0,70.85030781855308,20.0,1.2976246853214848,116.10747659563458,112.0,2.0,0,central/central/edge
S0,57,7,0.2,2,YOLO,3.0,3.0,39.89719310873589,15.0,0.7307178225043204,115.86105598477687,112.0,3.6,1,central/central/edge
S0,57,7,0.2,3,VIDEO,6.4,6.4,133.99979609480957,32.0,2.4542087196851567,113.89269678010072,112.0,1.6,1,central/central/edge
S0,57,7,0.2,4,CPU-OFF,1.6,1.6,64.96788802908493,8.0,1.1898880591407497,133.26228843002383,112.0,18.0,0,central/central/edge
S0,57,7,0.2,5,MQTT,0.4,0.4,135.26372182955183,2.0,2.4773575426657843,113.03749845530045,112.0,0.6,1,central/central/edge
S0,58,7,0.2,1,BE-DL,4.0,4.0,56.659539627009075,20.0,1.0377205059891772,115.44043963979877,112.0,2.0,0,central/central/edge
S0,58,7,0.2,2,YOLO,3.0,3.0,57.389656006585724,15.0,1.0510926008532184,117.0350820080802,112.0,3.6,1,central/central/edge
S0,58,7,0.2,3,VIDEO,6.4,6.4,141.36304144198337,32.0,2.5890666930766186,116.05023119589121,112.0,1.6,1,central/central/edge
S0,58,7,0.2,4,CPU-OFF,1.6,1.6,126.41928410545103,8.0,2.3153715037628393,131.6531629051174,112.0,18.0,0,central/central/edge
S0,58,7,0.2,5,MQTT,0.4,0.4,43.93824335720038,2.0,0.8047297318168567,115.44271755294186,112.0,0.6,1,central/central/edge
S0,59,7,0.2,1,BE-DL,4.0,4.0,64.86858865778306,20.0,1.188069389336686,114.68101910665528,112.0,2.0,0,central/central/edge
S0,59,7,0.2,2,YOLO,3.0,3.0,55.4324935026877,15.0,1.0152471337488589,118.24254638171318,112.0,3.6,1,central/central/edge
S0,59,7,0.2,3,VIDEO,6.4,6.4,100.31130491085382,32.0,1.8372033866456743,114.36827797029952,112.0,1.6,1,central/central/edge
S0,59,7,0.2,4,CPU-OFF,1.6,1.6,118.84592649056587,8.0,2.1766653203400343,132.13117733806808,112.0,18.0,0,central/central/edge
S0,59,7,0.2,5,MQTT,0.4,0.4,60.573656275821044,2.0,1.1094076240992865,114.70491462695104,112.0,0.6,1,central/central/edge
S0,60,7,0.2,1,BE-DL,4.0,4.0,78.59484286065519,20.0,1.4394659864588863,116.31543570026935,112.0,2.0,0,central/central/edge
S0,60,7,0.2,2,YOLO,3.0,3.0,149.6038192394418,15.0,2.7399966893670658,116.75814819749186,112.0,3.6,1,central/central/edge
S0,60,7,0.2,3,VIDEO,6.4,6.4,76.4625713893979,32.0,1.4004133954102178,114.05004005153515,112.0,1.6,1,central/central/edge
S0,60,7,0.2,4,CPU-OFF,1.6,1.6,48.253943544605846,8.0,0.8837718597913159,133.1337901103305,112.0,18.0,0,central/central/edge
S0,60,7,0.2,5,MQTT,0.4,0.4,94.74393942813629,2.0,1.7352369858633019,115.16016737897331,112.0,0.6,1,central/central/edge
S0,61,7,0.2,1,BE-DL,4.0,4.0,70.26319974840312,20.0,1.2868717902637934,116.94844300311206,112.0,2.0,0,central/central/edge
S0,61,7,0.2,2,YOLO,3.0,3.0,106.73874706559549,15.0,1.9549221074284888,117.59486682683348,112.0,3.6,1,central/central/edge
S0,61,7,0.2,3,VIDEO,6.4,6.4,64.56284689730094,32.0,1.1824697233937902,116.8535251878062,112.0,1.6,1,central/central/edge
S0,61,7,0.2,4,CPU-OFF,1.6,1.6,104.52775847771731,8.0,1.9144278109472035,131.81013537992612,112.0,18.0,0,central/central/edge
S0,61,7,0.2,5,MQTT,0.4,0.4,33.25920050999283,2.0,0.6091428664833851,113.4080742672166,112.0,0.6,1,central/central/edge
S0,62,7,0.2,1,BE-DL,4.0,4.0,135.9354519818921,20.0,2.4896602927086464,114.0150506676267,112.0,2.0,0,central/central/edge
S0,62,7,0.2,2,YOLO,3.0,3.0,61.49309556324351,15.0,1.1262471714879763,116.9837313201616,112.0,3.6,1,central/central/edge
S0,62,7,0.2,3,VIDEO,6.4,6.4,69.06672233188287,32.0,1.2649582844667193,115.0133995790222,112.0,1.6,1,central/central/edge
S0,62,7,0.2,4,CPU-OFF,1.6,1.6,58.9126194353255,8.0,1.0789857039436905,132.3485395864093,112.0,18.0,0,central/central/edge
S0,62,7,0.2,5,MQTT,0.4,0.4,37.28567919557489,2.0,0.6828878973548514,113.28236673827254,112.0,0.6,1,central/central/edge
S0,63,7,0.2,1,BE-DL,4.0,4.0,119.52015978467051,20.0,2.189013915470156,116.8938279329312,112.0,2.0,0,central/central/edge
S0,63,7,0.2,2,YOLO,3.0,3.0,105.50845348175447,15.0,1.932389257907591,118.49667918126443,112.0,3.6,1,central/central/edge
S0,63,7,0.2,3,VIDEO,6.4,6.4,99.65750433652119,32.0,1.8252290171524026,116.69708033985076,112.0,1.6,1,central/central/edge
S0,63,7,0.2,4,CPU-OFF,1.6,1.6,78.94361578988399,8.0,1.4458537690454945,130.9059017718653,112.0,18.0,0,central/central/edge
S0,63,7,0.2,5,MQTT,0.4,0.4,39.6043726342976,2.0,0.7253548101519707,115.53953020992786,112.0,0.6,1,central/central/edge
S0,64,8,1.0,1,BE-DL,20.0,20.0,53.43854893531149,20.0,0.9787280024782323,115.69445818708026,112.0,2.0,0,central/central/edge
S0,64,8,1.0,2,YOLO,15.0,15.0,15.46823641962548,15.0,0.283301033326474,130.26318049206265,112.0,18.0,1,central/central/edge
S0,64,8,1.0,3,VIDEO,32.0,12.146890070229379,12.146890070229379,32.0,0.22247051410676516,123.34894758152676,112.0,8.0,1,central/central/edge
S0,64,8,1.0,4,CPU-OFF,8.0,8.0,43.73622516155944,8.0,0.8010297648637259,202.04548814074715,112.0,90.0,0,central/central/edge
S0,64,8,1.0,5,MQTT,2.0,2.0,30.46216666154119,2.0,0.5579151403212672,116.73808650517708,112.0,3.0,1,central/central/edge
S0,65,8,1.0,1,BE-DL,20.0,20.0,54.257576991920224,20.0,0.9937285163355352,116.08985639912483,112.0,2.0,0,central/central/edge
S0,65,8,1.0,2,YOLO,15.0,15.0,21.30531512869078,15.0,0.3902072367892084,131.85878885476652,112.0,18.0,1,central/central/edge
S0,65,8,1.0,3,VIDEO,32.0,20.282026065497707,20.282026065497707,32.0,0.3714656788552693,122.65137797587194,112.0,8.0,1,central/central/edge
S0,65,8,1.0,4,CPU-OFF,8.0,8.0,25.598680666069477,8.0,0.4688403052393677,204.4450815960761,112.0,90.0,0,central/central/edge
S0,65,8,1.0,5,MQTT,2.0,2.0,34.21045054372747,2.0,0.6265650282733968,117.88754713731952,112.0,3.0,1,central/central/edge
S0,66,8,1.0,1,BE-DL,20.0,20.0,42.37072878705861,20.0,0.7760206737556522,114.37599923595485,112.0,2.0,0,central/central/edge
S0,66,8,1.0,2,YOLO,15.0,15.0,20.769796371111717,15.0,0.380399200936112,130.57336227541512,112.0,18.0,1,central/central/edge
S0,66,8,1.0,3,VIDEO,32.0,16.091791447602784,16.091791447602784,32.0,0.29472145508430003,123.04922651070943,112.0,8.0,1,central/central/edge
S0,66,8,1.0,4,CPU-OFF,8.0,8.0,58.491260916907514,8.0,1.071268514961676,202.93275219076332,112.0,90.0,0,central/central/edge
S0,66,8,1.0,5,MQTT,2.0,2.0,49.249575297085435,2.0,0.9020068735729933,118.12910734443925,112.0,3.0,1,central/central/edge
S0,67,8,1.0,1,BE-DL,20.0,20.0,54.54034735213821,20.0,0.998907460661872,115.01499119079271,112.0,2.0,0,central/central/edge
S0,67,8,1.0,2,YOLO,15.0,15.0,21.77169004393842,15.0,0.39874890190363405,131.34627701359514,112.0,18.0,1,central/central/edge
S0,67,8,1.0,3,VIDEO,32.0,11.364721248968776,11.364721248968776,32.0,0.20814507781994093,120.36288037636446,112.0,8.0,1,central/central/edge
S0,67,8,1.0,4,CPU-OFF,8.0,8.0,49.01480222430085,8.0,0.8977070004450706,203.50416452554924,112.0,90.0,0,central/central/edge
S0,67,8,1.0,5,MQTT,2.0,2.0,39.96758569110121,2.0,0.7320070639395826,117.79280017750602,112.0,3.0,1,central/central/edge
S0,68,8,1.0,1,BE-DL,20.0,20.0,39.83492201208501,20.0,0.7295773262286631,114.75361834501996,112.0,2.0,0,central/central/edge
S0,68,8,1.0,2,YOLO,15.0,13.076119199162719,13.076119199162719,15.0,0.2394893626220278,131.90370130200114,112.0,18.0,1,central/central/edge
S0,68,8,1.0,3,VIDEO,32.0,12.528114661804258,12.528114661804258,32.0,0.22945264948359445,123.45714700014946,112.0,8.0,1,central/central/edge
S0,68,8,1.0,4,CPU-OFF,8.0,8.0,72.03849443305242,8.0,1.3193863449277,203.7350355172388,112.0,90.0,0,central/central/edge
S0,68,8,1.0,5,MQTT,2.0,2.0,51.18868959369109,2.0,0.9375217874302396,117.06996757330577,112.0,3.0,1,central/central/edge
S0,69,8,1.0,1,BE-DL,20.0,20.0,76.17312145934154,20.0,1.395112114639955,116.50647433510451,112.0,2.0,0,central/central/edge
S0,69,8,1.0,2,YOLO,15.0,15.0,21.057185290953058,15.0,0.3856627342665395,133.1922577224612,112.0,18.0,1,central/central/edge
S0,69,8,1.0,3,VIDEO,32.0,19.564162121286664,19.564162121286664,32.0,0.3583179875693528,123.24301734002628,112.0,8.0,1,central/central/edge
S0,69,8,1.0,4,CPU-OFF,8.0,8.0,88.27649077031285,8.0,1.616785545243825,204.05334062681501,112.0,90.0,0,central/central/edge
S0,69,8,1.0,5,MQTT,2.0,2.0,55.47740185406546,2.0,1.01606963102684,116.23378950459959,112.0,3.0,1,central/central/edge
S0,70,8,1.0,1,BE-DL,20.0,20.0,75.65752165121394,20.0,1.385668894710878,114.99034294172309,112.0,2.0,0,central/central/edge
S0,70,8,1.0,2,YOLO,15.0,15.0,71.83963298316526,15.0,1.3157441938308656,133.2749029454429,112.0,18.0,1,central/central/edge
S0,70,8,1.0,3,VIDEO,32.0,32.0,70.15532603250598,32.0,1.2848960811814283,122.55601181981051,112.0,8.0,1,central/central/edge
S0,70,8,1.0,4,CPU-OFF,8.0,8.0,136.95535883858605,8.0,2.508339905468609,205.0514299115047,112.0,90.0,0,central/central/edge
S0,70,8,1.0,5,MQTT,2.0,2.0,85.97440615545989,2.0,1.5746228233600712,115.58618352858551,112.0,3.0,1,central/central/edge
S0,71,8,1.0,1,BE-DL,20.0,20.0,81.53177332503016,20.0,1.493255921703849,114.58281082331223,112.0,2.0,0,central/central/edge
S0,71,8,1.0,2,YOLO,15.0,15.0,83.03762911142991,15.0,1.5208356980115367,131.89042284267748,112.0,18.0,1,central/central/edge
S0,71,8,1.0,3,VIDEO,32.0,32.0,128.07234025492983,32.0,2.345647257416297,120.39036696142182,112.0,8.0,1,central/central/edge
S0,71,8,1.0,4,CPU-OFF,8.0,8.0,63.38286717052605,8.0,1.1608583730865576,204.53605729426218,112.0,90.0,0,central/central/edge
S0,71,8,1.0,5,MQTT,2.0,2.0,127.82494297318578,2.0,2.3411161716700692,117.08313223780891,112.0,3.0,1,central/central/edge
S0,72,9,1.0,1,BE-DL,20.0,20.0,57.69239350939322,20.0,1.0566372437617806,114.32100374181705,112.0,2.0,0,central/central/edge
S0,72,9,1.0,2,YOLO,15.0,15.0,84.51340905828998,15.0,1.5478646347672158,132.66748680143021,112.0,18.0,1,central/central/edge
S0,72,9,1.0,3,VIDEO,32.0,32.0,74.16019249521904,32.0,1.3582452837952204,121.89512983733768,112.0,8.0,1,central/central/edge
S0,72,9,1.0,4,CPU-OFF,8.0,8.0,135.9412110860685,8.0,2.4897657708071153,202.66073226382642,112.0,90.0,0,central/central/edge
S0,72,9,1.0,5,MQTT,2.0,2.0,54.72501722874998,2.0,1.0022896928342486,116.21512747661632,112.0,3.0,1,central/central/edge
S0,73,9,1.0,1,BE-DL,20.0,20.0,92.21828518602845,20.0,1.6889795821616933,117.08666003940895,112.0,2.0,0,central/central/edge
S0,73,9,1.0,2,YOLO,15.0,15.0,132.62315463706776,15.0,2.428995506173402,130.35735757139707,112.0,18.0,1,central/central/edge
S0,73,9,1.0,3,VIDEO,32.0,32.0,99.27786116536231,32.0,1.818275845519456,121.54754059578178,112.0,8.0,1,central/central/edge
S0,73,9,1.0,4,CPU-OFF,8.0,8.0,91.600413483187,8.0,1.6776632506078204,204.95235217780035,112.0,90.0,0,central/central/edge
S0,73,9,1.0,5,MQTT,2.0,2.0,117.64110318218165,2.0,2.1545989593806163,117.1082730545313,112.0,3.0,1,central/central/edge
S0,74,9,1.0,1,BE-DL,20.0,20.0,123.02663366131269,20.0,2.2532350487419905,115.7599839974633,112.0,2.0,0,central/central/edge
S0,74,9,1.0,2,YOLO,15.0,15.0,130.21406492612493,15.0,2.384872983994962,131.80304194268845,112.0,18.0,1,central/central/edge
S0,74,9,1.0,3,VIDEO,32.0,32.0,79.04966963083588,32.0,1.4477961470849061,123.1292727067461,112.0,8.0,1,central/central/edge
S0,74,9,1.0,4,CPU-OFF,8.0,8.0,99.20613355356556,8.0,1.8169621529957063,203.24513295842112,112.0,90.0,0,central/central/edge
S0,74,9,1.0,5,MQTT,2.0,2.0,66.00439787296355,2.0,1.2088717559150834,115.82246366983627,112.0,3.0,1,central/central/edge
S0,75,9,1.0,1,BE-DL,20.0,20.0,65.66151428864875,20.0,1.2025918367884385,115.69522730365992,112.0,2.0,0,central/central/edge
S0,75,9,1.0,2,YOLO,15.0,15.0,100.09855541839016,15.0,1.8333068757946915,133.41805269691898,112.0,18.0,1,central/central/edge
S0,75,9,1.0,3,VIDEO,32.0,32.0,124.44942653722684,32.0,2.279293526322836,122.36125888653154,112.0,8.0,1,central/central/edge
S0,75,9,1.0,4,CPU-OFF,8.0,8.0,113.3512447415741,8.0,2.0760301234720533,204.35147134288684,112.0,90.0,0,central/central/edge
S0,75,9,1.0,5,MQTT,2.0,2.0,61.83669329088277,2.0,1.132540170162688,118.26860914992464,112.0,3.0,1,central/central/edge
S0,76,9,1.0,1,BE-DL,20.0,20.0,56.42347858583886,20.0,1.0333970436966824,116.05595216698055,112.0,2.0,0,central/central/edge
S0,76,9,1.0,2,YOLO,15.0,15.0,120.82609439404972,15.0,2.2129321317591524,130.9947924928606,112.0,18.0,1,central/central/edge
S0,76,9,1.0,3,VIDEO,32.0,32.0,77.27977128616327,32.0,1.4153804264865066,120.80778629294923,112.0,8.0,1,central/central/edge
S0,76,9,1.0,4,CPU-OFF,8.0,8.0,109.71425031058116,8.0,2.0094185038567978,203.86025827656556,112.0,90.0,0,central/central/edge
S0,76,9,1.0,5,MQTT,2.0,2.0,74.0487860411162,2.0,1.3562048725479157,115.20669711642401,112.0,3.0,1,central/central/edge
S0,77,9,1.0,1,BE-DL,20.0,20.0,114.644357093162,20.0,2.099713499874762,116.37653935780803,112.0,2.0,0,central/central/edge
S0,77,9,1.0,2,YOLO,15.0,15.0,142.10589310833586,15.0,2.6026720349512065,130.09920098767026,112.0,18.0,1,central/central/edge
S0,77,9,1.0,3,VIDEO,32.0,32.0,52.01860732591178,32.0,0.9527217458958201,120.57107819268549,112.0,8.0,1,central/central/edge
S0,77,9,1.0,4,CPU-OFF,8.0,8.0,67.87009373543354,8.0,1.2430420098064752,204.1623852104931,112.0,90.0,0,central/central/edge
S0,77,9,1.0,5,MQTT,2.0,2.0,62.99020045919092,2.0,1.1536666750767568,116.4267895314065,112.0,3.0,1,central/central/edge
S0,78,9,1.0,1,BE-DL,20.0,20.0,49.84473031378633,20.0,0.9129071486041452,114.90627308626398,112.0,2.0,0,central/central/edge
S0,78,9,1.0,2,YOLO,15.0,15.0,93.207019443523,15.0,1.707088268196392,131.31041491429968,112.0,18.0,1,central/central/edge
S0,78,9,1.0,3,VIDEO,32.0,32.0,99.65750433652119,32.0,1.8252290171524026,121.57279507764508,112.0,8.0,1,central/central/edge
S0,78,9,1.0,4,CPU-OFF,8.0,8.0,31.93902012873173,8.0,0.5849637386214602,204.07490239623115,112.0,90.0,0,central/central/edge
S0,78,9,1.0,5,MQTT,2.0,2.0,53.80732006176984,2.0,0.9854820524133671,118.43181523951087,112.0,3.0,1,central/central/edge
S0,79,9,1.0,1,BE-DL,20.0,20.0,125.53017627257115,20.0,2.299087477519618,114.50867818548534,112.0,2.0,0,central/central/edge
S0,79,9,1.0,2,YOLO,15.0,15.0,44.36236635498644,15.0,0.812497552289129,132.7115656703902,112.0,18.0,1,central/central/edge
S0,79,9,1.0,3,VIDEO,32.0,32.0,43.38175025081911,32.0,0.7945375503813024,121.33859494835737,112.0,8.0,1,central/central/edge
S0,79,9,1.0,4,CPU-OFF,8.0,8.0,76.12317670524585,8.0,1.3941973755539534,205.24438347549616,112.0,90.0,0,central/central/edge
S0,79,9,1.0,5,MQTT,2.0,2.0,34.198092761541545,2.0,0.6263386952663287,115.23295766222773,112.0,3.0,1,central/central/edge
S0,80,10,1.0,1,BE-DL,20.0,20.0,107.603261933556,20.0,1.9707557130687912,115.42309625981558,112.0,2.0,0,central/central/edge
S0,80,10,1.0,2,YOLO,15.0,15.0,66.66969359998474,15.0,1.2210566593403798,132.84030557287588,112.0,18.0,1,central/central/edge
S0,80,10,1.0,3,VIDEO,32.0,32.0,34.61791597524707,32.0,0.6340277651144153,121.78186364383957,112.0,8.0,1,central/central/edge
S0,80,10,1.0,4,CPU-OFF,8.0,8.0,64.9600928730365,8.0,1.1897452907149542,205.17287793441395,112.0,90.0,0,central/central/edge
S0,80,10,1.0,5,MQTT,2.0,2.0,59.38417830231936,2.0,1.0876223132292924,115.83510970081537,112.0,3.0,1,central/central/edge
S0,81,10,1.0,1,BE-DL,20.0,20.0,73.54918959262996,20.0,1.347054754443772,117.17495797193101,112.0,2.0,0,central/central/edge
S0,81,10,1.0,2,YOLO,15.0,15.0,49.661438054413594,15.0,0.9095501475167325,130.3263946584834,112.0,18.0,1,central/central/edge
S0,81,10,1.0,3,VIDEO,32.0,32.0,53.91297474792088,32.0,0.9874171199252908,122.82002138850127,112.0,8.0,1,central/central/edge
S0,81,10,1.0,4,CPU-OFF,8.0,8.0,39.19211391386694,8.0,0.7178042841367571,204.3922140833999,112.0,90.0,0,central/central/edge
S0,81,10,1.0,5,MQTT,2.0,2.0,78.351597063545,2.0,1.4350109352297618,118.01213294821822,112.0,3.0,1,central/central/edge
S0,82,10,1.0,1,BE-DL,20.0,20.0,68.00283815424828,20.0,1.2454732262682835,114.99464566184109,112.0,2.0,0,central/central/edge
S0,82,10,1.0,2,YOLO,15.0,15.0,59.37733648346846,15.0,1.08749700519173,130.19396371312797,112.0,18.0,1,central/central/edge
S0,82,10,1.0,3,VIDEO,32.0,32.0,33.3103898676671,32.0,0.6100804005067234,122.62487776327107,112.0,8.0,1,central/central/edge
S0,82,10,1.0,4,CPU-OFF,8.0,8.0,57.80366331279604,8.0,1.0586751522490117,204.84330856040174,112.0,90.0,0,central/central/edge
S0,82,10,1.0,5,MQTT,2.0,2.0,95.83625386145764,2.0,1.7552427447153414,117.90037718769437,112.0,3.0,1,central/central/edge
S0,83,10,1.0,1,BE-DL,20.0,20.0,71.22001208221246,20.0,1.3043958256815469,116.49774922822114,112.0,2.0,0,central/central/edge
S0,83,10,1.0,2,YOLO,15.0,15.0,39.599776187940556,15.0,0.7252706261527574,131.00992232622323,112.0,18.0,1,central/central/edge
S0,83,10,1.0,3,VIDEO,32.0,32.0,52.76619722089981,32.0,0.9664138685146485,122.67938661560059,112.0,8.0,1,central/central/edge
S0,83,10,1.0,4,CPU-OFF,8.0,8.0,82.21784690728806,8.0,1.5058213719283529,205.37466821802457,112.0,90.0,0,central/central/edge
S0,83,10,1.0,5,MQTT,2.0,2.0,107.68941301314268,2.0,1.9723335716692798,116.2323649241041,112.0,3.0,1,central/central/edge
S0,84,10,1.0,1,BE-DL,20.0,20.0,58.16856547804261,20.0,1.0653583420886925,116.1290206225304,112.0,2.0,0,central/central/edge
S0,84,10,1.0,2,YOLO,15.0,15.0,41.620663402238186,15.0,0.7622832124952048,133.39516836794968,112.0,18.0,1,central/central/edge
S0,84,10,1.0,3,VIDEO,32.0,32.0,37.59610559928183,32.0,0.6885733626242093,123.22914863783906,112.0,8.0,1,central/central/edge
S0,84,10,1.0,4,CPU-OFF,8.0,8.0,88.27649077031275,8.0,1.6167855452438231,204.48751925916565,112.0,90.0,0,central/central/edge
S0,84,10,1.0,5,MQTT,2.0,2.0,137.12338948835048,2.0,2.511417389896529,117.47412850883721,112.0,3.0,1,central/central/edge
S0,85,10,1.0,1,BE-DL,20.0,20.0,72.0809842640657,20.0,1.3201645469609102,116.83551005392977,112.0,2.0,0,central/central/edge
S0,85,10,1.0,2,YOLO,15.0,15.0,63.463711648805244,15.0,1.1623390411869092,131.40159721029136,112.0,18.0,1,central/central/edge
S0,85,10,1.0,3,VIDEO,32.0,32.0,48.82154267759199,32.0,0.8941674483075457,120.7981984330274,112.0,8.0,1,central/central/edge
S0,85,10,1.0,4,CPU-OFF,8.0,8.0,85.16133222326623,8.0,1.5597313594004802,202.2209315008165,112.0,90.0,0,central/central/edge
S0,85,10,1.0,5,MQTT,2.0,2.0,85.97440615545992,2.0,1.5746228233600716,115.78066269012632,112.0,3.0,1,central/central/edge
S0,86,10,1.0,1,BE-DL,20.0,20.0,31.426792627102532,20.0,0.5755822825476654,116.76337343627775,112.0,2.0,0,central/central/edge
S0,86,10,1.0,2,YOLO,15.0,15.0,73.35611181592675,15.0,1.3435185314272298,130.4507838890989,112.0,18.0,1,central/central/edge
S0,86,10,1.0,3,VIDEO,32.0,32.0,67.52905213441754,32.0,1.236795826637684,122.8795771244379,112.0,8.0,1,central/central/edge
S0,86,10,1.0,4,CPU-OFF,8.0,8.0,139.54883360233455,8.0,2.5558394432662004,205.2463655574585,112.0,90.0,0,central/central/edge
S0,86,10,1.0,5,MQTT,2.0,2.0,120.7837384873747,2.0,2.2121563825526502,116.75896212381453,112.0,3.0,1,central/central/edge
S0,87,10,1.0,1,BE-DL,20.0,20.0,53.30642207300666,20.0,0.9763080965752134,114.79736745411905,112.0,2.0,0,central/central/edge
S0,87,10,1.0,2,YOLO,15.0,15.0,106.82151703306704,15.0,1.9564380408986637,133.22219582024346,112.0,18.0,1,central/central/edge
S0,87,10,1.0,3,VIDEO,32.0,32.0,87.45788218401694,32.0,1.6017927139929842,123.21125075370992,112.0,8.0,1,central/central/edge
S0,87,10,1.0,4,CPU-OFF,8.0,8.0,100.45454955757671,8.0,1.8398269149739324,205.3514100690527,112.0,90.0,0,central/central/edge
S0,87,10,1.0,5,MQTT,2.0,2.0,135.26372182955183,2.0,2.4773575426657843,118.11894544331521,112.0,3.0,1,central/central/edge
S0,88,11,1.0,1,BE-DL,20.0,20.0,87.13846439188283,20.0,1.5959425712799054,115.05611438380679,112.0,2.0,0,central/central/edge
S0,88,11,1.0,2,YOLO,15.0,15.0,24.846345188733547,15.0,0.4550612671929221,133.4672386049343,112.0,18.0,1,central/central/edge
S0,88,11,1.0,3,VIDEO,32.0,25.833826046725804,25.833826046725804,32.0,0.47314699719278025,120.08739869109023,112.0,8.0,1,central/central/edge
S0,88,11,1.0,4,CPU-OFF,8.0,8.0,119.45550998099833,8.0,2.1878298531318374,202.8803473958243,112.0,90.0,0,central/central/edge
S0,88,11,1.0,5,MQTT,2.0,2.0,99.21538822593652,2.0,1.81713165248968,118.25025885348948,112.0,3.0,1,central/central/edge
S0,89,11,1.0,1,BE-DL,20.0,20.0,82.31600215884212,20.0,1.5076190871582806,117.49924157139411,112.0,2.0,0,central/central/edge
S0,89,11,1.0,2,YOLO,15.0,15.0,28.845814543474102,15.0,0.5283116216753498,132.8442538519837,112.0,18.0,1,central/central/edge
S0,89,11,1.0,3,VIDEO,32.0,32.0,41.97810042465078,32.0,0.7688296781071572,122.71900495232603,112.0,8.0,1,central/central/edge
S0,89,11,1.0,4,CPU-OFF,8.0,8.0,73.01974297089852,8.0,1.3373579298699363,204.0014591304633,112.0,90.0,0,central/central/edge
S0,89,11,1.0,5,MQTT,2.0,2.0,60.57365627582099,2.0,1.1094076240992854,116.3799530911736,112.0,3.0,1,central/central/edge
S0,90,11,1.0,1,BE-DL,20.0,20.0,72.12817857465203,20.0,1.3210289116236633,114.28520746435895,112.0,2.0,0,central/central/edge
S0,90,11,1.0,2,YOLO,15.0,14.166121647254785,14.166121647254785,15.0,0.2594527774222488,130.29576478036265,112.0,18.0,1,central/central/edge
S0,90,11,1.0,3,VIDEO,32.0,25.248468400857718,25.248468400857718,32.0,0.4624261611878703,120.92179030988946,112.0,8.0,1,central/central/edge
S0,90,11,1.0,4,CPU-OFF,8.0,8.0,71.92568943441249,8.0,1.317320319311584,203.730235633741,112.0,90.0,0,central/central/edge
S0,90,11,1.0,5,MQTT,2.0,2.0,75.9397987782771,2.0,1.3908388054629504,117.70941828345532,112.0,3.0,1,central/central/edge
S0,91,11,1.0,1,BE-DL,20.0,20.0,84.10292091096743,20.0,1.5403465368309053,116.78809000742984,112.0,2.0,0,central/central/edge
S0,91,11,1.0,2,YOLO,15.0,15.0,31.859077804350324,15.0,0.5834995934862697,132.96800436989773,112.0,18.0,1,central/central/edge
S0,91,11,1.0,3,VIDEO,32.0,26.979444203447837,26.979444203447837,32.0,0.49412901471516185,121.53945370963055,112.0,8.0,1,central/central/edge
S0,91,11,1.0,4,CPU-OFF,8.0,8.0,73.4088074805343,8.0,1.3444836534896394,204.12508345730717,112.0,90.0,0,central/central/edge
S0,91,11,1.0,5,MQTT,2.0,2.0,61.81191038177906,2.0,1.1320862707285542,118.22445702609218,112.0,3.0,1,central/central/edge
S0,92,11,1.0,1,BE-DL,20.0,20.0,50.77107242697175,20.0,0.929873121373109,115.49566705006988,112.0,2.0,0,central/central/edge
S0,92,11,1.0,2,YOLO,15.0,15.0,15.337101481656031,15.0,0.28089929453582474,132.62479534931614,112.0,18.0,1,central/central/edge
S0,92,11,1.0,3,VIDEO,32.0,22.520997054041814,22.520997054041814,32.0,0.4124724735172493,122.94012887094114,112.0,8.0,1,central/central/edge
S0,92,11,1.0,4,CPU-OFF,8.0,8.0,72.34883088548754,8.0,1.3250701627378672,204.6752038804618,112.0,90.0,0,central/central/edge
S0,92,11,1.0,5,MQTT,2.0,2.0,48.301902594267474,2.0,0.8846502306642394,116.87882423306968,112.0,3.0,1,central/central/edge
S0,93,11,1.0,1,BE-DL,20.0,20.0,126.48770273175889,20.0,2.316624592156756,115.34178117593218,112.0,2.0,0,central/central/edge
S0,93,11,1.0,2,YOLO,15.0,15.0,36.43117003630087,15.0,0.6672375464523969,130.0744341108013,112.0,18.0,1,central/central/edge
S0,93,11,1.0,3,VIDEO,32.0,23.75043729302437,23.75043729302437,32.0,0.43498969401143533,123.32400804087519,112.0,8.0,1,central/central/edge
S0,93,11,1.0,4,CPU-OFF,8.0,8.0,78.94361578988408,8.0,1.445853769045496,203.63693305930116,112.0,90.0,0,central/central/edge
S0,93,11,1.0,5,MQTT,2.0,2.0,60.90879377550598,2.0,1.1155456735440654,116.04477441203888,112.0,3.0,1,central/central/edge
S0,94,11,1.0,1,BE-DL,20.0,20.0,59.99233323869866,20.0,1.098760682027448,115.81214783246617,112.0,2.0,0,central/central/edge
S0,94,11,1.0,2,YOLO,15.0,15.0,55.24370149866236,15.0,1.0117894047374059,131.3376811723109,112.0,18.0,1,central/central/edge
S0,94,11,1.0,3,VIDEO,32.0,32.0,86.1062012554137,32.0,1.5770366530295548,120.27219264904456,112.0,8.0,1,central/central/edge
S0,94,11,1.0,4,CPU-OFF,8.0,8.0,43.73622516155944,8.0,0.801029764863726,205.4326513242851,112.0,90.0,0,central/central/edge
S0,94,11,1.0,5,MQTT,2.0,2.0,64.08550156154425,2.0,1.1737271348268177,115.05499171147896,112.0,3.0,1,central/central/edge
S0,95,11,1.0,1,BE-DL,20.0,20.0,89.82136695301054,20.0,1.6450799808243688,115.76899423563368,112.0,2.0,0,central/central/edge
S0,95,11,1.0,2,YOLO,15.0,15.0,94.93184632171719,15.0,1.7386785040607542,132.749137248567,112.0,18.0,1,central/central/edge
S0,95,11,1.0,3,VIDEO,32.0,32.0,76.21759651693043,32.0,1.3959266761342568,122.32251452307784,112.0,8.0,1,central/central/edge
S0,95,11,1.0,4,CPU-OFF,8.0,8.0,47.068541869869705,8.0,0.86206120640787,204.47009833432605,112.0,90.0,0,central/central/edge
S0,95,11,1.0,5,MQTT,2.0,2.0,30.01482925062888,2.0,0.5497221474474153,115.34122276749139,112.0,3.0,1,central/central/edge
S0,96,12,0.4,1,BE-DL,8.0,8.0,89.13841999541567,20.0,1.6325717947878329,117.48337067692795,112.0,2.0,0,central/central/edge
S0,96,12,0.4,2,YOLO,6.0,6.0,78.26391187056322,15.0,1.4334049793143446,121.84124535630438,112.0,7.2,1,central/central/edge
S0,96,12,0.4,3,VIDEO,12.8,12.8,53.91297474792088,32.0,0.9874171199252908,118.01803878446358,112.0,3.2,1,central/central/edge
S0,96,12,0.4,4,CPU-OFF,3.2,3.2,62.35109031751557,8.0,1.1419613611266588,151.3636067836649,112.0,36.0,0,central/central/edge
S0,96,12,0.4,5,MQTT,0.8,0.8,39.54890137493224,2.0,0.724338853020737,115.71762916041423,112.0,1.2,1,central/central/edge
S0,97,12,0.4,1,BE-DL,8.0,8.0,94.9278197584684,20.0,1.7386047574811063,115.82991338977116,112.0,2.0,0,central/central/edge
S0,97,12,0.4,2,YOLO,6.0,6.0,29.97141746308408,15.0,0.5489270597634447,121.43983521241378,112.0,7.2,1,central/central/edge
S0,97,12,0.4,3,VIDEO,12.8,12.8,58.78304094294194,32.0,1.076612471482453,117.38637533619993,112.0,3.2,1,central/central/edge
S0,97,12,0.4,4,CPU-OFF,3.2,3.2,44.620371680053076,8.0,0.8172229245430966,148.00495042114105,112.0,36.0,0,central/central/edge
S0,97,12,0.4,5,MQTT,0.8,0.8,79.07565341035067,2.0,1.448272040482613,113.72239681046348,112.0,1.2,1,central/central/edge
S0,98,12,0.4,1,BE-DL,8.0,8.0,67.29687582344667,20.0,1.232543513249939,117.46732877622874,112.0,2.0,0,central/central/edge
S0,98,12,0.4,2,YOLO,6.0,6.0,46.70042571129541,15.0,0.8553191522215277,120.13043764630723,112.0,7.2,1,central/central/edge
S0,98,12,0.4,3,VIDEO,12.8,12.8,32.70887079190273,32.0,0.5990635676172661,118.03743259952365,112.0,3.2,1,central/central/edge
S0,98,12,0.4,4,CPU-OFF,3.2,3.2,56.769465721698765,8.0,1.0397338044267173,149.2997730680704,112.0,36.0,0,central/central/edge
S0,98,12,0.4,5,MQTT,0.8,0.8,132.80084564400977,2.0,2.432249920219959,115.73328003021494,112.0,1.2,1,central/central/edge
S0,99,12,0.4,1,BE-DL,8.0,8.0,61.76947667430241,20.0,1.1313090965989452,115.8220045909358,112.0,2.0,0,central/central/edge
S0,99,12,0.4,2,YOLO,6.0,6.0,34.15764789562995,15.0,0.6255979468064093,122.10177876906656,112.0,7.2,1,central/central/edge
S0,99,12,0.4,3,VIDEO,12.8,12.8,37.59610559928182,32.0,0.6885733626242092,115.61497459691718,112.0,3.2,1,central/central/edge
S0,99,12,0.4,4,CPU-OFF,3.2,3.2,88.27649077031273,8.0,1.616785545243823,149.8260841288318,112.0,36.0,0,central/central/edge
S0,99,12,0.4,5,MQTT,0.8,0.8,109.90806027692217,2.0,2.0129681369399663,116.22177758548885,112.0,1.2,1,central/central/edge
S0,100,12,0.4,1,BE-DL,8.0,8.0,75.657521651214,20.0,1.385668894710879,114.80846360835018,112.0,2.0,0,central/central/edge
S0,100,12,0.4,2,YOLO,6.0,6.0,71.83963298316534,15.0,1.3157441938308672,119.45795035359417,112.0,7.2,1,central/central/edge
S0,100,12,0.4,3,VIDEO,12.8,12.8,64.82188019377762,32.0,1.18721392296296,115.49708743021672,112.0,3.2,1,central/central/edge
S0,100,12,0.4,4,CPU-OFF,3.2,3.2,59.26431891560631,8.0,1.085427086366416,150.7448810946115,112.0,36.0,0,central/central/edge
S0,100,12,0.4,5,MQTT,0.8,0.8,128.41746742207937,2.0,2.3519682678036515,116.14126774047237,112.0,1.2,1,central/central/edge
S0,101,12,0.4,1,BE-DL,8.0,8.0,73.82331475611821,20.0,1.3520753618336667,117.12909974912999,112.0,2.0,0,central/central/edge
S0,101,12,0.4,2,YOLO,6.0,6.0,34.63004263391466,15.0,0.6342498650900121,122.4466064869748,112.0,7.2,1,central/central/edge
S0,101,12,0.4,3,VIDEO,12.8,12.8,122.01801144287859,32.0,2.2347621143384355,117.0800703204554,112.0,3.2,1,central/central/edge
S0,101,12,0.4,4,CPU-OFF,3.2,3.2,84.15540347011014,8.0,1.5413077558628232,150.21290658482081,112.0,36.0,0,central/central/edge
S0,101,12,0.4,5,MQTT,0.8,0.8,127.82494297318578,2.0,2.3411161716700692,116.53703192252445,112.0,1.2,1,central/central/edge
S0,102,12,0.4,1,BE-DL,8.0,8.0,70.85030781855316,20.0,1.2976246853214863,114.17736793445147,112.0,2.0,0,central/central/edge
S0,102,12,0.4,2,YOLO,6.0,6.0,78.93638206459572,15.0,1.4457212832343538,121.24171251569123,112.0,7.2,1,central/central/edge
S0,102,12,0.4,3,VIDEO,12.8,12.8,54.21365796202219,32.0,0.9929241384985749,118.45309698691054,112.0,3.2,1,central/central/edge
S0,102,12,0.4,4,CPU-OFF,3.2,3.2,72.06522033478329,8.0,1.3198758303073863,150.60526856691934,112.0,36.0,0,central/central/edge
S0,102,12,0.4,5,MQTT,0.8,0.8,88.28281081241742,2.0,1.616901296930722,115.31918574295415,112.0,1.2,1,central/central/edge
S0,103,12,0.4,1,BE-DL,8.0,8.0,107.45774756846534,20.0,1.9680906148070574,115.97167446943476,112.0,2.0,0,central/central/edge
S0,103,12,0.4,2,YOLO,6.0,6.0,95.00640532182662,15.0,1.740044053513308,121.7850460653938,112.0,7.2,1,central/central/edge
S0,103,12,0.4,3,VIDEO,12.8,12.8,99.27786116536231,32.0,1.818275845519456,117.16424803020035,112.0,3.2,1,central/central/edge
S0,103,12,0.4,4,CPU-OFF,3.2,3.2,63.74531698537579,8.0,1.1674966480838056,150.6823719670226,112.0,36.0,0,central/central/edge
S0,103,12,0.4,5,MQTT,0.8,0.8,68.50586329886094,2.0,1.2546861410047792,116.58490431399463,112.0,1.2,1,central/central/edge
S0,104,13,0.4,1,BE-DL,8.0,8.0,88.13180665919508,20.0,1.614135653098811,115.93608880735636,112.0,2.0,0,central/central/edge
S0,104,13,0.4,2,YOLO,6.0,6.0,109.81909090155114,15.0,2.01133866120057,120.20922418838607,112.0,7.2,1,central/central/edge
S0,104,13,0.4,3,VIDEO,12.8,12.8,149.92178723089563,32.0,2.7458202789541324,117.9772299378876,112.0,3.2,1,central/central/edge
S0,104,13,0.4,4,CPU-OFF,3.2,3.2,112.29932884489914,8.0,2.056764264558592,150.88690973333206,112.0,36.0,0,central/central/edge
S0,104,13,0.4,5,MQTT,0.8,0.8,66.00439787296357,2.0,1.2088717559150837,116.62955511592193,112.0,1.2,1,central/central/edge
S0,105,13,0.4,1,BE-DL,8.0,8.0,123.86149286267832,20.0,2.2685255103054636,114.21434172378312,112.0,2.0,0,central/central/edge
S0,105,13,0.4,2,YOLO,6.0,6.0,64.73765268906754,15.0,1.1856712946715668,120.93699933938241,112.0,7.2,1,central/central/edge
S0,105,13,0.4,3,VIDEO,12.8,12.8,49.041511304924136,32.0,0.8981961777458632,116.87108309925716,112.0,3.2,1,central/central/edge
S0,105,13,0.4,4,CPU-OFF,3.2,3.2,71.92568943441249,8.0,1.317320319311584,148.7691936830455,112.0,36.0,0,central/central/edge
S0,105,13,0.4,5,MQTT,0.8,0.8,66.53772845334755,2.0,1.2186397152627757,116.6971327885614,112.0,1.2,1,central/central/edge
S0,106,13,0.4,1,BE-DL,8.0,8.0,84.10292091096743,20.0,1.5403465368309053,114.86385250501026,112.0,2.0,0,central/central/edge
S0,106,13,0.4,2,YOLO,6.0,6.0,127.8697680582768,15.0,2.3419371439244836,120.19592253228913,112.0,7.2,1,central/central/edge
S0,106,13,0.4,3,VIDEO,12.8,12.8,45.48746031400742,32.0,0.8331036687547146,117.91735915651765,112.0,3.2,1,central/central/edge
S0,106,13,0.4,4,CPU-OFF,3.2,3.2,63.03582381480664,8.0,1.1545022676704513,150.4331400170482,112.0,36.0,0,central/central/edge
S0,106,13,0.4,5,MQTT,0.8,0.8,61.81191038177906,2.0,1.1320862707285542,115.94685356350067,112.0,1.2,1,central/central/edge
S0,107,13,0.4,1,BE-DL,8.0,8.0,128.83842035231544,20.0,2.3596780284306855,115.52082310745547,112.0,2.0,0,central/central/edge
S0,107,13,0.4,2,YOLO,6.0,6.0,128.67042685082052,15.0,2.356601224374002,121.7923888050745,112.0,7.2,1,central/central/edge
S0,107,13,0.4,3,VIDEO,12.8,12.8,69.06672233188289,32.0,1.2649582844667195,118.16215223287944,112.0,3.2,1,central/central/edge
S0,107,13,0.4,4,CPU-OFF,3.2,3.2,45.47640798516361,8.0,0.8329012451495167,151.1578237138938,112.0,36.0,0,central/central/edge
S0,107,13,0.4,5,MQTT,0.8,0.8,33.61360472934403,2.0,0.6156337862517222,116.67434936642782,112.0,1.2,1,central/central/edge
S0,108,13,0.4,1,BE-DL,8.0,8.0,84.6824450492284,20.0,1.5509605320371502,114.97864171782392,112.0,2.0,0,central/central/edge
S0,108,13,0.4,2,YOLO,6.0,6.0,68.60415136706008,15.0,1.2564862887739943,119.21771255626554,112.0,7.2,1,central/central/edge
S0,108,13,0.4,3,VIDEO,12.8,12.8,74.93331432936898,32.0,1.3724050243474173,115.6986857003268,112.0,3.2,1,central/central/edge
S0,108,13,0.4,4,CPU-OFF,3.2,3.2,75.02656615145474,8.0,1.3741129331768267,150.7218882208236,112.0,36.0,0,central/central/edge
S0,108,13,0.4,5,MQTT,0.8,0.8,32.50289892056148,2.0,0.5952911890212724,116.0135568523346,112.0,1.2,1,central/central/edge
S0,109,13,0.4,1,BE-DL,8.0,8.0,138.63774487934586,20.0,2.539152836618056,114.82761134252551,112.0,2.0,0,central/central/edge
S0,109,13,0.4,2,YOLO,6.0,6.0,49.803033926824526,15.0,0.9121434785132697,121.74996170636852,112.0,7.2,1,central/central/edge
S0,109,13,0.4,3,VIDEO,12.8,12.8,43.381750250819216,32.0,0.7945375503813044,115.84570458322128,112.0,3.2,1,central/central/edge
S0,109,13,0.4,4,CPU-OFF,3.2,3.2,72.52462653372523,8.0,1.3282898632550406,150.65034118193526,112.0,36.0,0,central/central/edge
S0,109,13,0.4,5,MQTT,0.8,0.8,79.02920596154546,2.0,1.4474213546070596,113.37786668928817,112.0,1.2,1,central/central/edge
S0,110,13,0.4,1,BE-DL,8.0,8.0,60.18487531876849,20.0,1.1022870937503386,117.10377679377015,112.0,2.0,0,central/central/edge
S0,110,13,0.4,2,YOLO,6.0,6.0,71.38005238694001,15.0,1.307326966793773,120.32744999534665,112.0,7.2,1,central/central/edge
S0,110,13,0.4,3,VIDEO,12.8,12.8,53.52686167601221,32.0,0.9803454519416156,118.5287456308948,112.0,3.2,1,central/central/edge
S0,110,13,0.4,4,CPU-OFF,3.2,3.2,43.49023166923633,8.0,0.7965243895464529,149.58154582410492,112.0,36.0,0,central/central/edge
S0,110,13,0.4,5,MQTT,0.8,0.8,63.57979959541815,2.0,1.1644651940552775,114.59961330091232,112.0,1.2,1,central/central/edge
S0,111,13,0.4,1,BE-DL,8.0,8.0,83.94200986115376,20.0,1.5373994480064792,114.21380185858585,112.0,2.0,0,central/central/edge
S0,111,13,0.4,2,YOLO,6.0,6.0,74.17784418254185,15.0,1.3585685747718286,122.17550757412926,112.0,7.2,1,central/central/edge
S0,111,13,0.4,3,VIDEO,12.8,12.8,36.124429780332775,32.0,0.6616195930463878,115.22558541171436,112.0,3.2,1,central/central/edge
S0,111,13,0.4,4,CPU-OFF,3.2,3.2,46.911772715083146,8.0,0.8591899764667242,150.26905151569898,112.0,36.0,0,central/central/edge
S0,111,13,0.4,5,MQTT,0.8,0.8,34.698564413855635,2.0,0.6355048427446087,115.3337107116219,112.0,1.2,1,central/central/edge
S0,112,14,1.2,1,BE-DL,24.0,20.0,81.46532895635815,20.0,1.4920389918746915,115.07347137528508,112.0,2.4,1,central/central/edge
S0,112,14,1.2,2,YOLO,18.0,15.0,15.596447049657698,15.0,0.2856492133636941,140.351033061318,112.0,25.919999999999995,1,central/central/edge
S0,112,14,1.2,3,VIDEO,38.4,18.49706355004575,18.49706355004575,32.0,0.33877405769314556,126.63845883774992,112.0,11.52,1,central/central/edge
S0,112,14,1.2,4,CPU-OFF,9.6,8.0,57.80366331279618,8.0,1.0586751522490143,243.287703016119,112.0,129.6,1,central/central/edge
S0,112,14,1.2,5,MQTT,2.4,2.0,39.96758569110125,2.0,0.7320070639395833,117.68644012609425,112.0,4.319999999999999,1,central/central/edge
S0,113,14,1.2,1,BE-DL,24.0,20.0,28.065513235787172,20.0,0.514020388933831,116.4950154210552,112.0,2.4,1,central/central/edge
S0,113,14,1.2,2,YOLO,18.0,15.0,16.058391998971757,15.0,0.2941097435709113,141.31930537938408,112.0,25.919999999999995,1,central/central/edge
S0,113,14,1.2,3,VIDEO,38.4,21.513796901994894,21.513796901994894,32.0,0.3940255842856208,125.02513779189879,112.0,11.52,1,central/central/edge
S0,113,14,1.2,4,CPU-OFF,9.6,8.0,51.67978948458093,8.0,0.9465162909263907,242.65647861375723,112.0,129.6,1,central/central/edge
S0,113,14,1.2,5,MQTT,2.4,2.0,44.91083143597421,2.0,0.8225427002925679,117.62350526968729,112.0,4.319999999999999,1,central/central/edge
S0,114,14,1.2,1,BE-DL,24.0,20.0,65.37038787056218,20.0,1.1972598511091974,115.598625479351,112.0,2.4,1,central/central/edge
S0,114,14,1.2,2,YOLO,18.0,15.0,15.833074436327296,15.0,0.2899830482843827,139.25906654912936,112.0,25.919999999999995,1,central/central/edge
S0,114,14,1.2,3,VIDEO,38.4,23.43727035849569,23.43727035849569,32.0,0.4292540358698845,125.74259550566738,112.0,11.52,1,central/central/edge
S0,114,14,1.2,4,CPU-OFF,9.6,8.0,117.40325168437533,8.0,2.150242704842039,243.79821292553464,112.0,129.6,1,central/central/edge
S0,114,14,1.2,5,MQTT,2.4,2.0,62.28123415692255,2.0,1.1406819442659808,116.71861208179548,112.0,4.319999999999999,1,central/central/edge
S0,115,14,1.2,1,BE-DL,24.0,20.0,61.35137210262079,20.0,1.1236515037110035,114.84523743058237,112.0,2.4,1,central/central/edge
S0,115,14,1.2,2,YOLO,18.0,11.90669432761341,11.90669432761341,15.0,0.2180713246815643,140.63556752868158,112.0,25.919999999999995,1,central/central/edge
S0,115,14,1.2,3,VIDEO,38.4,22.6302209587897,22.6302209587897,32.0,0.4144729113331447,124.04003247654379,112.0,11.52,1,central/central/edge
S0,115,14,1.2,4,CPU-OFF,9.6,8.0,72.21282556943626,8.0,1.3225792228834479,241.90266984711118,112.0,129.6,1,central/central/edge
S0,115,14,1.2,5,MQTT,2.4,2.0,128.41746742207937,2.0,2.3519682678036515,118.27022749138541,112.0,4.319999999999999,1,central/central/edge
S0,116,14,1.2,1,BE-DL,24.0,20.0,35.28102191155856,20.0,0.6461725624827576,114.72298580514466,112.0,2.4,1,central/central/edge
S0,116,14,1.2,2,YOLO,18.0,15.0,24.605948572570824,15.0,0.4506583987650334,139.94672001406076,112.0,25.919999999999995,1,central/central/edge
S0,116,14,1.2,3,VIDEO,38.4,32.0,32.46983113663172,32.0,0.5946855519529619,125.32208795713866,112.0,11.52,1,central/central/edge
S0,116,14,1.2,4,CPU-OFF,9.6,8.0,111.85211853622243,8.0,2.0485735995645133,241.65007348537162,112.0,129.6,1,central/central/edge
S0,116,14,1.2,5,MQTT,2.4,2.0,92.61892054413033,2.0,1.696317226082973,119.00083796373569,112.0,4.319999999999999,1,central/central/edge
S0,117,14,1.2,1,BE-DL,24.0,20.0,70.85030781855315,20.0,1.2976246853214861,115.99956292050965,112.0,2.4,1,central/central/edge
S0,117,14,1.2,2,YOLO,18.0,15.0,23.663754536321196,15.0,0.4334020977348204,140.30101290353835,112.0,25.919999999999995,1,central/central/edge
S0,117,14,1.2,3,VIDEO,38.4,18.903177342229625,18.903177342229625,32.0,0.3462120392349748,126.53748622384758,112.0,11.52,1,central/central/edge
S0,117,14,1.2,4,CPU-OFF,9.6,8.0,72.06522033478329,8.0,1.3198758303073863,244.3300878309671,112.0,129.6,1,central/central/edge
S0,117,14,1.2,5,MQTT,2.4,2.0,88.28281081241742,2.0,1.616901296930722,117.06227526757932,112.0,4.319999999999999,1,central/central/edge
S0,118,14,1.2,1,BE-DL,24.0,20.0,102.37792677431995,20.0,1.8750536039252736,116.91595878259318,112.0,2.4,1,central/central/edge
S0,118,14,1.2,2,YOLO,18.0,15.0,63.659114225792564,15.0,1.1659178429632338,139.83741722182856,112.0,25.919999999999995,1,central/central/edge
S0,118,14,1.2,3,VIDEO,38.4,32.0,78.23527102705185,32.0,1.4328804217408764,125.09651182106485,112.0,11.52,1,central/central/edge
S0,118,14,1.2,4,CPU-OFF,9.6,8.0,91.60041348318701,8.0,1.6776632506078206,243.71541267555912,112.0,129.6,1,central/central/edge
S0,118,14,1.2,5,MQTT,2.4,2.0,117.6411031821817,2.0,2.154598959380617,117.65342141627643,112.0,4.319999999999999,1,central/central/edge
S0,119,14,1.2,1,BE-DL,24.0,20.0,70.684393158136,20.0,1.294585955277216,117.18604889489382,112.0,2.4,1,central/central/edge
S0,119,14,1.2,2,YOLO,18.0,15.0,89.42411687697727,15.0,1.637804338406177,141.38973991109074,112.0,25.919999999999995,1,central/central/edge
S0,119,14,1.2,3,VIDEO,38.4,32.0,135.7473637108837,32.0,2.4862154525802875,125.92487725500058,112.0,11.52,1,central/central/edge
S0,119,14,1.2,4,CPU-OFF,9.6,8.0,131.93912178189962,8.0,2.416467431902923,243.88222863553244,112.0,129.6,1,central/central/edge
S0,119,14,1.2,5,MQTT,2.4,2.0,98.58884745581925,2.0,1.8056565468098762,119.00191749410493,112.0,4.319999999999999,1,central/central/edge
S0,120,15,1.2,1,BE-DL,24.0,20.0,46.26152143063881,20.0,0.8472806122827621,115.69246734404884,112.0,2.4,1,central/central/edge
S0,120,15,1.2,2,YOLO,18.0,15.0,114.24291651011914,15.0,2.0923611082439404,138.22009159892085,112.0,25.919999999999995,1,central/central/edge
S0,120,15,1.2,3,VIDEO,38.4,32.0,103.88363147387165,32.0,1.9026306130745723,126.8200580154654,112.0,11.52,1,central/central/edge
S0,120,15,1.2,4,CPU-OFF,9.6,8.0,125.1871176864777,8.0,2.2928043532321922,241.88668701053777,112.0,129.6,1,central/central/edge
S0,120,15,1.2,5,MQTT,2.4,2.0,99.44497459060122,2.0,1.8213365309633922,119.50568645498224,112.0,4.319999999999999,1,central/central/edge
S0,121,15,1.2,1,BE-DL,24.0,20.0,91.02278149224956,20.0,1.6670839101144608,114.85973114691767,112.0,2.4,1,central/central/edge
S0,121,15,1.2,2,YOLO,18.0,15.0,127.8697680582768,15.0,2.3419371439244836,138.76647429765913,112.0,25.919999999999995,1,central/central/edge
S0,121,15,1.2,3,VIDEO,38.4,32.0,77.27977128616314,32.0,1.4153804264865044,126.28693551049687,112.0,11.52,1,central/central/edge
S0,121,15,1.2,4,CPU-OFF,9.6,8.0,63.035823814806655,8.0,1.1545022676704515,242.9620972841716,112.0,129.6,1,central/central/edge
S0,121,15,1.2,5,MQTT,2.4,2.0,86.285661700453,2.0,1.5803234743672712,117.86334759610644,112.0,4.319999999999999,1,central/central/edge
S0,122,15,1.2,1,BE-DL,24.0,20.0,114.644357093162,20.0,2.099713499874762,116.47128732066028,112.0,2.4,1,central/central/edge
S0,122,15,1.2,2,YOLO,18.0,15.0,68.21082869200123,15.0,1.2492825767765792,140.67176657676058,112.0,25.919999999999995,1,central/central/edge
S0,122,15,1.2,3,VIDEO,38.4,32.0,103.1629523438251,32.0,1.889431361608518,124.80304123163313,112.0,11.52,1,central/central/edge
S0,122,15,1.2,4,CPU-OFF,9.6,8.0,40.997670835109616,8.0,0.7508730922181248,243.3034076295264,112.0,129.6,1,central/central/edge
S0,122,15,1.2,5,MQTT,2.4,2.0,40.957753661805754,2.0,0.7501420084579808,119.52536473849864,112.0,4.319999999999999,1,central/central/edge
S0,123,15,1.2,1,BE-DL,24.0,20.0,133.4552456788473,20.0,2.444235268843357,116.7849495036919,112.0,2.4,1,central/central/edge
S0,123,15,1.2,2,YOLO,18.0,15.0,130.1113215582174,15.0,2.382991237329989,138.18186829697603,112.0,25.919999999999995,1,central/central/edge
S0,123,15,1.2,3,VIDEO,38.4,32.0,99.65750433652121,32.0,1.8252290171524033,124.72414604998099,112.0,11.52,1,central/central/edge
S0,123,15,1.2,4,CPU-OFF,9.6,8.0,28.021970490302373,8.0,0.5132229027527907,243.58559127905238,112.0,129.6,1,central/central/edge
S0,123,15,1.2,5,MQTT,2.4,2.0,53.80732006176984,2.0,0.9854820524133671,117.86687754899587,112.0,4.319999999999999,1,central/central/edge
S0,124,15,1.2,1,BE-DL,24.0,20.0,125.53017627257135,20.0,2.2990874775196217,117.5853461305375,112.0,2.4,1,central/central/edge
S0,124,15,1.2,2,YOLO,18.0,15.0,60.68436907050048,15.0,1.1114353309615472,138.64480979932156,112.0,25.919999999999995,1,central/central/edge
S0,124,15,1.2,3,VIDEO,38.4,32.0,73.28886595403551,32.0,1.3422869222350826,126.03267270553414,112.0,11.52,1,central/central/edge
S0,124,15,1.2,4,CPU-OFF,9.6,8.0,61.72897601916308,8.0,1.130567326358298,243.33014790473567,112.0,129.6,1,central/central/edge
S0,124,15,1.2,5,MQTT,2.4,2.0,41.66994496154215,2.0,0.7631858051564496,118.88552694591009,112.0,4.319999999999999,1,central/central/edge
S0,125,15,1.2,1,BE-DL,24.0,20.0,60.18487531876861,20.0,1.1022870937503408,116.65531636005987,112.0,2.4,1,central/central/edge
S0,125,15,1.2,2,YOLO,18.0,15.0,71.3800523869402,15.0,1.3073269667937766,141.29119116784221,112.0,25.919999999999995,1,central/central/edge
S0,125,15,1.2,3,VIDEO,38.4,32.0,49.745072535859265,32.0,0.9110819145761769,125.92978996225986,112.0,11.52,1,central/central/edge
S0,125,15,1.2,4,CPU-OFF,9.6,8.0,57.803472471769766,8.0,1.0586716569921202,241.65636367310904,112.0,129.6,1,central/central/edge
S0,125,15,1.2,5,MQTT,2.4,2.0,50.99293571612205,2.0,0.9339365515773269,116.42819832443878,112.0,4.319999999999999,1,central/central/edge
S0,126,15,1.2,1,BE-DL,24.0,20.0,37.17431865279667,20.0,0.680848326974298,117.73723541500324,112.0,2.4,1,central/central/edge
S0,126,15,1.2,2,YOLO,18.0,15.0,41.48930267837086,15.0,0.7598773384317007,138.85022604970752,112.0,25.919999999999995,1,central/central/edge
S0,126,15,1.2,3,VIDEO,38.4,29.00901179329753,29.00901179329753,32.0,0.5313005822948266,125.1252907177604,112.0,11.52,1,central/central/edge
S0,126,15,1.2,4,CPU-OFF,9.6,8.0,46.911772715083146,8.0,0.8591899764667242,242.09241718125296,112.0,129.6,1,central/central/edge
S0,126,15,1.2,5,MQTT,2.4,2.0,88.05227098569819,2.0,1.612678955782018,117.38781616257235,112.0,4.319999999999999,1,central/central/edge
S0,127,15,1.2,1,BE-DL,24.0,20.0,41.07785655002806,20.0,0.7523416950554589,114.71102265301259,112.0,2.4,1,central/central/edge
S0,127,15,1.2,2,YOLO,18.0,15.0,59.37733648346839,15.0,1.0874970051917288,140.53738927528846,112.0,25.919999999999995,1,central/central/edge
S0,127,15,1.2,3,VIDEO,38.4,32.0,55.144090789331294,32.0,1.0099650327716354,126.91357486873089,112.0,11.52,1,central/central/edge
S0,127,15,1.2,4,CPU-OFF,9.6,8.0,75.38138548978682,8.0,1.3806114558569014,242.424389542037,112.0,129.6,1,central/central/edge
S0,127,15,1.2,5,MQTT,2.4,2.0,73.4887865933152,2.0,1.3459484724050401,117.09551792301417,112.0,4.319999999999999,1,central/central/edge
S0,128,16,1.2,1,BE-DL,24.0,20.0,31.988649494553123,20.0,0.5858727013654418,114.56848940929802,112.0,2.4,1,central/central/edge
S0,128,16,1.2,2,YOLO,18.0,15.0,64.45204951968256,15.0,1.1804404673934534,141.35482036754104,112.0,25.919999999999995,1,central/central/edge
S0,128,16,1.2,3,VIDEO,38.4,32.0,80.84645422149542,32.0,1.4807042897709783,126.0517049009912,112.0,11.52,1,central/central/edge
S0,128,16,1.2,4,CPU-OFF,9.6,8.0,66.9488181959344,8.0,1.2261688314273698,243.4036022976112,112.0,129.6,1,central/central/edge
S0,128,16,1.2,5,MQTT,2.4,2.0,126.52298748629292,2.0,2.3172708330822878,116.87358021205033,112.0,4.319999999999999,1,central/central/edge
S0,129,16,1.2,1,BE-DL,24.0,20.0,25.760364711704593,20.0,0.4718015514964211,115.54845661135055,112.0,2.4,1,central/central/edge
S0,129,16,1.2,2,YOLO,18.0,15.0,64.00970992206287,15.0,1.1723390095615909,140.6852052228085,112.0,25.919999999999995,1,central/central/edge
S0,129,16,1.2,3,VIDEO,38.4,32.0,92.92622327369659,32.0,1.7019454812032342,126.38360001849776,112.0,11.52,1,central/central/edge
S0,129,16,1.2,4,CPU-OFF,9.6,8.0,70.80043422187518,8.0,1.2967112494848934,241.66739553734112,112.0,129.6,1,central/central/edge
S0,129,16,1.2,5,MQTT,2.4,2.0,82.69273106549382,2.0,1.5145188839834032,118.24571970195785,112.0,4.319999999999999,1,central/central/edge
S0,130,16,1.2,1,BE-DL,24.0,20.0,57.77483471547246,20.0,1.058147155961034,115.45231112927097,112.0,2.4,1,central/central/edge
S0,130,16,1.2,2,YOLO,18.0,15.0,50.899829647265,15.0,0.9322313122209707,140.22435281072234,112.0,25.919999999999995,1,central/central/edge
S0,130,16,1.2,3,VIDEO,38.4,32.0,80.82221770996301,32.0,1.4802603976183701,126.68309097841492,112.0,11.52,1,central/central/edge
S0,130,16,1.2,4,CPU-OFF,9.6,8.0,136.9553588385858,8.0,2.5083399054686044,243.84716981123572,112.0,129.6,1,central/central/edge
S0,130,16,1.2,5,MQTT,2.4,2.0,128.41746742207934,2.0,2.3519682678036506,118.27938607919349,112.0,4.319999999999999,1,central/central/edge
S0,131,16,1.2,1,BE-DL,24.0,20.0,42.989480480470505,20.0,0.7873531223529396,117.19590933436756,112.0,2.4,1,central/central/edge
S0,131,16,1.2,2,YOLO,18.0,15.0,92.71914640693302,15.0,1.6981528645958428,138.39636671109784,112.0,25.919999999999995,1,central/central/edge
S0,131,16,1.2,3,VIDEO,38.4,32.0,49.366065698263945,32.0,0.9041403974041016,126.81081349884764,112.0,11.52,1,central/central/edge
S0,131,16,1.2,4,CPU-OFF,9.6,8.0,49.53450963746994,8.0,0.9072254512357132,244.91570522180186,112.0,129.6,1,central/central/edge
S0,131,16,1.2,5,MQTT,2.4,2.0,71.4953070866971,2.0,1.309437858730716,118.55668647205236,112.0,4.319999999999999,1,central/central/edge
S0,132,16,1.2,1,BE-DL,24.0,20.0,62.07836494577989,20.0,1.1369663909483496,116.97946346135257,112.0,2.4,1,central/central/edge
S0,132,16,1.2,2,YOLO,18.0,15.0,62.20530108351292,15.0,1.1392912286357677,138.4157774777049,112.0,25.919999999999995,1,central/central/edge
S0,132,16,1.2,3,VIDEO,38.4,32.0,67.51134765082007,32.0,1.2364715686963383,125.65662616226821,112.0,11.52,1,central/central/edge
S0,132,16,1.2,4,CPU-OFF,9.6,8.0,143.03854339176684,8.0,2.6197535419737514,244.46072767704644,112.0,129.6,1,central/central/edge
S0,132,16,1.2,5,MQTT,2.4,2.0,128.55216311281836,2.0,2.35443522184649,117.13134399145495,112.0,4.319999999999999,1,central/central/edge
S0,133,16,1.2,1,BE-DL,24.0,20.0,92.21828518602867,20.0,1.688979582161697,117.2122733007827,112.0,2.4,1,central/central/edge
S0,133,16,1.2,2,YOLO,18.0,15.0,107.54532176024048,15.0,1.9696945377333421,138.25770257092032,112.0,25.919999999999995,1,central/central/edge
S0,133,16,1.2,3,VIDEO,38.4,32.0,71.2210743142817,32.0,1.3044152804813496,125.97786884505686,112.0,11.52,1,central/central/edge
S0,133,16,1.2,4,CPU-OFF,9.6,8.0,84.63663935873419,8.0,1.5501215999768165,243.61816848828227,112.0,129.6,1,central/central/edge
S0,133,16,1.2,5,MQTT,2.4,2.0,80.78967326969105,2.0,1.479664345598737,118.80259015735054,112.0,4.319999999999999,1,central/central/edge
S0,134,16,1.2,1,BE-DL,24.0,20.0,47.42117515672416,20.0,0.8685196915150944,117.28524705102157,112.0,2.4,1,central/central/edge
S0,134,16,1.2,2,YOLO,18.0,15.0,62.23081817754557,15.0,1.1397585746803218,137.95210608875058,112.0,25.919999999999995,1,central/central/edge
S0,134,16,1.2,3,VIDEO,38.4,32.0,57.78803435081796,32.0,1.0583889075241384,126.03825173264556,112.0,11.52,1,central/central/edge
S0,134,16,1.2,4,CPU-OFF,9.6,8.0,138.48571942756638,8.0,2.5363684876843657,242.6662986785007,112.0,129.6,1,central/central/edge
S0,134,16,1.2,5,MQTT,2.4,2.0,93.15810585867666,2.0,1.7061924149940781,117.64450019883427,112.0,4.319999999999999,1,central/central/edge
S0,135,16,1.2,1,BE-DL,24.0,20.0,59.194850002645445,20.0,1.0841547619532133,116.26878474012459,112.0,2.4,1,central/central/edge
S0,135,16,1.2,2,YOLO,18.0,15.0,128.38727760184824,15.0,2.3514153406931912,140.07705558852868,112.0,25.919999999999995,1,central/central/edge
S0,135,16,1.2,3,VIDEO,38.4,32.0,138.15995657946368,32.0,2.5304021351550126,123.56057527083915,112.0,11.52,1,central/central/edge
S0,135,16,1.2,4,CPU-OFF,9.6,8.0,60.08981648950919,8.0,1.1005460895514503,244.02005224631912,112.0,129.6,1,central/central/edge
S0,135,16,1.2,5,MQTT,2.4,2.0,57.13565812841802,2.0,1.046440625062601,119.64078165510192,112.0,4.319999999999999,1,central/central/edge
S0,136,17,1.2,1,BE-DL,24.0,20.0,97.94264207353167,20.0,1.793821283398016,116.31109702274321,112.0,2.4,1,central/central/edge
S0,136,17,1.2,2,YOLO,18.0,15.0,25.942391926399555,15.0,0.4751353832673911,138.77805774863972,112.0,25.919999999999995,1,central/central/edge
S0,136,17,1.2,3,VIDEO,38.4,16.29722771680352,16.29722771680352,32.0,0.2984840241172806,124.24731716776176,112.0,11.52,1,central/central/edge
S0,136,17,1.2,4,CPU-OFF,9.6,8.0,99.34126664485353,8.0,1.8194371180376103,243.82876183317902,112.0,129.6,1,central/central/edge
S0,136,17,1.2,5,MQTT,2.4,2.0,33.259200509992795,2.0,0.6091428664833846,116.41996218903775,112.0,4.319999999999999,1,central/central/edge
S0,137,17,1.2,1,BE-DL,24.0,20.0,72.06216731570184,20.0,1.3198199142069933,115.34174548899692,112.0,2.4,1,central/central/edge
S0,137,17,1.2,2,YOLO,18.0,15.0,30.38482369007324,15.0,0.5564986023822938,140.0356647160632,112.0,25.919999999999995,1,central/central/edge
S0,137,17,1.2,3,VIDEO,38.4,32.0,33.65909885794286,32.0,0.6164670120502355,123.71247873130748,112.0,11.52,1,central/central/edge
S0,137,17,1.2,4,CPU-OFF,9.6,8.0,81.30630518559536,8.0,1.4891264686006476,243.92683847002485,112.0,129.6,1,central/central/edge
S0,137,17,1.2,5,MQTT,2.4,2.0,62.99020045919085,2.0,1.1536666750767555,119.27176088756197,112.0,4.319999999999999,1,central/central/edge
S0,138,17,1.2,1,BE-DL,24.0,20.0,126.48770273175889,20.0,2.316624592156756,116.7037413502027,112.0,2.4,1,central/central/edge
S0,138,17,1.2,2,YOLO,18.0,15.0,32.986768505596075,15.0,0.6041532693332614,138.91775766795533,112.0,25.919999999999995,1,central/central/edge
S0,138,17,1.2,3,VIDEO,38.4,29.28865585462647,29.28865585462647,32.0,0.5364222683997522,126.77412753418183,112.0,11.52,1,central/central/edge
S0,138,17,1.2,4,CPU-OFF,9.6,8.0,31.939020128731734,8.0,0.5849637386214603,243.5983385196195,112.0,129.6,1,central/central/edge
S0,138,17,1.2,5,MQTT,2.4,2.0,64.45953063237404,2.0,1.1805774841094145,118.29196981762902,112.0,4.319999999999999,1,central/central/edge
S0,139,17,1.2,1,BE-DL,24.0,20.0,59.99233323869868,20.0,1.0987606820274483,116.01666404436178,112.0,2.4,1,central/central/edge
S0,139,17,1.2,2,YOLO,18.0,15.0,27.655331780542507,15.0,0.5065079080685441,139.88661148608597,112.0,25.919999999999995,1,central/central/edge
S0,139,17,1.2,3,VIDEO,38.4,21.717167095258546,21.717167095258546,32.0,0.3977503130999734,123.79165834953925,112.0,11.52,1,central/central/edge
S0,139,17,1.2,4,CPU-OFF,9.6,8.0,32.9405746469973,8.0,0.6033072279669834,244.8355854235242,112.0,129.6,1,central/central/edge
S0,139,17,1.2,5,MQTT,2.4,2.0,75.29327986154524,2.0,1.3789977996620006,119.45046473182741,112.0,4.319999999999999,1,central/central/edge
S0,140,17,1.2,1,BE-DL,24.0,20.0,89.82136695301074,20.0,1.6450799808243723,116.45323943752,112.0,2.4,1,central/central/edge
S0,140,17,1.2,2,YOLO,18.0,9.828,9.828,15.0,0.18,139.0387555295346,112.0,25.919999999999995,1,central/central/edge
S0,140,17,1.2,3,VIDEO,38.4,18.164224147012007,18.164224147012007,32.0,0.3326780979306228,124.75619873576166,112.0,11.52,1,central/central/edge
S0,140,17,1.2,4,CPU-OFF,9.6,8.0,43.4902316692363,8.0,0.7965243895464523,243.9264734138038,112.0,129.6,1,central/central/edge
S0,140,17,1.2,5,MQTT,2.4,2.0,42.601693129924755,2.0,0.7802507899253618,118.73243214517106,112.0,4.319999999999999,1,central/central/edge
S0,141,17,1.2,1,BE-DL,24.0,20.0,104.72765039820139,20.0,1.9180888351318937,117.32165851092209,112.0,2.4,1,central/central/edge
S0,141,17,1.2,2,YOLO,18.0,15.0,21.913895323757707,15.0,0.4013533942080166,140.83778689368637,112.0,25.919999999999995,1,central/central/edge
S0,141,17,1.2,3,VIDEO,38.4,9.828,9.828,32.0,0.18,125.96603631963491,112.0,11.52,1,central/central/edge
S0,141,17,1.2,4,CPU-OFF,9.6,8.0,31.47245511265071,8.0,0.5764185918067896,244.42943534056806,112.0,129.6,1,central/central/edge
S0,141,17,1.2,5,MQTT,2.4,2.0,63.8005861803152,2.0,1.1685089044013772,118.72335368598546,112.0,4.319999999999999,1,central/central/edge
S0,142,17,1.2,1,BE-DL,24.0,20.0,63.51534122021145,20.0,1.1632846377328103,114.73281161400133,112.0,2.4,1,central/central/edge
S0,142,17,1.2,2,YOLO,18.0,15.0,70.40455611611252,15.0,1.2894607347273355,139.99753446657036,112.0,25.919999999999995,1,central/central/edge
S0,142,17,1.2,3,VIDEO,38.4,32.0,69.69989140377407,32.0,1.2765547876149097,123.56387860191404,112.0,11.52,1,central/central/edge
S0,142,17,1.2,4,CPU-OFF,9.6,8.0,53.409232768548506,8.0,0.9781910763470422,244.543591504228,112.0,129.6,1,central/central/edge
S0,142,17,1.2,5,MQTT,2.4,2.0,84.66252022738648,2.0,1.550595608560192,116.98431423347449,112.0,4.319999999999999,1,central/central/edge
S0,143,17,1.2,1,BE-DL,24.0,20.0,31.988649494553062,20.0,0.5858727013654407,114.77309743634599,112.0,2.4,1,central/central/edge
S0,143,17,1.2,2,YOLO,18.0,15.0,68.00237428136,15.0,1.2454647304278388,139.21427760874337,112.0,25.919999999999995,1,central/central/edge
S0,143,17,1.2,3,VIDEO,38.4,32.0,76.83498893569619,32.0,1.4072342295915052,123.55182537006296,112.0,11.52,1,central/central/edge
S0,143,17,1.2,4,CPU-OFF,9.6,8.0,97.48687561864153,8.0,1.7854739124293322,242.3030106826268,112.0,129.6,1,central/central/edge
S0,143,17,1.2,5,MQTT,2.4,2.0,76.30012222455845,2.0,1.397438135980924,116.83206240582405,112.0,4.319999999999999,1,central/central/edge
S0,144,18,0.8,1,BE-DL,16.0,16.0,47.36583188926328,20.0,0.8675060785579356,114.19609524520959,112.0,2.0,0,central/central/edge
S0,144,18,0.8,2,YOLO,12.0,12.0,78.9357409352793,15.0,1.4457095409391814,126.60687418804704,112.0,14.4,1,central/central/edge
S0,144,18,0.8,3,VIDEO,25.6,25.6,69.87200757602375,32.0,1.2797070984619734,120.50507260951197,112.0,6.4,1,central/central/edge
S0,144,18,0.8,4,CPU-OFF,6.4,6.4,76.6257864046877,8.0,1.4034026814045366,185.1824845326095,112.0,72.0,0,central/central/edge
S0,144,18,0.8,5,MQTT,1.6,1.6,103.10422797406505,2.0,1.888355823700825,115.4387244059891,112.0,2.4,1,central/central/edge
S0,145,18,0.8,1,BE-DL,16.0,16.0,54.19829732832416,20.0,0.9926428082110651,117.29729660373059,112.0,2.0,0,central/central/edge
S0,145,18,0.8,2,YOLO,12.0,12.0,67.65167231598511,15.0,1.2390416175088848,127.69103602364088,112.0,14.4,1,central/central/edge
S0,145,18,0.8,3,VIDEO,25.6,25.6,48.82154267759187,32.0,0.8941674483075434,119.71678164312276,112.0,6.4,1,central/central/edge
S0,145,18,0.8,4,CPU-OFF,6.4,6.4,52.79006558869126,8.0,0.9668510181078985,185.02273517654257,112.0,72.0,0,central/central/edge
S0,145,18,0.8,5,MQTT,1.6,1.6,128.41746742207937,2.0,2.3519682678036515,115.01238178301557,112.0,2.4,1,central/central/edge
S0,146,18,0.8,1,BE-DL,16.0,16.0,50.69793904938238,20.0,0.9285336822231204,116.86894223651284,112.0,2.0,0,central/central/edge
S0,146,18,0.8,2,YOLO,12.0,12.0,53.99307722492069,15.0,0.9888841982586206,126.59264726382109,112.0,14.4,1,central/central/edge
S0,146,18,0.8,3,VIDEO,25.6,25.6,73.58338094646875,32.0,1.347680969715545,120.28205493271535,112.0,6.4,1,central/central/edge
S0,146,18,0.8,4,CPU-OFF,6.4,6.4,132.6246548358065,8.0,2.4290229823407783,186.68282052097032,112.0,72.0,0,central/central/edge
S0,146,18,0.8,5,MQTT,1.6,1.6,113.74253400156356,2.0,2.08319659343523,115.58760534737124,112.0,2.4,1,central/central/edge
S0,147,18,0.8,1,BE-DL,16.0,16.0,35.76253632746015,20.0,0.6549915078289404,116.24384467775066,112.0,2.0,0,central/central/edge
S0,147,18,0.8,2,YOLO,12.0,12.0,62.20530108351291,15.0,1.1392912286357675,127.65870411092779,112.0,14.4,1,central/central/edge
S0,147,18,0.8,3,VIDEO,25.6,25.6,133.99979609480954,32.0,2.4542087196851563,118.8768293074791,112.0,6.4,1,central/central/edge
S0,147,18,0.8,4,CPU-OFF,6.4,6.4,150.1358756974652,8.0,2.749741313140388,186.08318542609845,112.0,72.0,0,central/central/edge
S0,147,18,0.8,5,MQTT,1.6,1.6,121.84060439608473,2.0,2.231512901027193,115.11448753239269,112.0,2.4,1,central/central/edge
S0,148,18,0.8,1,BE-DL,16.0,16.0,82.05864359773734,20.0,1.5029055603981198,116.41467990667486,112.0,2.0,0,central/central/edge
S0,148,18,0.8,2,YOLO,12.0,12.0,126.353696417861,15.0,2.3141702640633883,128.9444197603762,112.0,14.4,1,central/central/edge
S0,148,18,0.8,3,VIDEO,25.6,25.6,127.33464801644303,32.0,2.3321364105575646,119.60093822486067,112.0,6.4,1,central/central/edge
S0,148,18,0.8,4,CPU-OFF,6.4,6.4,140.3468323543566,8.0,2.570454805024846,184.5374774887562,112.0,72.0,0,central/central/edge
S0,148,18,0.8,5,MQTT,1.6,1.6,111.49919819676639,2.0,2.0421098570836334,115.90061130105869,112.0,2.4,1,central/central/edge
S0,149,18,0.8,1,BE-DL,16.0,16.0,82.31600215884193,20.0,1.507619087158277,116.3947539354636,112.0,2.0,0,central/central/edge
S0,149,18,0.8,2,YOLO,12.0,12.0,48.63416882782973,15.0,0.8907356928173944,126.59400779011796,112.0,14.4,1,central/central/edge
S0,149,18,0.8,3,VIDEO,25.6,25.6,100.31130491085383,32.0,1.8372033866456745,121.62695675929456,112.0,6.4,1,central/central/edge
S0,149,18,0.8,4,CPU-OFF,6.4,6.4,131.93912178189962,8.0,2.416467431902923,184.71792550288995,112.0,72.0,0,central/central/edge
S0,149,18,0.8,5,MQTT,1.6,1.6,93.15810585867668,2.0,1.7061924149940784,115.21785398092177,112.0,2.4,1,central/central/edge
S0,150,18,0.8,1,BE-DL,16.0,16.0,117.39482857667501,20.0,2.1500884354702383,116.31928809713585,112.0,2.0,0,central/central/edge
S0,150,18,0.8,2,YOLO,12.0,12.0,57.66547214320304,15.0,1.056144178446942,128.11972364557147,112.0,14.4,1,central/central/edge
S0,150,18,0.8,3,VIDEO,25.6,25.6,90.17310143163479,32.0,1.6515220042423955,121.4074842657242,112.0,6.4,1,central/central/edge
S0,150,18,0.8,4,CPU-OFF,6.4,6.4,83.76156237931583,8.0,1.5340945490717186,187.32347504680183,112.0,72.0,0,central/central/edge
S0,150,18,0.8,5,MQTT,1.6,1.6,71.23876361581235,2.0,1.3047392603628634,116.36390792611704,112.0,2.4,1,central/central/edge
S0,151,18,0.8,1,BE-DL,16.0,16.0,139.46180556122434,20.0,2.554245523099347,114.10293933732335,112.0,2.0,0,central/central/edge
S0,151,18,0.8,2,YOLO,12.0,12.0,113.78242072982263,15.0,2.083927119593821,128.44779886570836,112.0,14.4,1,central/central/edge
S0,151,18,0.8,3,VIDEO,25.6,25.6,115.43054445275023,32.0,2.114112535764656,120.80966907020792,112.0,6.4,1,central/central/edge
S0,151,18,0.8,4,CPU-OFF,6.4,6.4,83.78179114626201,8.0,1.534465039308828,185.90561663314634,112.0,72.0,0,central/central/edge
S0,151,18,0.8,5,MQTT,1.6,1.6,86.28566170045339,2.0,1.5803234743672783,115.46265926008464,112.0,2.4,1,central/central/edge
S0,152,19,0.8,1,BE-DL,16.0,16.0,107.54732546358531,20.0,1.9697312355968004,114.48174698485907,112.0,2.0,0,central/central/edge
S0,152,19,0.8,2,YOLO,12.0,12.0,74.92856182075893,15.0,1.3723179820651819,129.0051043441231,112.0,14.4,1,central/central/edge
S0,152,19,0.8,3,VIDEO,25.6,25.6,80.43213233586363,32.0,1.4731159768473192,120.84683841100605,112.0,6.4,1,central/central/edge
S0,152,19,0.8,4,CPU-OFF,6.4,6.4,90.26377948570332,8.0,1.6531827744634309,185.6167256120636,112.0,72.0,0,central/central/edge
S0,152,19,0.8,5,MQTT,1.6,1.6,37.28567919557494,2.0,0.6828878973548524,115.79128087700862,112.0,2.4,1,central/central/edge
S0,153,19,0.8,1,BE-DL,16.0,16.0,140.42278862593562,20.0,2.5718459455299563,115.58365679934252,112.0,2.0,0,central/central/edge
S0,153,19,0.8,2,YOLO,12.0,12.0,117.80988751998555,15.0,2.157690247618783,128.77213344970636,112.0,14.4,1,central/central/edge
S0,153,19,0.8,3,VIDEO,25.6,25.6,55.15396232364725,32.0,1.0101458301034294,120.84631510672973,112.0,6.4,1,central/central/edge
S0,153,19,0.8,4,CPU-OFF,6.4,6.4,59.35836759773717,8.0,1.087149589702146,187.43418400787425,112.0,72.0,0,central/central/edge
S0,153,19,0.8,5,MQTT,1.6,1.6,60.908793775505984,2.0,1.1155456735440656,116.7923955106459,112.0,2.4,1,central/central/edge
S0,154,19,0.8,1,BE-DL,16.0,16.0,112.42260766579687,20.0,2.059022118421188,114.08709567202034,112.0,2.0,0,central/central/edge
S0,154,19,0.8,2,YOLO,12.0,12.0,44.362366354986456,15.0,0.8124975522891292,127.9871853786076,112.0,14.4,1,central/central/edge
S0,154,19,0.8,3,VIDEO,25.6,25.6,81.83375615495466,32.0,1.4987867427647372,119.471145220538,112.0,6.4,1,central/central/edge
S0,154,19,0.8,4,CPU-OFF,6.4,6.4,36.53912481851805,8.0,0.6692147402658983,184.6262749451871,112.0,72.0,0,central/central/edge
S0,154,19,0.8,5,MQTT,1.6,1.6,67.82142766154446,2.0,1.2421506897718766,114.55965126617737,112.0,2.4,1,central/central/edge
S0,155,19,0.8,1,BE-DL,16.0,16.0,89.82136695301074,20.0,1.6450799808243723,117.28456453149785,112.0,2.0,0,central/central/edge
S0,155,19,0.8,2,YOLO,12.0,12.0,38.407540878252,15.0,0.70343481462,127.54579274783416,112.0,14.4,1,central/central/edge
S0,155,19,0.8,3,VIDEO,25.6,25.6,27.054337694941044,32.0,0.4955006903835356,121.68075596319724,112.0,6.4,1,central/central/edge
S0,155,19,0.8,4,CPU-OFF,6.4,6.4,43.4902316692363,8.0,0.7965243895464523,184.3437104928469,112.0,72.0,0,central/central/edge
S0,155,19,0.8,5,MQTT,1.6,1.6,38.406071836826094,2.0,0.703407909099379,116.51405434720326,112.0,2.4,1,central/central/edge
S0,156,19,0.8,1,BE-DL,16.0,16.0,83.94200986115379,20.0,1.5373994480064797,115.36461415876254,112.0,2.0,0,central/central/edge
S0,156,19,0.8,2,YOLO,12.0,12.0,57.83357343045624,15.0,1.0592229566017626,128.72864882599904,112.0,14.4,1,central/central/edge
S0,156,19,0.8,3,VIDEO,25.6,25.6,53.912974747920906,32.0,0.9874171199252912,119.13956221110068,112.0,6.4,1,central/central/edge
S0,156,19,0.8,4,CPU-OFF,6.4,6.4,62.35109031751556,8.0,1.1419613611266586,186.75024898688574,112.0,72.0,0,central/central/edge
S0,156,19,0.8,5,MQTT,1.6,1.6,58.950249219238586,2.0,1.0796748941252488,116.27061590003687,112.0,2.4,1,central/central/edge
S0,157,19,0.8,1,BE-DL,16.0,16.0,85.95282589039486,20.0,1.5742275804101622,114.471874941588,112.0,2.0,0,central/central/edge
S0,157,19,0.8,2,YOLO,12.0,12.0,77.75603587120852,15.0,1.4241032210844051,129.00821492878987,112.0,14.4,1,central/central/edge
S0,157,19,0.8,3,VIDEO,25.6,25.6,29.671439714056397,32.0,0.5434329617959047,119.81332632232353,112.0,6.4,1,central/central/edge
S0,157,19,0.8,4,CPU-OFF,6.4,6.4,66.59252440129147,8.0,1.2196433040529573,185.83172100677714,112.0,72.0,0,central/central/edge
S0,157,19,0.8,5,MQTT,1.6,1.6,62.31505295924385,2.0,1.1413013362498874,116.53321525487317,112.0,2.4,1,central/central/edge
S0,158,19,0.8,1,BE-DL,16.0,16.0,43.75805827085088,20.0,0.8014296386602725,116.26973950556942,112.0,2.0,0,central/central/edge
S0,158,19,0.8,2,YOLO,12.0,12.0,43.150100949617986,15.0,0.7902948891871426,126.93216824037195,112.0,14.4,1,central/central/edge
S0,158,19,0.8,3,VIDEO,25.6,25.6,72.82352364989663,32.0,1.3337641694120261,119.69845553788734,112.0,6.4,1,central/central/edge
S0,158,19,0.8,4,CPU-OFF,6.4,6.4,107.66622809287719,8.0,1.9719089394299851,185.32704232010397,112.0,72.0,0,central/central/edge
S0,158,19,0.8,5,MQTT,1.6,1.6,88.85583853999212,2.0,1.6273963102562659,116.86309956613324,112.0,2.4,1,central/central/edge
S0,159,19,0.8,1,BE-DL,16.0,16.0,65.37038787056214,20.0,1.1972598511091967,116.77939535318089,112.0,2.0,0,central/central/edge
S0,159,19,0.8,2,YOLO,12.0,12.0,34.157647895630056,15.0,0.6255979468064112,127.73825799486141,112.0,14.4,1,central/central/edge
S0,159,19,0.8,3,VIDEO,25.6,25.6,37.59610559928181,32.0,0.688573362624209,119.44794087273793,112.0,6.4,1,central/central/edge
S0,159,19,0.8,4,CPU-OFF,6.4,6.4,94.10184295312544,8.0,1.7234769771634695,184.36767714648363,112.0,72.0,0,central/central/edge
S0,159,19,0.8,5,MQTT,1.6,1.6,62.2812341569226,2.0,1.1406819442659817,114.69611072383694,112.0,2.4,1,central/central/edge
S0,160,20,0.8,1,BE-DL,16.0,16.0,75.65752165121393,20.0,1.3856688947108777,116.3254682448063,112.0,2.0,0,central/central/edge
S0,160,20,0.8,2,YOLO,12.0,12.0,15.424581288044642,15.0,0.2825014887920264,127.17714248919333,112.0,14.4,1,central/central/edge
S0,160,20,0.8,3,VIDEO,25.6,16.656761619413658,16.656761619413658,32.0,0.3050688941284553,120.79137587767805,112.0,6.4,1,central/central/edge
S0,160,20,0.8,4,CPU-OFF,6.4,6.4,85.16133222326607,8.0,1.5597313594004776,184.0447645666566,112.0,72.0,0,central/central/edge
S0,160,20,0.8,5,MQTT,1.6,1.6,114.26978033320619,2.0,2.092853119655791,117.0059571909948,112.0,2.4,1,central/central/edge
S0,161,20,0.8,1,BE-DL,16.0,16.0,81.53177332503012,20.0,1.4932559217038484,117.34380323075948,112.0,2.0,0,central/central/edge
S0,161,20,0.8,2,YOLO,12.0,12.0,24.60594857257082,15.0,0.45065839876503333,129.8617995287576,112.0,14.4,1,central/central/edge
S0,161,20,0.8,3,VIDEO,25.6,18.908134597636867,18.908134597636867,32.0,0.3463028314585507,120.34258769384344,112.0,6.4,1,central/central/edge
S0,161,20,0.8,4,CPU-OFF,6.4,6.4,132.6246548358065,8.0,2.4290229823407783,184.24437587166042,112.0,72.0,0,central/central/edge
S0,161,20,0.8,5,MQTT,1.6,1.6,120.7837384873747,2.0,2.2121563825526502,114.61619575573252,112.0,2.4,1,central/central/edge
S0,162,20,0.8,1,BE-DL,16.0,16.0,75.23627925493976,20.0,1.3779538325080543,117.09960419318874,112.0,2.0,0,central/central/edge
S0,162,20,0.8,2,YOLO,12.0,12.0,17.417484303383656,15.0,0.31900154401801567,127.47603237561165,112.0,14.4,1,central/central/edge
S0,162,20,0.8,3,VIDEO,25.6,17.041500785797897,17.041500785797897,32.0,0.31211539900728746,119.55287190736067,112.0,6.4,1,central/central/edge
S0,162,20,0.8,4,CPU-OFF,6.4,6.4,57.87055572338659,8.0,1.0599002879741133,186.90858574666413,112.0,72.0,0,central/central/edge
S0,162,20,0.8,5,MQTT,1.6,1.6,121.84060439608487,2.0,2.2315129010271955,117.06328439721855,112.0,2.4,1,central/central/edge
S0,163,20,0.8,1,BE-DL,16.0,16.0,56.65953962700911,20.0,1.0377205059891779,115.96038501045336,112.0,2.0,0,central/central/edge
S0,163,20,0.8,2,YOLO,12.0,12.0,28.357241791489457,15.0,0.5193634027745322,128.93009880110532,112.0,14.4,1,central/central/edge
S0,163,20,0.8,3,VIDEO,25.6,21.905875887574506,21.905875887574506,32.0,0.4012065180874452,118.86881131432699,112.0,6.4,1,central/central/edge
S0,163,20,0.8,4,CPU-OFF,6.4,6.4,70.70909110982858,8.0,1.295038298714809,186.63716983662178,112.0,72.0,0,central/central/edge
S0,163,20,0.8,5,MQTT,1.6,1.6,86.93157825510616,2.0,1.5921534478957171,114.73977238530271,112.0,2.4,1,central/central/edge
S0,164,20,0.8,1,BE-DL,16.0,16.0,53.23697965707699,20.0,0.9750362574556226,116.71097542086754,112.0,2.0,0,central/central/edge
S0,164,20,0.8,2,YOLO,12.0,12.0,28.845814543474066,15.0,0.5283116216753492,127.76986866355878,112.0,14.4,1,central/central/edge
S0,164,20,0.8,3,VIDEO,25.6,25.6,36.02484254624578,32.0,0.6597956510301425,119.21554155341812,112.0,6.4,1,central/central/edge
S0,164,20,0.8,4,CPU-OFF,6.4,6.4,138.48571942756658,8.0,2.5363684876843697,185.7979106086946,112.0,72.0,0,central/central/edge
S0,164,20,0.8,5,MQTT,1.6,1.6,71.4351394701065,2.0,1.3083358877308884,115.06693556112468,112.0,2.4,1,central/central/edge
S0,165,20,0.8,1,BE-DL,16.0,16.0,59.194850002645346,20.0,1.0841547619532115,116.69775986560761,112.0,2.0,0,central/central/edge
S0,165,20,0.8,2,YOLO,12.0,12.0,37.92864828135958,15.0,0.6946638879369886,129.24890452074527,112.0,14.4,1,central/central/edge
S0,165,20,0.8,3,VIDEO,25.6,25.24846840085777,25.24846840085777,32.0,0.4624261611878712,121.50934371773192,112.0,6.4,1,central/central/edge
S0,165,20,0.8,4,CPU-OFF,6.4,6.4,54.17188001705764,8.0,0.9921589746713853,185.70144021558542,112.0,72.0,0,central/central/edge
S0,165,20,0.8,5,MQTT,1.6,1.6,71.23876361581253,2.0,1.3047392603628667,117.60068127329568,112.0,2.4,1,central/central/edge
S0,166,20,0.8,1,BE-DL,16.0,16.0,139.46180556122457,20.0,2.554245523099351,115.27631753794333,112.0,2.0,0,central/central/edge
S0,166,20,0.8,2,YOLO,12.0,12.0,141.95711538673092,15.0,2.5999471682551447,129.01032907439372,112.0,14.4,1,central/central/edge
S0,166,20,0.8,3,VIDEO,25.6,25.6,121.78900664718118,32.0,2.2305678873110106,120.3614547108799,112.0,6.4,1,central/central/edge
S0,166,20,0.8,4,CPU-OFF,6.4,6.4,73.40880748053416,8.0,1.3444836534896367,184.65539912720772,112.0,72.0,0,central/central/edge
S0,166,20,0.8,5,MQTT,1.6,1.6,29.18024195688042,2.0,0.5344366658769307,117.41404554079271,112.0,2.4,1,central/central/edge
S0,167,20,0.8,1,BE-DL,16.0,16.0,57.86810405654845,20.0,1.0598553856510704,116.87037979286755,112.0,2.0,0,central/central/edge
S0,167,20,0.8,2,YOLO,12.0,12.0,95.08176120703169,15.0,1.7414241979309832,128.20122092845264,112.0,14.4,1,central/central/edge
S0,167,20,0.8,3,VIDEO,25.6,25.6,91.79754233984417,32.0,1.681273669227915,119.651399310018,112.0,6.4,1,central/central/edge
S0,167,20,0.8,4,CPU-OFF,6.4,6.4,54.43388228527134,8.0,0.9969575510122956,185.83282876949352,112.0,72.0,0,central/central/edge
S0,167,20,0.8,5,MQTT,1.6,1.6,29.941530263113105,2.0,0.5483796751485916,116.290755469389,112.0,2.4,1,central/central/edge
S0,168,21,0.8,1,BE-DL,16.0,16.0,105.58507389049365,20.0,1.9337925620969532,115.45966654154846,112.0,2.0,0,central/central/edge
S0,168,21,0.8,2,YOLO,12.0,12.0,130.11132155821718,15.0,2.382991237329985,126.79159594895879,112.0,14.4,1,central/central/edge
S0,168,21,0.8,3,VIDEO,25.6,25.6,69.98847632793876,32.0,1.281840225786424,119.64229522918565,112.0,6.4,1,central/central/edge
S0,168,21,0.8,4,CPU-OFF,6.4,6.4,67.19246687459602,8.0,1.2306312614394876,186.82580118854875,112.0,72.0,0,central/central/edge
S0,168,21,0.8,5,MQTT,1.6,1.6,46.705846348033724,2.0,0.8554184312826689,115.8149401923385,112.0,2.4,1,central/central/edge
S0,169,21,0.8,1,BE-DL,16.0,16.0,73.09990184547318,20.0,1.3388260411258823,116.18052612378708,112.0,2.0,0,central/central/edge
S0,169,21,0.8,2,YOLO,12.0,12.0,49.80303392682431,15.0,0.9121434785132658,126.65733168284407,112.0,14.4,1,central/central/edge
S0,169,21,0.8,3,VIDEO,25.6,25.6,81.83375615495446,32.0,1.4987867427647337,118.86763242049962,112.0,6.4,1,central/central/edge
S0,169,21,0.8,4,CPU-OFF,6.4,6.4,43.73622516155944,8.0,0.801029764863726,185.43081449461334,112.0,72.0,0,central/central/edge
S0,169,21,0.8,5,MQTT,1.6,1.6,41.669944961542214,2.0,0.7631858051564507,117.60868546509646,112.0,2.4,1,central/central/edge
S0,170,21,0.8,1,BE-DL,16.0,16.0,89.82136695301058,20.0,1.6450799808243695,114.15698664298743,112.0,2.0,0,central/central/edge
S0,170,21,0.8,2,YOLO,12.0,12.0,80.80076996085073,15.0,1.4798675817005629,128.6449039281947,112.0,14.4,1,central/central/edge
S0,170,21,0.8,3,VIDEO,25.6,25.6,34.61791597524709,32.0,0.6340277651144155,121.71531383713626,112.0,6.4,1,central/central/edge
S0,170,21,0.8,4,CPU-OFF,6.4,6.4,36.33361126796958,8.0,0.6654507558236187,186.24789759018358,112.0,72.0,0,central/central/edge
S0,170,21,0.8,5,MQTT,1.6,1.6,42.60169312992484,2.0,0.7802507899253633,117.04409120413385,112.0,2.4,1,central/central/edge
S0,171,21,0.8,1,BE-DL,16.0,16.0,57.95995918984442,20.0,1.0615377140997146,115.71382106261754,112.0,2.0,0,central/central/edge
S0,171,21,0.8,2,YOLO,12.0,12.0,82.34997955858462,15.0,1.5082413838568611,128.88590860057718,112.0,14.4,1,central/central/edge
S0,171,21,0.8,3,VIDEO,25.6,25.6,43.23984776736806,32.0,0.7919386037979498,119.30537751358567,112.0,6.4,1,central/central/edge
S0,171,21,0.8,4,CPU-OFF,6.4,6.4,62.351090317515435,8.0,1.1419613611266564,186.4665240846738,112.0,72.0,0,central/central/edge
S0,171,21,0.8,5,MQTT,1.6,1.6,88.05227098569792,2.0,1.6126789557820131,115.21804744603746,112.0,2.4,1,central/central/edge
S0,172,21,0.8,1,BE-DL,16.0,16.0,32.10286268195478,20.0,0.5879645179845199,114.75413785657148,112.0,2.0,0,central/central/edge
S0,172,21,0.8,2,YOLO,12.0,12.0,44.674376973276225,15.0,0.8182120324775866,128.51446428494825,112.0,14.4,1,central/central/edge
S0,172,21,0.8,3,VIDEO,25.6,25.6,51.505140635720494,32.0,0.9433175940608148,120.65968040958766,112.0,6.4,1,central/central/edge
S0,172,21,0.8,4,CPU-OFF,6.4,6.4,49.0148022243007,8.0,0.8977070004450678,184.79708691344743,112.0,72.0,0,central/central/edge
S0,172,21,0.8,5,MQTT,1.6,1.6,95.8362538614576,2.0,1.7552427447153407,117.10101629406485,112.0,2.4,1,central/central/edge
S0,173,21,0.8,1,BE-DL,16.0,16.0,51.604330788382875,20.0,0.9451342635234958,117.02962807020911,112.0,2.0,0,central/central/edge
S0,173,21,0.8,2,YOLO,12.0,12.0,71.55269904303742,15.0,1.310488993462224,129.71330267491902,112.0,14.4,1,central/central/edge
S0,173,21,0.8,3,VIDEO,25.6,25.6,64.80059307829772,32.0,1.1868240490530717,121.62666835559153,112.0,6.4,1,central/central/edge
S0,173,21,0.8,4,CPU-OFF,6.4,6.4,97.48687561864128,8.0,1.7854739124293275,187.1714071380517,112.0,72.0,0,central/central/edge
S0,173,21,0.8,5,MQTT,1.6,1.6,132.8008456440097,2.0,2.432249920219958,117.84304586128361,112.0,2.4,1,central/central/edge
S0,174,21,0.8,1,BE-DL,16.0,16.0,72.57221026308174,20.0,1.3291613601297023,117.2557930533899,112.0,2.0,0,central/central/edge
S0,174,21,0.8,2,YOLO,12.0,12.0,78.9357409352794,15.0,1.4457095409391831,127.49458646452986,112.0,14.4,1,central/central/edge
S0,174,21,0.8,3,VIDEO,25.6,25.6,65.26116443648903,32.0,1.1952594219137183,121.42917270074953,112.0,6.4,1,central/central/edge
S0,174,21,0.8,4,CPU-OFF,6.4,6.4,70.80043422187518,8.0,1.2967112494848934,187.48444575284233,112.0,72.0,0,central/central/edge
S0,174,21,0.8,5,MQTT,1.6,1.6,62.28123415692253,2.0,1.1406819442659804,116.57417974377022,112.0,2.4,1,central/central/edge
S0,175,21,0.8,1,BE-DL,16.0,16.0,29.162535618286075,20.0,0.5341123739612834,116.95730675189883,112.0,2.0,0,central/central/edge
S0,175,21,0.8,2,YOLO,12.0,12.0,80.2155543175252,15.0,1.4691493464748204,126.99588571299853,112.0,14.4,1,central/central/edge
S0,175,21,0.8,3,VIDEO,25.6,25.6,59.48843435504862,32.0,1.0895317647444802,121.46972429719109,112.0,6.4,1,central/central/edge
S0,175,21,0.8,4,CPU-OFF,6.4,6.4,52.79006558869117,8.0,0.9668510181078969,186.51561326984262,112.0,72.0,0,central/central/edge
S0,175,21,0.8,5,MQTT,1.6,1.6,114.26978033320614,2.0,2.09285311965579,117.63118246412398,112.0,2.4,1,central/central/edge
S0,176,22,0.8,1,BE-DL,16.0,16.0,42.98948048047035,20.0,0.7873531223529368,116.54156640209129,112.0,2.0,0,central/central/edge
S0,176,22,0.8,2,YOLO,12.0,12.0,58.833835872672196,15.0,1.0775427815507728,129.6582514445281,112.0,14.4,1,central/central/edge
S0,176,22,0.8,3,VIDEO,25.6,25.6,97.80069619467328,32.0,1.791221542026983,120.33287371231451,112.0,6.4,1,central/central/edge
S0,176,22,0.8,4,CPU-OFF,6.4,6.4,139.5488336023344,8.0,2.555839443266198,184.52710061138728,112.0,72.0,0,central/central/edge
S0,176,22,0.8,5,MQTT,1.6,1.6,134.86614745899695,2.0,2.4700759607874896,117.7651370524113,112.0,2.4,1,central/central/edge
S0,177,22,0.8,1,BE-DL,16.0,16.0,40.14850776384686,20.0,0.7353206550155102,117.21874163056462,112.0,2.0,0,central/central/edge
S0,177,22,0.8,2,YOLO,12.0,12.0,90.09043605198461,15.0,1.6500079863000845,129.2928021379792,112.0,14.4,1,central/central/edge
S0,177,22,0.8,3,VIDEO,25.6,25.6,100.75557187281481,32.0,1.8453401441907473,121.68422641862969,112.0,6.4,1,central/central/edge
S0,177,22,0.8,4,CPU-OFF,6.4,6.4,57.87055572338659,8.0,1.0599002879741133,186.2648457097562,112.0,72.0,0,central/central/edge
S0,177,22,0.8,5,MQTT,1.6,1.6,74.85969337895037,2.0,1.3710566552921313,115.16579621749402,112.0,2.4,1,central/central/edge
S0,178,22,0.8,1,BE-DL,16.0,16.0,71.89900200944622,20.0,1.3168315386345462,114.05022928284377,112.0,2.0,0,central/central/edge
S0,178,22,0.8,2,YOLO,12.0,12.0,95.00640532182709,15.0,1.7400440535133166,127.30049694671986,112.0,14.4,1,central/central/edge
S0,178,22,0.8,3,VIDEO,25.6,25.6,127.33464801644303,32.0,2.3321364105575646,119.34269082622357,112.0,6.4,1,central/central/edge
S0,178,22,0.8,4,CPU-OFF,6.4,6.4,98.56418760763975,8.0,1.8052049012388234,184.30815884632398,112.0,72.0,0,central/central/edge
S0,178,22,0.8,5,MQTT,1.6,1.6,93.07348324052111,2.0,1.7046425501926943,115.72549823229393,112.0,2.4,1,central/central/edge
S0,179,22,0.8,1,BE-DL,16.0,16.0,82.31600215884191,20.0,1.5076190871582766,115.8187688445356,112.0,2.0,0,central/central/edge
S0,179,22,0.8,2,YOLO,12.0,12.0,109.81909090155114,15.0,2.01133866120057,127.98820402982895,112.0,14.4,1,central/central/edge
S0,179,22,0.8,3,VIDEO,25.6,25.6,93.22409315084786,32.0,1.707400973458752,118.91172310496175,112.0,6.4,1,central/central/edge
S0,179,22,0.8,4,CPU-OFF,6.4,6.4,66.47314532523188,8.0,1.217456874088496,184.82615360083736,112.0,72.0,0,central/central/edge
S0,179,22,0.8,5,MQTT,1.6,1.6,93.15810585867669,2.0,1.7061924149940786,115.52101391424442,112.0,2.4,1,central/central/edge
S0,180,22,0.8,1,BE-DL,16.0,16.0,59.19485000264543,20.0,1.084154761953213,114.8071823859525,112.0,2.0,0,central/central/edge
S0,180,22,0.8,2,YOLO,12.0,12.0,64.73765268906756,15.0,1.185671294671567,127.29309353150022,112.0,14.4,1,central/central/edge
S0,180,22,0.8,3,VIDEO,25.6,25.6,49.04151130492419,32.0,0.8981961777458642,121.14287780820429,112.0,6.4,1,central/central/edge
S0,180,22,0.8,4,CPU-OFF,6.4,6.4,60.0898164895092,8.0,1.1005460895514505,185.26948724682012,112.0,72.0,0,central/central/edge
S0,180,22,0.8,5,MQTT,1.6,1.6,47.73358780348848,2.0,0.8742415348624264,115.73841748875819,112.0,2.4,1,central/central/edge
S0,181,22,0.8,1,BE-DL,16.0,16.0,91.02278149224955,20.0,1.6670839101144606,116.50735098631232,112.0,2.0,0,central/central/edge
S0,181,22,0.8,2,YOLO,12.0,12.0,92.65139973714122,15.0,1.6969120830978246,128.43447386008964,112.0,14.4,1,central/central/edge
S0,181,22,0.8,3,VIDEO,25.6,25.6,115.43054445275023,32.0,2.114112535764656,118.62147914723123,112.0,6.4,1,central/central/edge
S0,181,22,0.8,4,CPU-OFF,6.4,6.4,63.035823814806676,8.0,1.154502267670452,187.0100728683368,112.0,72.0,0,central/central/edge
S0,181,22,0.8,5,MQTT,1.6,1.6,74.04878604111606,2.0,1.3562048725479132,116.5942765031188,112.0,2.4,1,central/central/edge
S0,182,22,0.8,1,BE-DL,16.0,16.0,57.86810405654845,20.0,1.0598553856510704,117.15744652368107,112.0,2.0,0,central/central/edge
S0,182,22,0.8,2,YOLO,12.0,12.0,142.10589310833558,15.0,2.602672034951201,127.50363044572993,112.0,14.4,1,central/central/edge
S0,182,22,0.8,3,VIDEO,25.6,25.6,40.65319732193108,32.0,0.7445640535152213,121.75922365229557,112.0,6.4,1,central/central/edge
S0,182,22,0.8,4,CPU-OFF,6.4,6.4,40.99767083510953,8.0,0.7508730922181233,186.6469558905684,112.0,72.0,0,central/central/edge
S0,182,22,0.8,5,MQTT,1.6,1.6,70.33434939165257,2.0,1.288174897283014,115.18736446490271,112.0,2.4,1,central/central/edge
S0,183,22,0.8,1,BE-DL,16.0,16.0,56.8122732608748,20.0,1.0405178252907472,116.87134744559594,112.0,2.0,0,central/central/edge
S0,183,22,0.8,2,YOLO,12.0,12.0,87.0563024244073,15.0,1.594437773340793,128.6514626105759,112.0,14.4,1,central/central/edge
S0,183,22,0.8,3,VIDEO,25.6,25.6,79.87815233079986,32.0,1.4629698229084225,120.95281420479132,112.0,6.4,1,central/central/edge
S0,183,22,0.8,4,CPU-OFF,6.4,6.4,47.60721868244929,8.0,0.8719270820961409,185.00198261440957,112.0,72.0,0,central/central/edge
S0,183,22,0.8,5,MQTT,1.6,1.6,43.15510949116565,2.0,0.7903866207173196,114.47696504939324,112.0,2.4,1,central/central/edge
S0,184,23,0.8,1,BE-DL,16.0,16.0,92.76125475563506,20.0,1.6989240797735359,115.0780116241093,112.0,2.0,0,central/central/edge
S0,184,23,0.8,2,YOLO,12.0,12.0,20.038397179969362,15.0,0.36700361135475024,128.00627283138127,112.0,14.4,1,central/central/edge
S0,184,23,0.8,3,VIDEO,25.6,22.913451723387308,22.913451723387308,32.0,0.4196602879741265,121.48561902629793,112.0,6.4,1,central/central/edge
S0,184,23,0.8,4,CPU-OFF,6.4,6.4,61.72897601916308,8.0,1.130567326358298,184.87873593171443,112.0,72.0,0,central/central/edge
S0,184,23,0.8,5,MQTT,1.6,1.6,45.40587106154248,2.0,0.8316093601015105,116.78399113631254,112.0,2.4,1,central/central/edge
S0,185,23,0.8,1,BE-DL,16.0,16.0,119.45785858725287,20.0,2.1878728678984043,114.40479495147964,112.0,2.0,0,central/central/edge
S0,185,23,0.8,2,YOLO,12.0,12.0,21.30531512869074,15.0,0.3902072367892077,128.68299592886032,112.0,14.4,1,central/central/edge
S0,185,23,0.8,3,VIDEO,25.6,21.3409270247406,21.3409270247406,32.0,0.3908594693175934,118.54558471847363,112.0,6.4,1,central/central/edge
S0,185,23,0.8,4,CPU-OFF,6.4,6.4,32.7553010673362,8.0,0.5999139389622014,184.9861385587583,112.0,72.0,0,central/central/edge
S0,185,23,0.8,5,MQTT,1.6,1.6,67.77542088851663,2.0,1.241308074881257,117.49523207296262,112.0,2.4,1,central/central/edge
S0,186,23,0.8,1,BE-DL,16.0,16.0,89.13841999541572,20.0,1.6325717947878335,116.00759207574255,112.0,2.0,0,central/central/edge
S0,186,23,0.8,2,YOLO,12.0,12.0,19.6256974184657,15.0,0.35944500766420695,129.23157733103835,112.0,14.4,1,central/central/edge
S0,186,23,0.8,3,VIDEO,25.6,12.107157374863052,12.107157374863052,32.0,0.22174280906342583,120.75238660425143,112.0,6.4,1,central/central/edge
S0,186,23,0.8,4,CPU-OFF,6.4,6.4,39.19211391386692,8.0,0.7178042841367568,186.88918048057943,112.0,72.0,0,central/central/edge
S0,186,23,0.8,5,MQTT,1.6,1.6,73.50126010246836,2.0,1.346176924953633,116.95371976567266,112.0,2.4,1,central/central/edge
S0,187,23,0.8,1,BE-DL,16.0,16.0,76.97783202232152,20.0,1.409850403339222,114.21421257571441,112.0,2.0,0,central/central/edge
S0,187,23,0.8,2,YOLO,12.0,11.479618386803878,11.479618386803878,15.0,0.21024942100373403,127.40035722822361,112.0,14.4,1,central/central/edge
S0,187,23,0.8,3,VIDEO,25.6,9.828,9.828,32.0,0.18,119.38320919206403,112.0,6.4,1,central/central/edge
S0,187,23,0.8,4,CPU-OFF,6.4,6.4,92.95910766677744,8.0,1.7025477594647882,185.63857044536624,112.0,72.0,0,central/central/edge
S0,187,23,0.8,5,MQTT,1.6,1.6,79.07565341035082,2.0,1.4482720404826157,115.55240557242924,112.0,2.4,1,central/central/edge
S0,188,23,0.8,1,BE-DL,16.0,16.0,35.91178575331901,20.0,0.6577250137970514,115.62021138785975,112.0,2.0,0,central/central/edge
S0,188,23,0.8,2,YOLO,12.0,10.093846399353678,10.093846399353678,15.0,0.18486898167314428,128.65428594043343,112.0,14.4,1,central/central/edge
S0,188,23,0.8,3,VIDEO,25.6,10.281694101756589,10.281694101756589,32.0,0.1883094157830877,119.06659957043051,112.0,6.4,1,central/central/edge
S0,188,23,0.8,4,CPU-OFF,6.4,6.4,97.4868756186415,8.0,1.7854739124293315,185.60115075089462,112.0,72.0,0,central/central/edge
S0,188,23,0.8,5,MQTT,1.6,1.6,88.8558385399921,2.0,1.6273963102562656,115.59690249968274,112.0,2.4,1,central/central/edge
S0,189,23,0.8,1,BE-DL,16.0,16.0,25.760364711704568,20.0,0.47180155149642067,114.21268362929594,112.0,2.0,0,central/central/edge
S0,189,23,0.8,2,YOLO,12.0,12.0,21.057185290953115,15.0,0.3856627342665406,128.04661677285458,112.0,14.4,1,central/central/edge
S0,189,23,0.8,3,VIDEO,25.6,24.728306437565358,24.728306437565358,32.0,0.4528993853033948,120.87760641016864,112.0,6.4,1,central/central/edge
S0,189,23,0.8,4,CPU-OFF,6.4,6.4,105.75254731875047,8.0,1.9368598410027558,187.05647841650335,112.0,72.0,0,central/central/edge
S0,189,23,0.8,5,MQTT,1.6,1.6,48.67356955120842,2.0,0.8914573177877,116.17507906417237,112.0,2.4,1,central/central/edge
S0,190,23,0.8,1,BE-DL,16.0,16.0,54.19829732832423,20.0,0.9926428082110664,116.99300081975363,112.0,2.0,0,central/central/edge
S0,190,23,0.8,2,YOLO,12.0,12.0,88.59147565188586,15.0,1.6225544991187886,129.53394028589705,112.0,14.4,1,central/central/edge
S0,190,23,0.8,3,VIDEO,25.6,25.6,38.154651000134905,32.0,0.6988031318706026,118.50746858586572,112.0,6.4,1,central/central/edge
S0,190,23,0.8,4,CPU-OFF,6.4,6.4,111.05834553092626,8.0,2.0340356324345468,187.081251221245,112.0,72.0,0,central/central/edge
S0,190,23,0.8,5,MQTT,1.6,1.6,135.49131096651598,2.0,2.481525841877582,116.70159260515514,112.0,2.4,1,central/central/edge
S0,191,23,0.8,1,BE-DL,16.0,16.0,81.53177332503012,20.0,1.4932559217038481,114.41234190626037,112.0,2.0,0,central/central/edge
S0,191,23,0.8,2,YOLO,12.0,12.0,73.3561118159269,15.0,1.3435185314272324,128.1126612694787,112.0,14.4,1,central/central/edge
S0,191,23,0.8,3,VIDEO,25.6,25.6,55.42039451031495,32.0,1.0150255404819588,118.63712089243583,112.0,6.4,1,central/central/edge
S0,191,23,0.8,4,CPU-OFF,6.4,6.4,139.54883360233455,8.0,2.5558394432662004,185.45899480277475,112.0,72.0,0,central/central/edge
S0,191,23,0.8,5,MQTT,1.6,1.6,57.41289811507498,2.0,1.0515182804958787,114.9681923567608,112.0,2.4,1,central/central/edge
S1,0,0,0.2,1,BE-DL,4.0,4.0,123.86149286267826,20.0,2.2685255103054627,67.29675184487817,64.0,2.0,0,central/central/central
S1,0,0,0.2,2,YOLO,3.0,3.0,64.73765268906754,15.0,1.1856712946715668,30.84221067008378,26.0,3.6,0,edge/edge/edge
S1,0,0,0.2,3,VIDEO,6.4,6.4,49.041511304924136,32.0,0.8981961777458632,48.36681386048643,44.0,1.6,0,regional/regional/regional
S1,0,0,0.2,4,CPU-OFF,1.6,1.6,95.59743532421902,8.0,1.7508687788318502,85.16800342837011,64.0,18.0,0,central/central/central
S1,0,0,0.2,5,MQTT,0.4,0.4,57.13565812841797,2.0,1.0464406250626002,65.22073617138066,64.0,0.6,0,central/central/central
S1,1,0,0.2,1,BE-DL,4.0,4.0,97.94264207353166,20.0,1.7938212833980156,69.38436770056836,64.0,2.0,0,central/central/central
S1,1,0,0.2,2,YOLO,3.0,3.0,134.9134417225039,15.0,2.4709421560898153,32.81947556188047,26.0,3.6,0,edge/edge/edge
S1,1,0,0.2,3,VIDEO,6.4,6.4,102.71362006388777,32.0,1.8812018326719373,47.82554781450628,44.0,1.6,0,regional/regional/regional
S1,1,0,0.2,4,CPU-OFF,1.6,1.6,42.289856483351265,8.0,0.7745394960320744,84.6345623397768,64.0,18.0,0,central/central/central
S1,1,0,0.2,5,MQTT,0.4,0.4,45.496076169329775,2.0,0.8332614683027431,66.40303793712823,64.0,0.6,0,central/central/central
S1,2,0,0.2,1,BE-DL,4.0,4.0,114.644357093162,20.0,2.099713499874762,66.97264725425056,64.0,2.0,0,central/central/central
S1,2,0,0.2,2,YOLO,3.0,3.0,128.67042685082038,15.0,2.3566012243739998,30.392165698951914,26.0,3.6,0,edge/edge/edge
S1,2,0,0.2,3,VIDEO,6.4,6.4,91.79754233984427,32.0,1.681273669227917,47.44035895170837,44.0,1.6,0,regional/regional/regional
S1,2,0,0.2,4,CPU-OFF,1.6,1.6,58.912619435325446,8.0,1.0789857039436894,83.50819221239551,64.0,18.0,0,central/central/central
S1,2,0,0.2,5,MQTT,0.4,0.4,48.301902594267446,2.0,0.8846502306642389,66.92113217165408,64.0,0.6,0,central/central/central
S1,3,0,0.2,1,BE-DL,4.0,4.0,84.68244504922842,20.0,1.5509605320371505,67.27813280396337,64.0,2.0,0,central/central/central
S1,3,0,0.2,2,YOLO,3.0,3.0,117.80988751998586,15.0,2.1576902476187887,30.28389159955044,26.0,3.6,0,edge/edge/edge
S1,3,0,0.2,3,VIDEO,6.4,6.4,35.37461031792547,32.0,0.6478866358594408,47.68203054852118,44.0,1.6,0,regional/regional/regional
S1,3,0,0.2,4,CPU-OFF,1.6,1.6,51.52426832087849,8.0,0.9436679179648075,83.52359604582726,64.0,18.0,0,central/central/central
S1,3,0,0.2,5,MQTT,0.4,0.4,46.705846348033724,2.0,0.8554184312826689,65.64997026310802,64.0,0.6,0,central/central/central
S1,4,0,0.2,1,BE-DL,4.0,4.0,138.63774487934575,20.0,2.539152836618054,68.12348386839743,64.0,2.0,0,central/central/central
S1,4,0,0.2,2,YOLO,3.0,3.0,55.24370149866236,15.0,1.0117894047374059,30.807852025335524,26.0,3.6,0,edge/edge/edge
S1,4,0,0.2,3,VIDEO,6.4,6.4,90.37864635587324,32.0,1.6552865632943816,48.91386926842877,44.0,1.6,0,regional/regional/regional
S1,4,0,0.2,4,CPU-OFF,1.6,1.6,72.52462653372514,8.0,1.328289863255039,83.97182081075891,64.0,18.0,0,central/central/central
S1,4,0,0.2,5,MQTT,0.4,0.4,79.02920596154557,2.0,1.4474213546070618,66.11466958866983,64.0,0.6,0,central/central/central
S1,5,0,0.2,1,BE-DL,4.0,4.0,107.60326193355598,20.0,1.970755713068791,68.43598204546824,64.0,2.0,0,central/central/central
S1,5,0,0.2,2,YOLO,3.0,3.0,61.9593348130292,15.0,1.1347863518869816,30.698371145418296,26.0,3.6,0,edge/edge/edge
S1,5,0,0.2,3,VIDEO,6.4,6.4,76.21759651693053,32.0,1.3959266761342588,46.5154356620913,44.0,1.6,0,regional/regional/regional
S1,5,0,0.2,4,CPU-OFF,1.6,1.6,25.598680666069484,8.0,0.4688403052393678,84.452943113253,64.0,18.0,0,central/central/central
S1,5,0,0.2,5,MQTT,0.4,0.4,46.79731442302346,2.0,0.8570936707513453,65.39762192617574,64.0,0.6,0,central/central/central
S1,6,0,0.2,1,BE-DL,4.0,4.0,78.7455997268919,20.0,1.4422271012251262,68.55934230425456,64.0,2.0,0,central/central/central
S1,6,0,0.2,2,YOLO,3.0,3.0,57.83357343045628,15.0,1.0592229566017635,31.51969072618621,26.0,3.6,0,edge/edge/edge
S1,6,0,0.2,3,VIDEO,6.4,6.4,50.35526575440326,32.0,0.9222576145495103,47.77526140869078,44.0,1.6,0,regional/regional/regional
S1,6,0,0.2,4,CPU-OFF,1.6,1.6,58.49126091690753,8.0,1.0712685149616763,83.3025051087889,64.0,18.0,0,central/central/central
S1,6,0,0.2,5,MQTT,0.4,0.4,78.35159706354503,2.0,1.4350109352297624,66.07067640972221,64.0,0.6,0,central/central/central
S1,7,0,0.2,1,BE-DL,4.0,4.0,41.0778565500281,20.0,0.7523416950554598,68.36473727997368,64.0,2.0,0,central/central/central
S1,7,0,0.2,2,YOLO,3.0,3.0,66.72881623856448,15.0,1.2221394915488,31.6201212657367,26.0,3.6,0,edge/edge/edge
S1,7,0,0.2,3,VIDEO,6.4,6.4,51.505140635720586,32.0,0.9433175940608166,47.056947250473634,44.0,1.6,0,regional/regional/regional
S1,7,0,0.2,4,CPU-OFF,1.6,1.6,84.1702465782822,8.0,1.5415796076608461,82.00630823762387,64.0,18.0,0,central/central/central
S1,7,0,0.2,5,MQTT,0.4,0.4,79.07565341035085,2.0,1.4482720404826164,67.37910871271426,64.0,0.6,0,central/central/central
S1,8,1,0.2,1,BE-DL,4.0,4.0,79.06628459974449,20.0,1.4481004505447708,66.32706076723116,64.0,2.0,0,central/central/central
S1,8,1,0.2,2,YOLO,3.0,3.0,50.25075047297284,15.0,0.9203434152559128,32.76646425393674,26.0,3.6,0,edge/edge/edge
S1,8,1,0.2,3,VIDEO,6.4,6.4,72.82352364989667,32.0,1.333764169412027,49.06407658654577,44.0,1.6,0,regional/regional/regional
S1,8,1,0.2,4,CPU-OFF,1.6,1.6,56.769465721698886,8.0,1.0397338044267195,82.20557326130454,64.0,18.0,0,central/central/central
S1,8,1,0.2,5,MQTT,0.4,0.4,107.68941301314257,2.0,1.9723335716692778,65.85380926506983,64.0,0.6,0,central/central/central
S1,9,1,0.2,1,BE-DL,4.0,4.0,50.96674308552306,20.0,0.9334568330681879,67.98467415427557,64.0,2.0,0,central/central/central
S1,9,1,0.2,2,YOLO,3.0,3.0,64.00970992206291,15.0,1.1723390095615918,31.057998368102606,26.0,3.6,0,edge/edge/edge
S1,9,1,0.2,3,VIDEO,6.4,6.4,79.09369385509291,32.0,1.448602451558478,48.30974255170806,44.0,1.6,0,regional/regional/regional
S1,9,1,0.2,4,CPU-OFF,1.6,1.6,105.75254731875043,8.0,1.936859841002755,85.35462540337411,64.0,18.0,0,central/central/central
S1,9,1,0.2,5,MQTT,0.4,0.4,75.88889876263674,2.0,1.3899065707442626,67.70938399210836,64.0,0.6,0,central/central/central
S1,10,1,0.2,1,BE-DL,4.0,4.0,75.65752165121397,20.0,1.3856688947108784,66.08271350035122,64.0,2.0,0,central/central/central
S1,10,1,0.2,2,YOLO,3.0,3.0,67.65167231598528,15.0,1.2390416175088879,30.641983097473016,26.0,3.6,0,edge/edge/edge
S1,10,1,0.2,3,VIDEO,6.4,6.4,59.48843435504901,32.0,1.0895317647444873,46.585647225852085,44.0,1.6,0,regional/regional/regional
S1,10,1,0.2,4,CPU-OFF,1.6,1.6,59.26431891560634,8.0,1.0854270863664164,84.35139093602946,64.0,18.0,0,central/central/central
S1,10,1,0.2,5,MQTT,0.4,0.4,57.67903197771362,2.0,1.056392527064352,66.30577073125379,64.0,0.6,0,central/central/central
S1,11,1,0.2,1,BE-DL,4.0,4.0,81.53177332503016,20.0,1.493255921703849,68.11510511370773,64.0,2.0,0,central/central/central
S1,11,1,0.2,2,YOLO,3.0,3.0,39.47080128166624,15.0,0.7229084483821656,31.320191663193242,26.0,3.6,0,edge/edge/edge
S1,11,1,0.2,3,VIDEO,6.4,6.4,49.366065698263874,32.0,0.9041403974041002,47.704837424691405,44.0,1.6,0,regional/regional/regional
S1,11,1,0.2,4,CPU-OFF,1.6,1.6,84.15540347011022,8.0,1.5413077558628243,83.97408352352937,64.0,18.0,0,central/central/central
S1,11,1,0.2,5,MQTT,0.4,0.4,50.37169362926387,2.0,0.9225584913784592,67.71660687904887,64.0,0.6,0,central/central/central
S1,12,1,0.2,1,BE-DL,4.0,4.0,48.92045063662001,20.0,0.8959789493886449,68.75704319212974,64.0,2.0,0,central/central/central
S1,12,1,0.2,2,YOLO,3.0,3.0,112.3985440267614,15.0,2.0585813924315275,31.836591882780382,26.0,3.6,0,edge/edge/edge
S1,12,1,0.2,3,VIDEO,6.4,6.4,60.862502806421126,32.0,1.1146978535974565,47.90862543621832,44.0,1.6,0,regional/regional/regional
S1,12,1,0.2,4,CPU-OFF,1.6,1.6,64.96788802908493,8.0,1.1898880591407497,83.91121080465224,64.0,18.0,0,central/central/central
S1,12,1,0.2,5,MQTT,0.4,0.4,68.14813466221695,2.0,1.2481343344728377,67.81042154874994,64.0,0.6,0,central/central/central
S1,13,1,0.2,1,BE-DL,4.0,4.0,107.45774756846548,20.0,1.96809061480706,68.84985071655078,64.0,2.0,0,central/central/central
S1,13,1,0.2,2,YOLO,3.0,3.0,132.6231546370679,15.0,2.4289955061734045,30.071665080673956,26.0,3.6,0,edge/edge/edge
S1,13,1,0.2,3,VIDEO,6.4,6.4,71.2210743142817,32.0,1.3044152804813496,47.75427896025604,44.0,1.6,0,regional/regional/regional
S1,13,1,0.2,4,CPU-OFF,1.6,1.6,126.41928410545106,8.0,2.3153715037628397,83.40991716435352,64.0,18.0,0,central/central/central
S1,13,1,0.2,5,MQTT,0.4,0.4,93.07348324052126,2.0,1.704642550192697,67.28112719513199,64.0,0.6,0,central/central/central
S1,14,1,0.2,1,BE-DL,4.0,4.0,70.68439315813605,20.0,1.294585955277217,68.19921751827081,64.0,2.0,0,central/central/central
S1,14,1,0.2,2,YOLO,3.0,3.0,55.4324935026877,15.0,1.0152471337488589,30.724681934087325,26.0,3.6,0,edge/edge/edge
S1,14,1,0.2,3,VIDEO,6.4,6.4,79.04966963083588,32.0,1.4477961470849061,47.89528619572661,44.0,1.6,0,regional/regional/regional
S1,14,1,0.2,4,CPU-OFF,1.6,1.6,105.75273119923236,8.0,1.9368632087771493,83.18353494957604,64.0,18.0,0,central/central/central
S1,14,1,0.2,5,MQTT,0.4,0.4,82.29662266439134,2.0,1.5072641513624787,66.9400747594353,64.0,0.6,0,central/central/central
S1,15,1,0.2,1,BE-DL,4.0,4.0,123.86149286267825,20.0,2.2685255103054622,66.1145143236892,64.0,2.0,0,central/central/central
S1,15,1,0.2,2,YOLO,3.0,3.0,135.45945814771278,15.0,2.4809424569178167,29.89368286136942,26.0,3.6,0,edge/edge/edge
S1,15,1,0.2,3,VIDEO,6.4,6.4,55.89677632604257,32.0,1.0237504821619519,47.54169366935778,44.0,1.6,0,regional/regional/regional
S1,15,1,0.2,4,CPU-OFF,1.6,1.6,83.76156237931575,8.0,1.534094549071717,82.81094377487308,64.0,18.0,0,central/central/central
S1,15,1,0.2,5,MQTT,0.4,0.4,52.434622965953196,2.0,0.9603410799625127,66.40628905673205,64.0,0.6,0,central/central/central
S1,16,2,0.2,1,BE-DL,4.0,4.0,146.38166614250653,20.0,2.680982896382903,67.1153763825356,64.0,2.0,0,central/central/central
S1,16,2,0.2,2,YOLO,3.0,3.0,31.859077804350324,15.0,0.5834995934862697,30.69783359547333,26.0,3.6,0,edge/edge/edge
S1,16,2,0.2,3,VIDEO,6.4,6.4,37.661660690092184,32.0,0.6897740053130437,46.01247375583539,44.0,1.6,0,regional/regional/regional
S1,16,2,0.2,4,CPU-OFF,1.6,1.6,104.5277584777173,8.0,1.9144278109472033,84.32114177630042,64.0,18.0,0,central/central/central
S1,16,2,0.2,5,MQTT,0.4,0.4,74.04878604111607,2.0,1.3562048725479134,67.46879103503024,64.0,0.6,0,central/central/central
S1,17,2,0.2,1,BE-DL,4.0,4.0,86.25623057485524,20.0,1.5797844427629164,69.35468039793466,64.0,2.0,0,central/central/central
S1,17,2,0.2,2,YOLO,3.0,3.0,19.099032033760327,15.0,0.34979912149744186,32.046203100783714,26.0,3.6,0,edge/edge/edge
S1,17,2,0.2,3,VIDEO,6.4,6.4,22.520997054041803,32.0,0.41247247351724914,48.207622103266786,44.0,1.6,0,regional/regional/regional
S1,17,2,0.2,4,CPU-OFF,1.6,1.6,54.43388228527146,8.0,0.9969575510122978,85.11324425056586,64.0,18.0,0,central/central/central
S1,17,2,0.2,5,MQTT,0.4,0.4,55.64605152672915,2.0,1.0191584528704973,65.3552670162944,64.0,0.6,0,central/central/central
S1,18,2,0.2,1,BE-DL,4.0,4.0,91.64998799631682,20.0,1.6785712087237514,67.20324941100662,64.0,2.0,0,central/central/central
S1,18,2,0.2,2,YOLO,3.0,3.0,27.82016620953883,15.0,0.5095268536545573,32.01078146999567,26.0,3.6,0,edge/edge/edge
S1,18,2,0.2,3,VIDEO,6.4,6.4,23.750437293024376,32.0,0.43498969401143545,47.71540212030912,44.0,1.6,0,regional/regional/regional
S1,18,2,0.2,4,CPU-OFF,1.6,1.6,67.19246687459592,8.0,1.2306312614394856,83.43276361837933,64.0,18.0,0,central/central/central
S1,18,2,0.2,5,MQTT,0.4,0.4,75.1117412029782,2.0,1.3756729158054615,64.95590014978757,64.0,0.6,0,central/central/central
S1,19,2,0.2,1,BE-DL,4.0,4.0,125.53017627257128,20.0,2.2990874775196204,66.7578322556448,64.0,2.0,0,central/central/central
S1,19,2,0.2,2,YOLO,3.0,3.0,10.89807565928158,15.0,0.19959845529819745,29.997732977558616,26.0,3.6,0,edge/edge/edge
S1,19,2,0.2,3,VIDEO,6.4,6.4,14.53945932648666,32.0,0.26629046385506705,46.88687798657953,44.0,1.6,0,regional/regional/regional
S1,19,2,0.2,4,CPU-OFF,1.6,1.6,43.73622516155944,8.0,0.8010297648637259,82.35343277237094,64.0,18.0,0,central/central/central
S1,19,2,0.2,5,MQTT,0.4,0.4,79.02920596154554,2.0,1.4474213546070611,65.53519626142695,64.0,0.6,0,central/central/central
S1,20,2,0.2,1,BE-DL,4.0,4.0,42.402980338223344,20.0,0.776611361505922,66.83560672844233,64.0,2.0,0,central/central/central
S1,20,2,0.2,2,YOLO,3.0,3.0,26.580916970080835,15.0,0.48682998113701165,31.937929735394768,26.0,3.6,0,edge/edge/edge
S1,20,2,0.2,3,VIDEO,6.4,6.4,12.869719350797737,32.0,0.2357091456190062,46.04679735682709,44.0,1.6,0,regional/regional/regional
S1,20,2,0.2,4,CPU-OFF,1.6,1.6,39.91192146860295,8.0,0.7309875726850357,84.76433284146427,64.0,18.0,0,central/central/central
S1,20,2,0.2,5,MQTT,0.4,0.4,30.01482925062884,2.0,0.5497221474474147,66.08031115670057,64.0,0.6,0,central/central/central
S1,21,2,0.2,1,BE-DL,4.0,4.0,78.74559972689191,20.0,1.4422271012251267,67.93998888659532,64.0,2.0,0,central/central/central
S1,21,2,0.2,2,YOLO,3.0,3.0,9.828,15.0,0.18,31.133507536158394,26.0,3.6,0,edge/edge/edge
S1,21,2,0.2,3,VIDEO,6.4,6.4,9.828,32.0,0.18,46.44219114634821,44.0,1.6,0,regional/regional/regional
S1,21,2,0.2,4,CPU-OFF,1.6,1.6,62.351090317515656,8.0,1.1419613611266604,84.73478062618152,64.0,18.0,0,central/central/central
S1,21,2,0.2,5,MQTT,0.4,0.4,88.05227098569823,2.0,1.612678955782019,65.87849769846211,64.0,0.6,0,central/central/central
S1,22,2,0.2,1,BE-DL,4.0,4.0,32.10286268195476,20.0,0.5879645179845194,66.42164177168355,64.0,2.0,0,central/central/central
S1,22,2,0.2,2,YOLO,3.0,3.0,26.295677585536,15.0,0.4816058165849084,31.230343858483828,26.0,3.6,0,edge/edge/edge
S1,22,2,0.2,3,VIDEO,6.4,6.4,55.14409078933127,32.0,1.009965032771635,46.32749229550177,44.0,1.6,0,regional/regional/regional
S1,22,2,0.2,4,CPU-OFF,1.6,1.6,92.9591076667775,8.0,1.7025477594647893,83.17297263155133,64.0,18.0,0,central/central/central
S1,22,2,0.2,5,MQTT,0.4,0.4,84.66252022738645,2.0,1.5505956085601913,66.58647834676668,64.0,0.6,0,central/central/central
S1,23,2,0.2,1,BE-DL,4.0,4.0,28.065513235787176,20.0,0.5140203889338311,66.25863591545833,64.0,2.0,0,central/central/central
S1,23,2,0.2,2,YOLO,3.0,3.0,60.90172475800513,15.0,1.1154162043590683,32.58659779691,26.0,3.6,0,edge/edge/edge
S1,23,2,0.2,3,VIDEO,6.4,6.4,84.85791950729485,32.0,1.554174349950455,46.18738279296286,44.0,1.6,0,regional/regional/regional
S1,23,2,0.2,4,CPU-OFF,1.6,1.6,36.41076077322754,8.0,0.6668637504254128,84.84001505376132,64.0,18.0,0,central/central/central
S1,23,2,0.2,5,MQTT,0.4,0.4,132.80084564400985,2.0,2.432249920219961,65.63721526246869,64.0,0.6,0,central/central/central
S1,24,3,0.2,1,BE-DL,4.0,4.0,50.96674308552306,20.0,0.9334568330681879,69.42869047098023,64.0,2.0,0,central/central/central
S1,24,3,0.2,2,YOLO,3.0,3.0,64.00970992206291,15.0,1.1723390095615918,30.56418298502051,26.0,3.6,0,edge/edge/edge
S1,24,3,0.2,3,VIDEO,6.4,6.4,42.20694873881638,32.0,0.7730210391724611,47.79907960536037,44.0,1.6,0,regional/regional/regional
S1,24,3,0.2,4,CPU-OFF,1.6,1.6,99.92719513593792,8.0,1.830168409083112,84.58741278472962,64.0,18.0,0,central/central/central
S1,24,3,0.2,5,MQTT,0.4,0.4,69.08506645977965,2.0,1.2652942575051218,64.87870268151462,64.0,0.6,0,central/central/central
S1,25,3,0.2,1,BE-DL,4.0,4.0,68.50444687691738,20.0,1.254660199210941,66.56514164931333,64.0,2.0,0,central/central/central
S1,25,3,0.2,2,YOLO,3.0,3.0,42.52390831290506,15.0,0.7788261595770156,31.523150452421657,26.0,3.6,0,edge/edge/edge
S1,25,3,0.2,3,VIDEO,6.4,6.4,86.15566354869169,32.0,1.577942555836844,47.21659258977149,44.0,1.6,0,regional/regional/regional
S1,25,3,0.2,4,CPU-OFF,1.6,1.6,85.16133222326624,8.0,1.5597313594004807,84.01977941535966,64.0,18.0,0,central/central/central
S1,25,3,0.2,5,MQTT,0.4,0.4,78.90056261102333,2.0,1.4450652492861416,66.84671156641174,64.0,0.6,0,central/central/central
S1,26,3,0.2,1,BE-DL,4.0,4.0,27.572563342646568,20.0,0.5049920026125745,67.01077077153299,64.0,2.0,0,central/central/central
S1,26,3,0.2,2,YOLO,3.0,3.0,68.51535316817541,15.0,1.2548599481350806,30.846775744130298,26.0,3.6,0,edge/edge/edge
S1,26,3,0.2,3,VIDEO,6.4,6.4,79.63770975852006,32.0,1.4585661127934075,48.31033707027532,44.0,1.6,0,regional/regional/regional
S1,26,3,0.2,4,CPU-OFF,1.6,1.6,139.5488336023347,8.0,2.555839443266203,84.28234340903084,64.0,18.0,0,central/central/central
S1,26,3,0.2,5,MQTT,0.4,0.4,106.70132951575249,2.0,1.954236804317811,65.32247938021983,64.0,0.6,0,central/central/central
S1,27,3,0.2,1,BE-DL,4.0,4.0,40.148507763846744,20.0,0.7353206550155081,68.69584512950358,64.0,2.0,0,central/central/central
S1,27,3,0.2,2,YOLO,3.0,3.0,112.3985440267614,15.0,2.0585813924315275,29.874305167227654,26.0,3.6,0,edge/edge/edge
S1,27,3,0.2,3,VIDEO,6.4,6.4,120.70210640601167,32.0,2.210661289487393,46.342487020890204,44.0,1.6,0,regional/regional/regional
S1,27,3,0.2,4,CPU-OFF,1.6,1.6,93.35721725187837,8.0,1.709839143807296,85.13384759496418,64.0,18.0,0,central/central/central
S1,27,3,0.2,5,MQTT,0.4,0.4,121.84060439608486,2.0,2.231512901027195,67.67801220955099,64.0,0.6,0,central/central/central
S1,28,3,0.2,1,BE-DL,4.0,4.0,56.65953962700905,20.0,1.0377205059891768,67.45699670048145,64.0,2.0,0,central/central/central
S1,28,3,0.2,2,YOLO,3.0,3.0,63.659114225792585,15.0,1.1659178429632342,29.67330695456842,26.0,3.6,0,edge/edge/edge
S1,28,3,0.2,3,VIDEO,6.4,6.4,78.23527102705184,32.0,1.4328804217408762,46.586160828578635,44.0,1.6,0,regional/regional/regional
S1,28,3,0.2,4,CPU-OFF,1.6,1.6,105.5279617320926,8.0,1.932746551869828,82.94738315506069,64.0,18.0,0,central/central/central
S1,28,3,0.2,5,MQTT,0.4,0.4,62.363958313445714,2.0,1.1421970387077969,67.81695671833225,64.0,0.6,0,central/central/central
S1,29,3,0.2,1,BE-DL,4.0,4.0,59.05278415743012,20.0,1.081552823396156,67.49647589889469,64.0,2.0,0,central/central/central
S1,29,3,0.2,2,YOLO,3.0,3.0,89.42411687697735,15.0,1.6378043384061785,31.32527656766484,26.0,3.6,0,edge/edge/edge
S1,29,3,0.2,3,VIDEO,6.4,6.4,107.39851667085978,32.0,1.9670057998325967,47.830760410991196,44.0,1.6,0,regional/regional/regional
S1,29,3,0.2,4,CPU-OFF,1.6,1.6,118.84592649056586,8.0,2.176665320340034,83.86356747446925,64.0,18.0,0,central/central/central
S1,29,3,0.2,5,MQTT,0.4,0.4,49.71217308153588,2.0,0.9104793604676901,66.0734744757052,64.0,0.6,0,central/central/central
S1,30,3,0.2,1,BE-DL,4.0,4.0,85.06150714665851,20.0,1.557903061294112,67.93545437535175,64.0,2.0,0,central/central/central
S1,30,3,0.2,2,YOLO,3.0,3.0,78.88201378079658,15.0,1.4447255271208166,32.70454251351455,26.0,3.6,0,edge/edge/edge
S1,30,3,0.2,3,VIDEO,6.4,6.4,97.02836645275316,32.0,1.7770763086584827,45.65345352314277,44.0,1.6,0,regional/regional/regional
S1,30,3,0.2,4,CPU-OFF,1.6,1.6,89.67949885176745,8.0,1.6424816639517847,82.71084090988049,64.0,18.0,0,central/central/central
S1,30,3,0.2,5,MQTT,0.4,0.4,38.3315174785589,2.0,0.7020424446622509,67.62668792763066,64.0,0.6,0,central/central/central
S1,31,3,0.2,1,BE-DL,4.0,4.0,146.3816661425065,20.0,2.6809828963829028,67.29081501038465,64.0,2.0,0,central/central/central
S1,31,3,0.2,2,YOLO,3.0,3.0,106.73874706559546,15.0,1.9549221074284884,30.633429995113254,26.0,3.6,0,edge/edge/edge
S1,31,3,0.2,3,VIDEO,6.4,6.4,96.35515786945666,32.0,1.7647464811255797,47.975904287937425,44.0,1.6,0,regional/regional/regional
S1,31,3,0.2,4,CPU-OFF,1.6,1.6,83.78179114626197,8.0,1.534465039308827,83.28007269453,64.0,18.0,0,central/central/central
S1,31,3,0.2,5,MQTT,0.4,0.4,57.73295182866678,2.0,1.0573800701221021,66.12332147592315,64.0,0.6,0,central/central/central
S1,32,4,0.2,1,BE-DL,4.0,4.0,114.644357093162,20.0,2.099713499874762,67.69720332952497,64.0,2.0,0,central/central/central
S1,32,4,0.2,2,YOLO,3.0,3.0,121.95269372206272,15.0,2.2335658190853978,30.083591692501777,26.0,3.6,0,edge/edge/edge
S1,32,4,0.2,3,VIDEO,6.4,6.4,40.653197321931046,32.0,0.7445640535152206,45.68723260852287,44.0,1.6,0,regional/regional/regional
S1,32,4,0.2,4,CPU-OFF,1.6,1.6,94.74251663575735,8.0,1.7352109273948233,83.73129846945331,64.0,18.0,0,central/central/central
S1,32,4,0.2,5,MQTT,0.4,0.4,70.33434939165262,2.0,1.288174897283015,64.86724247019865,64.0,0.6,0,central/central/central
S1,33,4,0.2,1,BE-DL,4.0,4.0,147.39033157302413,20.0,2.6994566222165592,69.47197584279525,64.0,2.0,0,central/central/central
S1,33,4,0.2,2,YOLO,3.0,3.0,117.80988751998586,15.0,2.1576902476187887,30.16779995132198,26.0,3.6,0,edge/edge/edge
S1,33,4,0.2,3,VIDEO,6.4,6.4,40.319448319355914,32.0,0.7384514344204379,45.98546241649096,44.0,1.6,0,regional/regional/regional
S1,33,4,0.2,4,CPU-OFF,1.6,1.6,39.77311940559041,8.0,0.7284454103587986,85.20573321066934,64.0,18.0,0,central/central/central
S1,33,4,0.2,5,MQTT,0.4,0.4,36.05363577742954,2.0,0.6603229995866216,66.77724409333493,64.0,0.6,0,central/central/central
S1,34,4,0.2,1,BE-DL,4.0,4.0,132.0839605759585,20.0,2.4191201570688374,69.41635222374974,64.0,2.0,0,central/central/central
S1,34,4,0.2,2,YOLO,3.0,3.0,98.76904207336602,15.0,1.8089568145305133,31.554594956222548,26.0,3.6,0,edge/edge/edge
S1,34,4,0.2,3,VIDEO,6.4,6.4,30.564414949440767,32.0,0.5597878195868272,49.05394096784761,44.0,1.6,0,regional/regional/regional
S1,34,4,0.2,4,CPU-OFF,1.6,1.6,43.73622516155944,8.0,0.8010297648637259,83.77028023486565,64.0,18.0,0,central/central/central
S1,34,4,0.2,5,MQTT,0.4,0.4,26.72624056154088,2.0,0.4894915853762066,66.13909099377048,64.0,0.6,0,central/central/central
S1,35,4,0.2,1,BE-DL,4.0,4.0,125.38515691410129,20.0,2.2964314453132104,66.70185624839132,64.0,2.0,0,central/central/central
S1,35,4,0.2,2,YOLO,3.0,3.0,61.95933481302921,15.0,1.1347863518869818,31.402287500984883,26.0,3.6,0,edge/edge/edge
S1,35,4,0.2,3,VIDEO,6.4,6.4,68.65401823662445,32.0,1.2573996014033781,45.657608108202695,44.0,1.6,0,regional/regional/regional
S1,35,4,0.2,4,CPU-OFF,1.6,1.6,39.91192146860295,8.0,0.7309875726850357,85.06480948047113,64.0,18.0,0,central/central/central
S1,35,4,0.2,5,MQTT,0.4,0.4,67.77542088851669,2.0,1.241308074881258,66.49856060168729,64.0,0.6,0,central/central/central
S1,36,4,0.2,1,BE-DL,4.0,4.0,42.3707287870586,20.0,0.7760206737556521,68.5805689885054,64.0,2.0,0,central/central/central
S1,36,4,0.2,2,YOLO,3.0,3.0,29.23109961430673,15.0,0.5353681248041525,31.109632088330983,26.0,3.6,0,edge/edge/edge
S1,36,4,0.2,3,VIDEO,6.4,6.4,25.45130279977991,32.0,0.46614107691904594,47.6699674871218,44.0,1.6,0,regional/regional/regional
S1,36,4,0.2,4,CPU-OFF,1.6,1.6,81.6502373205562,8.0,1.4954255919515786,82.03581165754835,64.0,18.0,0,central/central/central
S1,36,4,0.2,5,MQTT,0.4,0.4,68.65092314139183,2.0,1.257342914677506,64.9795726305445,64.0,0.6,0,central/central/central
S1,37,4,0.2,1,BE-DL,4.0,4.0,94.92781975846826,20.0,1.7386047574811037,68.64582091324942,64.0,2.0,0,central/central/central
S1,37,4,0.2,2,YOLO,3.0,3.0,77.75603587120858,15.0,1.4241032210844062,30.19755421805889,26.0,3.6,0,edge/edge/edge
S1,37,4,0.2,3,VIDEO,6.4,6.4,40.588290174888506,32.0,0.7433752779283609,46.00636657633569,44.0,1.6,0,regional/regional/regional
S1,37,4,0.2,4,CPU-OFF,1.6,1.6,88.56467712252984,8.0,1.6220636835628175,84.44112376658023,64.0,18.0,0,central/central/central
S1,37,4,0.2,5,MQTT,0.4,0.4,73.48878659331523,2.0,1.3459484724050408,67.70811241995438,64.0,0.6,0,central/central/central
S1,38,4,0.2,1,BE-DL,4.0,4.0,82.98942085851043,20.0,1.5199527629763814,67.82732237306772,64.0,2.0,0,central/central/central
S1,38,4,0.2,2,YOLO,3.0,3.0,71.55269904303742,15.0,1.3104889934622237,32.31064070541418,26.0,3.6,0,edge/edge/edge
S1,38,4,0.2,3,VIDEO,6.4,6.4,76.83498893569606,32.0,1.407234229591503,47.06012102035832,44.0,1.6,0,regional/regional/regional
S1,38,4,0.2,4,CPU-OFF,1.6,1.6,92.39719938152366,8.0,1.6922563989290047,83.23639481215805,64.0,18.0,0,central/central/central
S1,38,4,0.2,5,MQTT,0.4,0.4,70.02226406684152,2.0,1.2824590488432512,67.78787732258088,64.0,0.6,0,central/central/central
S1,39,4,0.2,1,BE-DL,4.0,4.0,76.17312145934153,20.0,1.3951121146399548,67.73957915495146,64.0,2.0,0,central/central/central
S1,39,4,0.2,2,YOLO,3.0,3.0,37.889155648934086,15.0,0.6939405796508074,29.992745234239113,26.0,3.6,0,edge/edge/edge
S1,39,4,0.2,3,VIDEO,6.4,6.4,60.650321296954665,32.0,1.11081174536547,46.044066272672964,44.0,1.6,0,regional/regional/regional
S1,39,4,0.2,4,CPU-OFF,1.6,1.6,53.324377673437716,8.0,0.9766369537259655,83.78542905214451,64.0,18.0,0,central/central/central
S1,39,4,0.2,5,MQTT,0.4,0.4,123.51572488263636,2.0,2.2621927634182484,67.0768726426513,64.0,0.6,0,central/central/central
S1,40,5,0.2,1,BE-DL,4.0,4.0,72.08098426406565,20.0,1.3201645469609093,67.86674749177389,64.0,2.0,0,central/central/central
S1,40,5,0.2,2,YOLO,3.0,3.0,21.287726222096687,15.0,0.38988509564279644,30.26348447155272,26.0,3.6,0,edge/edge/edge
S1,40,5,0.2,3,VIDEO,6.4,6.4,21.136856123945673,32.0,0.387121907031972,46.72041988631138,44.0,1.6,0,regional/regional/regional
S1,40,5,0.2,4,CPU-OFF,1.6,1.6,78.68707889635125,8.0,1.4411552911419643,83.98257198013478,64.0,18.0,0,central/central/central
S1,40,5,0.2,5,MQTT,0.4,0.4,142.56515451095248,2.0,2.611083415951511,65.97141540308779,64.0,0.6,0,central/central/central
S1,41,5,0.2,1,BE-DL,4.0,4.0,27.572563342646543,20.0,0.504992002612574,66.64055395191234,64.0,2.0,0,central/central/central
S1,41,5,0.2,2,YOLO,3.0,3.0,27.31677341531162,15.0,0.5003072054086377,32.54663454313174,26.0,3.6,0,edge/edge/edge
S1,41,5,0.2,3,VIDEO,6.4,6.4,22.298558732385608,32.0,0.40839851158215396,47.39158499577853,44.0,1.6,0,regional/regional/regional
S1,41,5,0.2,4,CPU-OFF,1.6,1.6,56.458688403997975,8.0,1.034041912161135,85.09791197108802,64.0,18.0,0,central/central/central
S1,41,5,0.2,5,MQTT,0.4,0.4,50.37169362926388,2.0,0.9225584913784594,67.60055350310309,64.0,0.6,0,central/central/central
S1,42,5,0.2,1,BE-DL,4.0,4.0,40.148507763846744,20.0,0.7353206550155081,66.34130302372374,64.0,2.0,0,central/central/central
S1,42,5,0.2,2,YOLO,3.0,3.0,14.29434918691484,15.0,0.26180126715961244,29.898746566042696,26.0,3.6,0,edge/edge/edge
S1,42,5,0.2,3,VIDEO,6.4,6.4,13.318147672934511,32.0,0.24392211855191412,48.545202954412886,44.0,1.6,0,regional/regional/regional
S1,42,5,0.2,4,CPU-OFF,1.6,1.6,86.25988494618001,8.0,1.5798513726406593,84.89349767055586,64.0,18.0,0,central/central/central
S1,42,5,0.2,5,MQTT,0.4,0.4,121.84060439608486,2.0,2.231512901027195,65.94151277075096,64.0,0.6,0,central/central/central
S1,43,5,0.2,1,BE-DL,4.0,4.0,71.89900200944592,20.0,1.3168315386345406,68.61678731915804,64.0,2.0,0,central/central/central
S1,43,5,0.2,2,YOLO,3.0,3.0,37.134483298378974,15.0,0.6801187417285527,30.703147861965487,26.0,3.6,0,edge/edge/edge
S1,43,5,0.2,3,VIDEO,6.4,6.4,33.6897263650284,32.0,0.6170279554034505,47.259126777908214,44.0,1.6,0,regional/regional/regional
S1,43,5,0.2,4,CPU-OFF,1.6,1.6,119.45550998099826,8.0,2.187829853131836,85.12534715749594,64.0,18.0,0,central/central/central
S1,43,5,0.2,5,MQTT,0.4,0.4,86.93157825510619,2.0,1.5921534478957178,67.45825424685175,64.0,0.6,0,central/central/central
S1,44,5,0.2,1,BE-DL,4.0,4.0,76.50019765848893,20.0,1.401102521217746,68.3883298069554,64.0,2.0,0,central/central/central
S1,44,5,0.2,2,YOLO,3.0,3.0,21.231690907633205,15.0,0.38885880783210997,32.09028692784655,26.0,3.6,0,edge/edge/edge
S1,44,5,0.2,3,VIDEO,6.4,6.4,38.00926183904743,32.0,0.6961403267224805,47.00589739123754,44.0,1.6,0,regional/regional/regional
S1,44,5,0.2,4,CPU-OFF,1.6,1.6,131.93912178189947,8.0,2.416467431902921,84.89482832454675,64.0,18.0,0,central/central/central
S1,44,5,0.2,5,MQTT,0.4,0.4,60.57365627582111,2.0,1.1094076240992876,66.22873100976503,64.0,0.6,0,central/central/central
S1,45,5,0.2,1,BE-DL,4.0,4.0,78.59484286065526,20.0,1.4394659864588877,69.15092896003502,64.0,2.0,0,central/central/central
S1,45,5,0.2,2,YOLO,3.0,3.0,37.928648281359585,15.0,0.6946638879369887,32.77923711369013,26.0,3.6,0,edge/edge/edge
S1,45,5,0.2,3,VIDEO,6.4,6.4,40.60426204816299,32.0,0.7436678030799082,46.1146629107961,44.0,1.6,0,regional/regional/regional
S1,45,5,0.2,4,CPU-OFF,1.6,1.6,125.18711768647727,8.0,2.2928043532321842,84.26916935386777,64.0,18.0,0,central/central/central
S1,45,5,0.2,5,MQTT,0.4,0.4,99.44497459060092,2.0,1.8213365309633869,67.19390089028951,64.0,0.6,0,central/central/central
S1,46,5,0.2,1,BE-DL,4.0,4.0,125.62208439866012,20.0,2.3007707765322367,66.5627527658484,64.0,2.0,0,central/central/central
S1,46,5,0.2,2,YOLO,3.0,3.0,99.69507340136838,15.0,1.825917095263157,32.34097015247003,26.0,3.6,0,edge/edge/edge
S1,46,5,0.2,3,VIDEO,6.4,6.4,115.43054445275018,32.0,2.1141125357646553,46.12361951807653,44.0,1.6,0,regional/regional/regional
S1,46,5,0.2,4,CPU-OFF,1.6,1.6,73.4088074805343,8.0,1.3444836534896392,84.54868939955766,64.0,18.0,0,central/central/central
S1,46,5,0.2,5,MQTT,0.4,0.4,61.81191038177911,2.0,1.132086270728555,64.86973970770397,64.0,0.6,0,central/central/central
S1,47,5,0.2,1,BE-DL,4.0,4.0,72.06216731570184,20.0,1.3198199142069933,68.31130435022888,64.0,2.0,0,central/central/central
S1,47,5,0.2,2,YOLO,3.0,3.0,108.51722746454732,15.0,1.9874950085081926,30.62520556578298,26.0,3.6,0,edge/edge/edge
S1,47,5,0.2,3,VIDEO,6.4,6.4,74.74942733387323,32.0,1.3690371306570188,47.236950294998955,44.0,1.6,0,regional/regional/regional
S1,47,5,0.2,4,CPU-OFF,1.6,1.6,63.3913565853794,8.0,1.1610138568750805,83.00257051996667,64.0,18.0,0,central/central/central
S1,47,5,0.2,5,MQTT,0.4,0.4,26.26945579688229,2.0,0.4811255640454632,66.40521051424926,64.0,0.6,0,central/central/central
S1,48,6,0.2,1,BE-DL,4.0,4.0,105.58507389049366,20.0,1.9337925620969534,68.73880378201764,64.0,2.0,0,central/central/central
S1,48,6,0.2,2,YOLO,3.0,3.0,99.35773646263873,15.0,1.8197387630519912,32.897579710807726,26.0,3.6,0,edge/edge/edge
S1,48,6,0.2,3,VIDEO,6.4,6.4,50.209124322216766,32.0,0.9195810315424316,46.93243334002305,44.0,1.6,0,regional/regional/regional
S1,48,6,0.2,4,CPU-OFF,1.6,1.6,35.856069767161046,8.0,0.656704574490129,85.05595941714556,64.0,18.0,0,central/central/central
S1,48,6,0.2,5,MQTT,0.4,0.4,39.6043726342976,2.0,0.7253548101519707,64.9278992254101,64.0,0.6,0,central/central/central
S1,49,6,0.2,1,BE-DL,4.0,4.0,118.97639196918408,20.0,2.1790547979704042,67.30847200543722,64.0,2.0,0,central/central/central
S1,49,6,0.2,2,YOLO,3.0,3.0,60.68436907050038,15.0,1.1114353309615455,29.927262091711075,26.0,3.6,0,edge/edge/edge
S1,49,6,0.2,3,VIDEO,6.4,6.4,90.37864635587333,32.0,1.6552865632943834,48.52299606972645,44.0,1.6,0,regional/regional/regional
S1,49,6,0.2,4,CPU-OFF,1.6,1.6,47.33477533308015,8.0,0.8669372771626401,83.70076542449219,64.0,18.0,0,central/central/central
S1,49,6,0.2,5,MQTT,0.4,0.4,37.93401886154186,2.0,0.6947622502113894,67.96840505290064,64.0,0.6,0,central/central/central
S1,50,6,0.2,1,BE-DL,4.0,4.0,119.4578585872528,20.0,2.187872867898403,66.82701739292362,64.0,2.0,0,central/central/central
S1,50,6,0.2,2,YOLO,3.0,3.0,43.11789966520746,15.0,0.7897051220733967,31.899931043051556,26.0,3.6,0,edge/edge/edge
S1,50,6,0.2,3,VIDEO,6.4,6.4,38.39970511540012,32.0,0.7032913024798556,45.705659642408214,44.0,1.6,0,regional/regional/regional
S1,50,6,0.2,4,CPU-OFF,1.6,1.6,72.11671327430328,8.0,1.320818924437789,83.83914403689607,64.0,18.0,0,central/central/central
S1,50,6,0.2,5,MQTT,0.4,0.4,42.60169312992482,2.0,0.780250789925363,66.25761815823148,64.0,0.6,0,central/central/central
S1,51,6,0.2,1,BE-DL,4.0,4.0,63.15636932410622,20.0,1.1567100608810663,67.06721713930519,64.0,2.0,0,central/central/central
S1,51,6,0.2,2,YOLO,3.0,3.0,33.3171673023281,15.0,0.6102045293466685,30.470268697076285,26.0,3.6,0,edge/edge/edge
S1,51,6,0.2,3,VIDEO,6.4,6.4,25.45130279977991,32.0,0.46614107691904594,48.85602812119578,44.0,1.6,0,regional/regional/regional
S1,51,6,0.2,4,CPU-OFF,1.6,1.6,35.33228451325886,8.0,0.6471114379717741,84.09403895746675,64.0,18.0,0,central/central/central
S1,51,6,0.2,5,MQTT,0.4,0.4,63.80058618031522,2.0,1.1685089044013777,65.13955126029964,64.0,0.6,0,central/central/central
S1,52,6,0.2,1,BE-DL,4.0,4.0,68.00283815424818,20.0,1.2454732262682817,67.32977226962593,64.0,2.0,0,central/central/central
S1,52,6,0.2,2,YOLO,3.0,3.0,66.72881623856446,15.0,1.2221394915487998,31.834910485853374,26.0,3.6,0,edge/edge/edge
S1,52,6,0.2,3,VIDEO,6.4,6.4,26.032489560445743,32.0,0.47678552308508687,47.98677963150762,44.0,1.6,0,regional/regional/regional
S1,52,6,0.2,4,CPU-OFF,1.6,1.6,53.40923276854859,8.0,0.9781910763470437,82.99236993212037,64.0,18.0,0,central/central/central
S1,52,6,0.2,5,MQTT,0.4,0.4,62.31505295924389,2.0,1.141301336249888,67.5087019066464,64.0,0.6,0,central/central/central
S1,53,6,0.2,1,BE-DL,4.0,4.0,59.45060330591474,20.0,1.0888388883867168,66.76302075516193,64.0,2.0,0,central/central/central
S1,53,6,0.2,2,YOLO,3.0,3.0,53.80107523465026,15.0,0.9853676782902978,30.488868910314633,26.0,3.6,0,edge/edge/edge
S1,53,6,0.2,3,VIDEO,6.4,6.4,64.80059307829788,32.0,1.1868240490530746,46.98381968332687,44.0,1.6,0,regional/regional/regional
S1,53,6,0.2,4,CPU-OFF,1.6,1.6,87.30752314440592,8.0,1.59903888542868,82.11855444363599,64.0,18.0,0,central/central/central
S1,53,6,0.2,5,MQTT,0.4,0.4,101.41155485542575,2.0,1.857354484531607,64.79155900155253,64.0,0.6,0,central/central/central
S1,54,6,0.2,1,BE-DL,4.0,4.0,43.76492069300351,20.0,0.8015553240476834,66.26189254893977,64.0,2.0,0,central/central/central
S1,54,6,0.2,2,YOLO,3.0,3.0,60.27820216875875,15.0,1.1039963767171932,32.19045937487026,26.0,3.6,0,edge/edge/edge
S1,54,6,0.2,3,VIDEO,6.4,6.4,46.81779187835097,32.0,0.8574687157207137,46.34962590542189,44.0,1.6,0,regional/regional/regional
S1,54,6,0.2,4,CPU-OFF,1.6,1.6,64.97508203906277,8.0,1.190019817565252,85.04343044452422,64.0,18.0,0,central/central/central
S1,54,6,0.2,5,MQTT,0.4,0.4,116.71189257977927,2.0,2.1375804501791076,67.77286284860124,64.0,0.6,0,central/central/central
S1,55,6,0.2,1,BE-DL,4.0,4.0,61.35137210262078,20.0,1.1236515037110033,66.08976763994787,64.0,2.0,0,central/central/central
S1,55,6,0.2,2,YOLO,3.0,3.0,50.899829647265136,15.0,0.9322313122209731,32.26389610494641,26.0,3.6,0,edge/edge/edge
S1,55,6,0.2,3,VIDEO,6.4,6.4,91.48910938742033,32.0,1.6756247140553173,47.56986149838923,44.0,1.6,0,regional/regional/regional
S1,55,6,0.2,4,CPU-OFF,1.6,1.6,85.1613322232663,8.0,1.5597313594004816,82.28801937293335,64.0,18.0,0,central/central/central
S1,55,6,0.2,5,MQTT,0.4,0.4,85.97440615545993,2.0,1.5746228233600719,66.59758015415933,64.0,0.6,0,central/central/central
S1,56,7,0.2,1,BE-DL,4.0,4.0,54.55216833383836,20.0,0.9991239621582118,68.80930518836307,64.0,2.0,0,central/central/central
S1,56,7,0.2,2,YOLO,3.0,3.0,34.63004263391472,15.0,0.6342498650900131,30.61712067718885,26.0,3.6,0,edge/edge/edge
S1,56,7,0.2,3,VIDEO,6.4,6.4,49.36606569826386,32.0,0.9041403974041,46.412159306419944,44.0,1.6,0,regional/regional/regional
S1,56,7,0.2,4,CPU-OFF,1.6,1.6,91.07958223663829,8.0,1.668124216788247,83.1588278824971,64.0,18.0,0,central/central/central
S1,56,7,0.2,5,MQTT,0.4,0.4,134.86614745899683,2.0,2.470075960787488,64.80718126348637,64.0,0.6,0,central/central/central
S1,57,7,0.2,1,BE-DL,4.0,4.0,70.85030781855308,20.0,1.2976246853214848,68.10747659563458,64.0,2.0,0,central/central/central
S1,57,7,0.2,2,YOLO,3.0,3.0,39.89719310873589,15.0,0.7307178225043204,29.861055984776876,26.0,3.6,0,edge/edge/edge
S1,57,7,0.2,3,VIDEO,6.4,6.4,133.99979609480957,32.0,2.4542087196851567,45.89269678010072,44.0,1.6,0,regional/regional/regional
S1,57,7,0.2,4,CPU-OFF,1.6,1.6,64.96788802908493,8.0,1.1898880591407497,85.26228843002383,64.0,18.0,0,central/central/central
S1,57,7,0.2,5,MQTT,0.4,0.4,135.26372182955183,2.0,2.4773575426657843,65.03749845530045,64.0,0.6,0,central/central/central
S1,58,7,0.2,1,BE-DL,4.0,4.0,56.659539627009075,20.0,1.0377205059891772,67.44043963979877,64.0,2.0,0,central/central/central
S1,58,7,0.2,2,YOLO,3.0,3.0,57.389656006585724,15.0,1.0510926008532184,31.035082008080202,26.0,3.6,0,edge/edge/edge
S1,58,7,0.2,3,VIDEO,6.4,6.4,141.36304144198337,32.0,2.5890666930766186,48.05023119589122,44.0,1.6,0,regional/regional/regional
S1,58,7,0.2,4,CPU-OFF,1.6,1.6,126.41928410545103,8.0,2.3153715037628393,83.65316290511738,64.0,18.0,0,central/central/central
S1,58,7,0.2,5,MQTT,0.4,0.4,43.93824335720038,2.0,0.8047297318168567,67.44271755294186,64.0,0.6,0,central/central/central
S1,59,7,0.2,1,BE-DL,4.0,4.0,64.86858865778306,20.0,1.188069389336686,66.68101910665528,64.0,2.0,0,central/central/central
S1,59,7,0.2,2,YOLO,3.0,3.0,55.4324935026877,15.0,1.0152471337488589,32.24254638171319,26.0,3.6,0,edge/edge/edge
S1,59,7,0.2,3,VIDEO,6.4,6.4,100.31130491085382,32.0,1.8372033866456743,46.368277970299516,44.0,1.6,0,regional/regional/regional
S1,59,7,0.2,4,CPU-OFF,1.6,1.6,118.84592649056587,8.0,2.1766653203400343,84.13117733806808,64.0,18.0,0,central/central/central
S1,59,7,0.2,5,MQTT,0.4,0.4,60.573656275821044,2.0,1.1094076240992865,66.70491462695104,64.0,0.6,0,central/central/central
S1,60,7,0.2,1,BE-DL,4.0,4.0,78.59484286065519,20.0,1.4394659864588863,68.31543570026935,64.0,2.0,0,central/central/central
S1,60,7,0.2,2,YOLO,3.0,3.0,149.6038192394418,15.0,2.7399966893670658,30.75814819749187,26.0,3.6,0,edge/edge/edge
S1,60,7,0.2,3,VIDEO,6.4,6.4,76.4625713893979,32.0,1.4004133954102178,46.05004005153516,44.0,1.6,0,regional/regional/regional
S1,60,7,0.2,4,CPU-OFF,1.6,1.6,48.253943544605846,8.0,0.8837718597913159,85.13379011033051,64.0,18.0,0,central/central/central
S1,60,7,0.2,5,MQTT,0.4,0.4,94.74393942813629,2.0,1.7352369858633019,67.16016737897331,64.0,0.6,0,central/central/central
S1,61,7,0.2,1,BE-DL,4.0,4.0,70.26319974840312,20.0,1.2868717902637934,68.94844300311206,64.0,2.0,0,central/central/central
S1,61,7,0.2,2,YOLO,3.0,3.0,106.73874706559549,15.0,1.9549221074284888,31.594866826833496,26.0,3.6,0,edge/edge/edge
S1,61,7,0.2,3,VIDEO,6.4,6.4,64.56284689730094,32.0,1.1824697233937902,48.8535251878062,44.0,1.6,0,regional/regional/regional
S1,61,7,0.2,4,CPU-OFF,1.6,1.6,104.52775847771731,8.0,1.9144278109472035,83.81013537992611,64.0,18.0,0,central/central/central
S1,61,7,0.2,5,MQTT,0.4,0.4,33.25920050999283,2.0,0.6091428664833851,65.4080742672166,64.0,0.6,0,central/central/central
S1,62,7,0.2,1,BE-DL,4.0,4.0,135.9354519818921,20.0,2.4896602927086464,66.0150506676267,64.0,2.0,0,central/central/central
S1,62,7,0.2,2,YOLO,3.0,3.0,61.49309556324351,15.0,1.1262471714879763,30.9837313201616,26.0,3.6,0,edge/edge/edge
S1,62,7,0.2,3,VIDEO,6.4,6.4,69.06672233188287,32.0,1.2649582844667193,47.01339957902222,44.0,1.6,0,regional/regional/regional
S1,62,7,0.2,4,CPU-OFF,1.6,1.6,58.9126194353255,8.0,1.0789857039436905,84.34853958640927,64.0,18.0,0,central/central/central
S1,62,7,0.2,5,MQTT,0.4,0.4,37.28567919557489,2.0,0.6828878973548514,65.28236673827254,64.0,0.6,0,central/central/central
S1,63,7,0.2,1,BE-DL,4.0,4.0,119.52015978467051,20.0,2.189013915470156,68.8938279329312,64.0,2.0,0,central/central/central
S1,63,7,0.2,2,YOLO,3.0,3.0,105.50845348175447,15.0,1.932389257907591,32.49667918126444,26.0,3.6,0,edge/edge/edge
S1,63,7,0.2,3,VIDEO,6.4,6.4,99.65750433652119,32.0,1.8252290171524026,48.69708033985077,44.0,1.6,0,regional/regional/regional
S1,63,7,0.2,4,CPU-OFF,1.6,1.6,78.94361578988399,8.0,1.4458537690454945,82.90590177186532,64.0,18.0,0,central/central/central
S1,63,7,0.2,5,MQTT,0.4,0.4,39.6043726342976,2.0,0.7253548101519707,67.53953020992786,64.0,0.6,0,central/central/central
S1,64,8,1.0,1,BE-DL,20.0,20.0,53.43854893531149,20.0,0.9787280024782323,67.69445818708026,64.0,2.0,0,central/central/central
S1,64,8,1.0,2,YOLO,15.0,15.0,15.46823641962548,15.0,0.283301033326474,44.26318049206263,26.0,18.0,0,edge/edge/edge
S1,64,8,1.0,3,VIDEO,32.0,12.146890070229379,12.146890070229379,32.0,0.22247051410676516,55.34894758152676,44.0,8.0,1,regional/regional/regional
S1,64,8,1.0,4,CPU-OFF,8.0,8.0,43.73622516155944,8.0,0.8010297648637259,154.04548814074715,64.0,90.0,0,central/central/central
S1,64,8,1.0,5,MQTT,2.0,2.0,30.46216666154119,2.0,0.5579151403212672,68.73808650517708,64.0,3.0,0,central/central/central
S1,65,8,1.0,1,BE-DL,20.0,20.0,54.257576991920224,20.0,0.9937285163355352,68.08985639912483,64.0,2.0,0,central/central/central
S1,65,8,1.0,2,YOLO,15.0,15.0,21.30531512869078,15.0,0.3902072367892084,45.8587888547665,26.0,18.0,0,edge/edge/edge
S1,65,8,1.0,3,VIDEO,32.0,20.282026065497707,20.282026065497707,32.0,0.3714656788552693,54.65137797587194,44.0,8.0,1,regional/regional/regional
S1,65,8,1.0,4,CPU-OFF,8.0,8.0,25.598680666069477,8.0,0.4688403052393677,156.4450815960761,64.0,90.0,0,central/central/central
S1,65,8,1.0,5,MQTT,2.0,2.0,34.21045054372747,2.0,0.6265650282733968,69.88754713731952,64.0,3.0,0,central/central/central
S1,66,8,1.0,1,BE-DL,20.0,20.0,42.37072878705861,20.0,0.7760206737556522,66.37599923595485,64.0,2.0,0,central/central/central
S1,66,8,1.0,2,YOLO,15.0,15.0,20.769796371111717,15.0,0.380399200936112,44.573362275415114,26.0,18.0,0,edge/edge/edge
S1,66,8,1.0,3,VIDEO,32.0,16.091791447602784,16.091791447602784,32.0,0.29472145508430003,55.04922651070944,44.0,8.0,1,regional/regional/regional
S1,66,8,1.0,4,CPU-OFF,8.0,8.0,58.491260916907514,8.0,1.071268514961676,154.93275219076332,64.0,90.0,0,central/central/central
S1,66,8,1.0,5,MQTT,2.0,2.0,49.249575297085435,2.0,0.9020068735729933,70.12910734443925,64.0,3.0,0,central/central/central
S1,67,8,1.0,1,BE-DL,20.0,20.0,54.54034735213821,20.0,0.998907460661872,67.01499119079271,64.0,2.0,0,central/central/central
S1,67,8,1.0,2,YOLO,15.0,15.0,21.77169004393842,15.0,0.39874890190363405,45.34627701359515,26.0,18.0,0,edge/edge/edge
S1,67,8,1.0,3,VIDEO,32.0,11.364721248968776,11.364721248968776,32.0,0.20814507781994093,52.36288037636445,44.0,8.0,1,regional/regional/regional
S1,67,8,1.0,4,CPU-OFF,8.0,8.0,49.01480222430085,8.0,0.8977070004450706,155.50416452554924,64.0,90.0,0,central/central/central
S1,67,8,1.0,5,MQTT,2.0,2.0,39.96758569110121,2.0,0.7320070639395826,69.79280017750602,64.0,3.0,0,central/central/central
S1,68,8,1.0,1,BE-DL,20.0,20.0,39.83492201208501,20.0,0.7295773262286631,66.75361834501996,64.0,2.0,0,central/central/central
S1,68,8,1.0,2,YOLO,15.0,13.076119199162719,13.076119199162719,15.0,0.2394893626220278,45.90370130200114,26.0,18.0,1,edge/edge/edge
S1,68,8,1.0,3,VIDEO,32.0,12.528114661804258,12.528114661804258,32.0,0.22945264948359445,55.45714700014947,44.0,8.0,1,regional/regional/regional
S1,68,8,1.0,4,CPU-OFF,8.0,8.0,72.03849443305242,8.0,1.3193863449277,155.7350355172388,64.0,90.0,0,central/central/central
S1,68,8,1.0,5,MQTT,2.0,2.0,51.18868959369109,2.0,0.9375217874302396,69.06996757330577,64.0,3.0,0,central/central/central
S1,69,8,1.0,1,BE-DL,20.0,20.0,76.17312145934154,20.0,1.395112114639955,68.50647433510451,64.0,2.0,0,central/central/central
S1,69,8,1.0,2,YOLO,15.0,15.0,21.057185290953058,15.0,0.3856627342665395,47.192257722461186,26.0,18.0,0,edge/edge/edge
S1,69,8,1.0,3,VIDEO,32.0,19.564162121286664,19.564162121286664,32.0,0.3583179875693528,55.24301734002628,44.0,8.0,1,regional/regional/regional
S1,69,8,1.0,4,CPU-OFF,8.0,8.0,88.27649077031285,8.0,1.616785545243825,156.05334062681501,64.0,90.0,0,central/central/central
S1,69,8,1.0,5,MQTT,2.0,2.0,55.47740185406546,2.0,1.01606963102684,68.23378950459959,64.0,3.0,0,central/central/central
S1,70,8,1.0,1,BE-DL,20.0,20.0,75.65752165121394,20.0,1.385668894710878,66.99034294172309,64.0,2.0,0,central/central/central
S1,70,8,1.0,2,YOLO,15.0,15.0,71.83963298316526,15.0,1.3157441938308656,47.274902945442896,26.0,18.0,0,edge/edge/edge
S1,70,8,1.0,3,VIDEO,32.0,32.0,70.15532603250598,32.0,1.2848960811814283,54.5560118198105,44.0,8.0,0,regional/regional/regional
S1,70,8,1.0,4,CPU-OFF,8.0,8.0,136.95535883858605,8.0,2.508339905468609,157.0514299115047,64.0,90.0,0,central/central/central
S1,70,8,1.0,5,MQTT,2.0,2.0,85.97440615545989,2.0,1.5746228233600712,67.58618352858551,64.0,3.0,0,central/central/central
S1,71,8,1.0,1,BE-DL,20.0,20.0,81.53177332503016,20.0,1.493255921703849,66.58281082331223,64.0,2.0,0,central/central/central
S1,71,8,1.0,2,YOLO,15.0,15.0,83.03762911142991,15.0,1.5208356980115367,45.89042284267747,26.0,18.0,0,edge/edge/edge
S1,71,8,1.0,3,VIDEO,32.0,32.0,128.07234025492983,32.0,2.345647257416297,52.39036696142182,44.0,8.0,0,regional/regional/regional
S1,71,8,1.0,4,CPU-OFF,8.0,8.0,63.38286717052605,8.0,1.1608583730865576,156.53605729426218,64.0,90.0,0,central/central/central
S1,71,8,1.0,5,MQTT,2.0,2.0,127.82494297318578,2.0,2.3411161716700692,69.08313223780891,64.0,3.0,0,central/central/central
S1,72,9,1.0,1,BE-DL,20.0,20.0,57.69239350939322,20.0,1.0566372437617806,66.32100374181705,64.0,2.0,0,central/central/central
S1,72,9,1.0,2,YOLO,15.0,15.0,84.51340905828998,15.0,1.5478646347672158,46.66748680143021,26.0,18.0,0,edge/edge/edge
S1,72,9,1.0,3,VIDEO,32.0,32.0,74.16019249521904,32.0,1.3582452837952204,53.89512983733768,44.0,8.0,0,regional/regional/regional
S1,72,9,1.0,4,CPU-OFF,8.0,8.0,135.9412110860685,8.0,2.4897657708071153,154.66073226382642,64.0,90.0,0,central/central/central
S1,72,9,1.0,5,MQTT,2.0,2.0,54.72501722874998,2.0,1.0022896928342486,68.21512747661632,64.0,3.0,0,central/central/central
S1,73,9,1.0,1,BE-DL,20.0,20.0,92.21828518602845,20.0,1.6889795821616933,69.08666003940895,64.0,2.0,0,central/central/central
S1,73,9,1.0,2,YOLO,15.0,15.0,132.62315463706776,15.0,2.428995506173402,44.357357571397074,26.0,18.0,0,edge/edge/edge
S1,73,9,1.0,3,VIDEO,32.0,32.0,99.27786116536231,32.0,1.818275845519456,53.54754059578178,44.0,8.0,0,regional/regional/regional
S1,73,9,1.0,4,CPU-OFF,8.0,8.0,91.600413483187,8.0,1.6776632506078204,156.95235217780035,64.0,90.0,0,central/central/central
S1,73,9,1.0,5,MQTT,2.0,2.0,117.64110318218165,2.0,2.1545989593806163,69.1082730545313,64.0,3.0,0,central/central/central
S1,74,9,1.0,1,BE-DL,20.0,20.0,123.02663366131269,20.0,2.2532350487419905,67.7599839974633,64.0,2.0,0,central/central/central
S1,74,9,1.0,2,YOLO,15.0,15.0,130.21406492612493,15.0,2.384872983994962,45.803041942688445,26.0,18.0,0,edge/edge/edge
S1,74,9,1.0,3,VIDEO,32.0,32.0,79.04966963083588,32.0,1.4477961470849061,55.12927270674609,44.0,8.0,0,regional/regional/regional
S1,74,9,1.0,4,CPU-OFF,8.0,8.0,99.20613355356556,8.0,1.8169621529957063,155.24513295842112,64.0,90.0,0,central/central/central
S1,74,9,1.0,5,MQTT,2.0,2.0,66.00439787296355,2.0,1.2088717559150834,67.82246366983627,64.0,3.0,0,central/central/central
S1,75,9,1.0,1,BE-DL,20.0,20.0,65.66151428864875,20.0,1.2025918367884385,67.69522730365992,64.0,2.0,0,central/central/central
S1,75,9,1.0,2,YOLO,15.0,15.0,100.09855541839016,15.0,1.8333068757946915,47.418052696918984,26.0,18.0,0,edge/edge/edge
S1,75,9,1.0,3,VIDEO,32.0,32.0,124.44942653722684,32.0,2.279293526322836,54.361258886531544,44.0,8.0,0,regional/regional/regional
S1,75,9,1.0,4,CPU-OFF,8.0,8.0,113.3512447415741,8.0,2.0760301234720533,156.35147134288684,64.0,90.0,0,central/central/central
S1,75,9,1.0,5,MQTT,2.0,2.0,61.83669329088277,2.0,1.132540170162688,70.26860914992464,64.0,3.0,0,central/central/central
S1,76,9,1.0,1,BE-DL,20.0,20.0,56.42347858583886,20.0,1.0333970436966824,68.05595216698055,64.0,2.0,0,central/central/central
S1,76,9,1.0,2,YOLO,15.0,15.0,120.82609439404972,15.0,2.2129321317591524,44.99479249286059,26.0,18.0,0,edge/edge/edge
S1,76,9,1.0,3,VIDEO,32.0,32.0,77.27977128616327,32.0,1.4153804264865066,52.80778629294924,44.0,8.0,0,regional/regional/regional
S1,76,9,1.0,4,CPU-OFF,8.0,8.0,109.71425031058116,8.0,2.0094185038567978,155.86025827656556,64.0,90.0,0,central/central/central
S1,76,9,1.0,5,MQTT,2.0,2.0,74.0487860411162,2.0,1.3562048725479157,67.20669711642401,64.0,3.0,0,central/central/central
S1,77,9,1.0,1,BE-DL,20.0,20.0,114.644357093162,20.0,2.099713499874762,68.37653935780803,64.0,2.0,0,central/central/central
S1,77,9,1.0,2,YOLO,15.0,15.0,142.10589310833586,15.0,2.6026720349512065,44.099200987670265,26.0,18.0,0,edge/edge/edge
S1,77,9,1.0,3,VIDEO,32.0,32.0,52.01860732591178,32.0,0.9527217458958201,52.5710781926855,44.0,8.0,0,regional/regional/regional
S1,77,9,1.0,4,CPU-OFF,8.0,8.0,67.87009373543354,8.0,1.2430420098064752,156.1623852104931,64.0,90.0,0,central/central/central
S1,77,9,1.0,5,MQTT,2.0,2.0,62.99020045919092,2.0,1.1536666750767568,68.4267895314065,64.0,3.0,0,central/central/central
S1,78,9,1.0,1,BE-DL,20.0,20.0,49.84473031378633,20.0,0.9129071486041452,66.90627308626398,64.0,2.0,0,central/central/central
S1,78,9,1.0,2,YOLO,15.0,15.0,93.207019443523,15.0,1.707088268196392,45.31041491429968,26.0,18.0,0,edge/edge/edge
S1,78,9,1.0,3,VIDEO,32.0,32.0,99.65750433652119,32.0,1.8252290171524026,53.572795077645075,44.0,8.0,0,regional/regional/regional
S1,78,9,1.0,4,CPU-OFF,8.0,8.0,31.93902012873173,8.0,0.5849637386214602,156.07490239623115,64.0,90.0,0,central/central/central
S1,78,9,1.0,5,MQTT,2.0,2.0,53.80732006176984,2.0,0.9854820524133671,70.43181523951087,64.0,3.0,0,central/central/central
S1,79,9,1.0,1,BE-DL,20.0,20.0,125.53017627257115,20.0,2.299087477519618,66.50867818548534,64.0,2.0,0,central/central/central
S1,79,9,1.0,2,YOLO,15.0,15.0,44.36236635498644,15.0,0.812497552289129,46.71156567039019,26.0,18.0,0,edge/edge/edge
S1,79,9,1.0,3,VIDEO,32.0,32.0,43.38175025081911,32.0,0.7945375503813024,53.338594948357375,44.0,8.0,0,regional/regional/regional
S1,79,9,1.0,4,CPU-OFF,8.0,8.0,76.12317670524585,8.0,1.3941973755539534,157.24438347549616,64.0,90.0,0,central/central/central
S1,79,9,1.0,5,MQTT,2.0,2.0,34.198092761541545,2.0,0.6263386952663287,67.23295766222773,64.0,3.0,0,central/central/central
S1,80,10,1.0,1,BE-DL,20.0,20.0,107.603261933556,20.0,1.9707557130687912,67.42309625981558,64.0,2.0,0,central/central/central
S1,80,10,1.0,2,YOLO,15.0,15.0,66.66969359998474,15.0,1.2210566593403798,46.84030557287589,26.0,18.0,0,edge/edge/edge
S1,80,10,1.0,3,VIDEO,32.0,32.0,34.61791597524707,32.0,0.6340277651144153,53.78186364383957,44.0,8.0,0,regional/regional/regional
S1,80,10,1.0,4,CPU-OFF,8.0,8.0,64.9600928730365,8.0,1.1897452907149542,157.17287793441395,64.0,90.0,0,central/central/central
S1,80,10,1.0,5,MQTT,2.0,2.0,59.38417830231936,2.0,1.0876223132292924,67.83510970081537,64.0,3.0,0,central/central/central
S1,81,10,1.0,1,BE-DL,20.0,20.0,73.54918959262996,20.0,1.347054754443772,69.17495797193101,64.0,2.0,0,central/central/central
S1,81,10,1.0,2,YOLO,15.0,15.0,49.661438054413594,15.0,0.9095501475167325,44.32639465848339,26.0,18.0,0,edge/edge/edge
S1,81,10,1.0,3,VIDEO,32.0,32.0,53.91297474792088,32.0,0.9874171199252908,54.82002138850127,44.0,8.0,0,regional/regional/regional
S1,81,10,1.0,4,CPU-OFF,8.0,8.0,39.19211391386694,8.0,0.7178042841367571,156.3922140833999,64.0,90.0,0,central/central/central
S1,81,10,1.0,5,MQTT,2.0,2.0,78.351597063545,2.0,1.4350109352297618,70.01213294821822,64.0,3.0,0,central/central/central
S1,82,10,1.0,1,BE-DL,20.0,20.0,68.00283815424828,20.0,1.2454732262682835,66.99464566184109,64.0,2.0,0,central/central/central
S1,82,10,1.0,2,YOLO,15.0,15.0,59.37733648346846,15.0,1.08749700519173,44.193963713127964,26.0,18.0,0,edge/edge/edge
S1,82,10,1.0,3,VIDEO,32.0,32.0,33.3103898676671,32.0,0.6100804005067234,54.62487776327107,44.0,8.0,0,regional/regional/regional
S1,82,10,1.0,4,CPU-OFF,8.0,8.0,57.80366331279604,8.0,1.0586751522490117,156.84330856040174,64.0,90.0,0,central/central/central
S1,82,10,1.0,5,MQTT,2.0,2.0,95.83625386145764,2.0,1.7552427447153414,69.90037718769437,64.0,3.0,0,central/central/central
S1,83,10,1.0,1,BE-DL,20.0,20.0,71.22001208221246,20.0,1.3043958256815469,68.49774922822114,64.0,2.0,0,central/central/central
S1,83,10,1.0,2,YOLO,15.0,15.0,39.599776187940556,15.0,0.7252706261527574,45.00992232622322,26.0,18.0,0,edge/edge/edge
S1,83,10,1.0,3,VIDEO,32.0,32.0,52.76619722089981,32.0,0.9664138685146485,54.6793866156006,44.0,8.0,0,regional/regional/regional
S1,83,10,1.0,4,CPU-OFF,8.0,8.0,82.21784690728806,8.0,1.5058213719283529,157.37466821802457,64.0,90.0,0,central/central/central
S1,83,10,1.0,5,MQTT,2.0,2.0,107.68941301314268,2.0,1.9723335716692798,68.2323649241041,64.0,3.0,0,central/central/central
S1,84,10,1.0,1,BE-DL,20.0,20.0,58.16856547804261,20.0,1.0653583420886925,68.1290206225304,64.0,2.0,0,central/central/central
S1,84,10,1.0,2,YOLO,15.0,15.0,41.620663402238186,15.0,0.7622832124952048,47.39516836794967,26.0,18.0,0,edge/edge/edge
S1,84,10,1.0,3,VIDEO,32.0,32.0,37.59610559928183,32.0,0.6885733626242093,55.22914863783906,44.0,8.0,0,regional/regional/regional
S1,84,10,1.0,4,CPU-OFF,8.0,8.0,88.27649077031275,8.0,1.6167855452438231,156.48751925916565,64.0,90.0,0,central/central/central
S1,84,10,1.0,5,MQTT,2.0,2.0,137.12338948835048,2.0,2.511417389896529,69.47412850883721,64.0,3.0,0,central/central/central
S1,85,10,1.0,1,BE-DL,20.0,20.0,72.0809842640657,20.0,1.3201645469609102,68.83551005392977,64.0,2.0,0,central/central/central
S1,85,10,1.0,2,YOLO,15.0,15.0,63.463711648805244,15.0,1.1623390411869092,45.40159721029135,26.0,18.0,0,edge/edge/edge
S1,85,10,1.0,3,VIDEO,32.0,32.0,48.82154267759199,32.0,0.8941674483075457,52.798198433027395,44.0,8.0,0,regional/regional/regional
S1,85,10,1.0,4,CPU-OFF,8.0,8.0,85.16133222326623,8.0,1.5597313594004802,154.2209315008165,64.0,90.0,0,central/central/central
S1,85,10,1.0,5,MQTT,2.0,2.0,85.97440615545992,2.0,1.5746228233600716,67.78066269012632,64.0,3.0,0,central/central/central
S1,86,10,1.0,1,BE-DL,20.0,20.0,31.426792627102532,20.0,0.5755822825476654,68.76337343627775,64.0,2.0,0,central/central/central
S1,86,10,1.0,2,YOLO,15.0,15.0,73.35611181592675,15.0,1.3435185314272298,44.450783889098894,26.0,18.0,0,edge/edge/edge
S1,86,10,1.0,3,VIDEO,32.0,32.0,67.52905213441754,32.0,1.236795826637684,54.8795771244379,44.0,8.0,0,regional/regional/regional
S1,86,10,1.0,4,CPU-OFF,8.0,8.0,139.54883360233455,8.0,2.5558394432662004,157.2463655574585,64.0,90.0,0,central/central/central
S1,86,10,1.0,5,MQTT,2.0,2.0,120.7837384873747,2.0,2.2121563825526502,68.75896212381453,64.0,3.0,0,central/central/central
S1,87,10,1.0,1,BE-DL,20.0,20.0,53.30642207300666,20.0,0.9763080965752134,66.79736745411905,64.0,2.0,0,central/central/central
S1,87,10,1.0,2,YOLO,15.0,15.0,106.82151703306704,15.0,1.9564380408986637,47.222195820243456,26.0,18.0,0,edge/edge/edge
S1,87,10,1.0,3,VIDEO,32.0,32.0,87.45788218401694,32.0,1.6017927139929842,55.211250753709926,44.0,8.0,0,regional/regional/regional
S1,87,10,1.0,4,CPU-OFF,8.0,8.0,100.45454955757671,8.0,1.8398269149739324,157.3514100690527,64.0,90.0,0,central/central/central
S1,87,10,1.0,5,MQTT,2.0,2.0,135.26372182955183,2.0,2.4773575426657843,70.11894544331521,64.0,3.0,0,central/central/central
S1,88,11,1.0,1,BE-DL,20.0,20.0,87.13846439188283,20.0,1.5959425712799054,67.05611438380679,64.0,2.0,0,central/central/central
S1,88,11,1.0,2,YOLO,15.0,15.0,24.846345188733547,15.0,0.4550612671929221,47.46723860493428,26.0,18.0,0,edge/edge/edge
S1,88,11,1.0,3,VIDEO,32.0,25.833826046725804,25.833826046725804,32.0,0.47314699719278025,52.08739869109023,44.0,8.0,1,regional/regional/regional
S1,88,11,1.0,4,CPU-OFF,8.0,8.0,119.45550998099833,8.0,2.1878298531318374,154.8803473958243,64.0,90.0,0,central/central/central
S1,88,11,1.0,5,MQTT,2.0,2.0,99.21538822593652,2.0,1.81713165248968,70.25025885348948,64.0,3.0,0,central/central/central
S1,89,11,1.0,1,BE-DL,20.0,20.0,82.31600215884212,20.0,1.5076190871582806,69.49924157139411,64.0,2.0,0,central/central/central
S1,89,11,1.0,2,YOLO,15.0,15.0,28.845814543474102,15.0,0.5283116216753498,46.844253851983694,26.0,18.0,0,edge/edge/edge
S1,89,11,1.0,3,VIDEO,32.0,32.0,41.97810042465078,32.0,0.7688296781071572,54.71900495232603,44.0,8.0,0,regional/regional/regional
S1,89,11,1.0,4,CPU-OFF,8.0,8.0,73.01974297089852,8.0,1.3373579298699363,156.0014591304633,64.0,90.0,0,central/central/central
S1,89,11,1.0,5,MQTT,2.0,2.0,60.57365627582099,2.0,1.1094076240992854,68.3799530911736,64.0,3.0,0,central/central/central
S1,90,11,1.0,1,BE-DL,20.0,20.0,72.12817857465203,20.0,1.3210289116236633,66.28520746435895,64.0,2.0,0,central/central/central
S1,90,11,1.0,2,YOLO,15.0,14.166121647254785,14.166121647254785,15.0,0.2594527774222488,44.29576478036265,26.0,18.0,1,edge/edge/edge
S1,90,11,1.0,3,VIDEO,32.0,25.248468400857718,25.248468400857718,32.0,0.4624261611878703,52.92179030988947,44.0,8.0,1,regional/regional/regional
S1,90,11,1.0,4,CPU-OFF,8.0,8.0,71.92568943441249,8.0,1.317320319311584,155.730235633741,64.0,90.0,0,central/central/central
S1,90,11,1.0,5,MQTT,2.0,2.0,75.9397987782771,2.0,1.3908388054629504,69.70941828345532,64.0,3.0,0,central/central/central
S1,91,11,1.0,1,BE-DL,20.0,20.0,84.10292091096743,20.0,1.5403465368309053,68.78809000742984,64.0,2.0,0,central/central/central
S1,91,11,1.0,2,YOLO,15.0,15.0,31.859077804350324,15.0,0.5834995934862697,46.96800436989773,26.0,18.0,0,edge/edge/edge
S1,91,11,1.0,3,VIDEO,32.0,26.979444203447837,26.979444203447837,32.0,0.49412901471516185,53.53945370963056,44.0,8.0,1,regional/regional/regional
S1,91,11,1.0,4,CPU-OFF,8.0,8.0,73.4088074805343,8.0,1.3444836534896394,156.12508345730717,64.0,90.0,0,central/central/central
S1,91,11,1.0,5,MQTT,2.0,2.0,61.81191038177906,2.0,1.1320862707285542,70.22445702609218,64.0,3.0,0,central/central/central
S1,92,11,1.0,1,BE-DL,20.0,20.0,50.77107242697175,20.0,0.929873121373109,67.49566705006988,64.0,2.0,0,central/central/central
S1,92,11,1.0,2,YOLO,15.0,15.0,15.337101481656031,15.0,0.28089929453582474,46.62479534931615,26.0,18.0,0,edge/edge/edge
S1,92,11,1.0,3,VIDEO,32.0,22.520997054041814,22.520997054041814,32.0,0.4124724735172493,54.94012887094114,44.0,8.0,1,regional/regional/regional
S1,92,11,1.0,4,CPU-OFF,8.0,8.0,72.34883088548754,8.0,1.3250701627378672,156.6752038804618,64.0,90.0,0,central/central/central
S1,92,11,1.0,5,MQTT,2.0,2.0,48.301902594267474,2.0,0.8846502306642394,68.87882423306968,64.0,3.0,0,central/central/central
S1,93,11,1.0,1,BE-DL,20.0,20.0,126.48770273175889,20.0,2.316624592156756,67.34178117593218,64.0,2.0,0,central/central/central
S1,93,11,1.0,2,YOLO,15.0,15.0,36.43117003630087,15.0,0.6672375464523969,44.074434110801285,26.0,18.0,0,edge/edge/edge
S1,93,11,1.0,3,VIDEO,32.0,23.75043729302437,23.75043729302437,32.0,0.43498969401143533,55.324008040875185,44.0,8.0,1,regional/regional/regional
S1,93,11,1.0,4,CPU-OFF,8.0,8.0,78.94361578988408,8.0,1.445853769045496,155.63693305930116,64.0,90.0,0,central/central/central
S1,93,11,1.0,5,MQTT,2.0,2.0,60.90879377550598,2.0,1.1155456735440654,68.04477441203888,64.0,3.0,0,central/central/central
S1,94,11,1.0,1,BE-DL,20.0,20.0,59.99233323869866,20.0,1.098760682027448,67.81214783246617,64.0,2.0,0,central/central/central
S1,94,11,1.0,2,YOLO,15.0,15.0,55.24370149866236,15.0,1.0117894047374059,45.3376811723109,26.0,18.0,0,edge/edge/edge
S1,94,11,1.0,3,VIDEO,32.0,32.0,86.1062012554137,32.0,1.5770366530295548,52.27219264904456,44.0,8.0,0,regional/regional/regional
S1,94,11,1.0,4,CPU-OFF,8.0,8.0,43.73622516155944,8.0,0.801029764863726,157.4326513242851,64.0,90.0,0,central/central/central
S1,94,11,1.0,5,MQTT,2.0,2.0,64.08550156154425,2.0,1.1737271348268177,67.05499171147896,64.0,3.0,0,central/central/central
S1,95,11,1.0,1,BE-DL,20.0,20.0,89.82136695301054,20.0,1.6450799808243688,67.76899423563368,64.0,2.0,0,central/central/central
S1,95,11,1.0,2,YOLO,15.0,15.0,94.93184632171719,15.0,1.7386785040607542,46.74913724856698,26.0,18.0,0,edge/edge/edge
S1,95,11,1.0,3,VIDEO,32.0,32.0,76.21759651693043,32.0,1.3959266761342568,54.322514523077835,44.0,8.0,0,regional/regional/regional
S1,95,11,1.0,4,CPU-OFF,8.0,8.0,47.068541869869705,8.0,0.86206120640787,156.47009833432605,64.0,90.0,0,central/central/central
S1,95,11,1.0,5,MQTT,2.0,2.0,30.01482925062888,2.0,0.5497221474474153,67.34122276749139,64.0,3.0,0,central/central/central
S1,96,12,0.4,1,BE-DL,8.0,8.0,89.13841999541567,20.0,1.6325717947878329,69.48337067692795,64.0,2.0,0,central/central/central
S1,96,12,0.4,2,YOLO,6.0,6.0,78.26391187056322,15.0,1.4334049793143446,35.84124535630438,26.0,7.2,0,edge/edge/edge
S1,96,12,0.4,3,VIDEO,12.8,12.8,53.91297474792088,32.0,0.9874171199252908,50.018038784463585,44.0,3.2,0,regional/regional/regional
S1,96,12,0.4,4,CPU-OFF,3.2,3.2,62.35109031751557,8.0,1.1419613611266588,103.36360678366489,64.0,36.0,0,central/central/central
S1,96,12,0.4,5,MQTT,0.8,0.8,39.54890137493224,2.0,0.724338853020737,67.71762916041423,64.0,1.2,0,central/central/central
S1,97,12,0.4,1,BE-DL,8.0,8.0,94.9278197584684,20.0,1.7386047574811063,67.82991338977116,64.0,2.0,0,central/central/central
S1,97,12,0.4,2,YOLO,6.0,6.0,29.97141746308408,15.0,0.5489270597634447,35.43983521241379,26.0,7.2,0,edge/edge/edge
S1,97,12,0.4,3,VIDEO,12.8,12.8,58.78304094294194,32.0,1.076612471482453,49.38637533619993,44.0,3.2,0,regional/regional/regional
S1,97,12,0.4,4,CPU-OFF,3.2,3.2,44.620371680053076,8.0,0.8172229245430966,100.00495042114105,64.0,36.0,0,central/central/central
S1,97,12,0.4,5,MQTT,0.8,0.8,79.07565341035067,2.0,1.448272040482613,65.72239681046348,64.0,1.2,0,central/central/central
S1,98,12,0.4,1,BE-DL,8.0,8.0,67.29687582344667,20.0,1.232543513249939,69.46732877622874,64.0,2.0,0,central/central/central
S1,98,12,0.4,2,YOLO,6.0,6.0,46.70042571129541,15.0,0.8553191522215277,34.13043764630723,26.0,7.2,0,edge/edge/edge
S1,98,12,0.4,3,VIDEO,12.8,12.8,32.70887079190273,32.0,0.5990635676172661,50.03743259952365,44.0,3.2,0,regional/regional/regional
S1,98,12,0.4,4,CPU-OFF,3.2,3.2,56.769465721698765,8.0,1.0397338044267173,101.29977306807042,64.0,36.0,0,central/central/central
S1,98,12,0.4,5,MQTT,0.8,0.8,132.80084564400977,2.0,2.432249920219959,67.73328003021494,64.0,1.2,0,central/central/central
S1,99,12,0.4,1,BE-DL,8.0,8.0,61.76947667430241,20.0,1.1313090965989452,67.8220045909358,64.0,2.0,0,central/central/central
S1,99,12,0.4,2,YOLO,6.0,6.0,34.15764789562995,15.0,0.6255979468064093,36.10177876906656,26.0,7.2,0,edge/edge/edge
S1,99,12,0.4,3,VIDEO,12.8,12.8,37.59610559928182,32.0,0.6885733626242092,47.61497459691717,44.0,3.2,0,regional/regional/regional
S1,99,12,0.4,4,CPU-OFF,3.2,3.2,88.27649077031273,8.0,1.616785545243823,101.82608412883182,64.0,36.0,0,central/central/central
S1,99,12,0.4,5,MQTT,0.8,0.8,109.90806027692217,2.0,2.0129681369399663,68.22177758548885,64.0,1.2,0,central/central/central
S1,100,12,0.4,1,BE-DL,8.0,8.0,75.657521651214,20.0,1.385668894710879,66.80846360835018,64.0,2.0,0,central/central/central
S1,100,12,0.4,2,YOLO,6.0,6.0,71.83963298316534,15.0,1.3157441938308672,33.45795035359417,26.0,7.2,0,edge/edge/edge
S1,100,12,0.4,3,VIDEO,12.8,12.8,64.82188019377762,32.0,1.18721392296296,47.497087430216716,44.0,3.2,0,regional/regional/regional
S1,100,12,0.4,4,CPU-OFF,3.2,3.2,59.26431891560631,8.0,1.085427086366416,102.7448810946115,64.0,36.0,0,central/central/central
S1,100,12,0.4,5,MQTT,0.8,0.8,128.41746742207937,2.0,2.3519682678036515,68.14126774047237,64.0,1.2,0,central/central/central
S1,101,12,0.4,1,BE-DL,8.0,8.0,73.82331475611821,20.0,1.3520753618336667,69.12909974912999,64.0,2.0,0,central/central/central
S1,101,12,0.4,2,YOLO,6.0,6.0,34.63004263391466,15.0,0.6342498650900121,36.4466064869748,26.0,7.2,0,edge/edge/edge
S1,101,12,0.4,3,VIDEO,12.8,12.8,122.01801144287859,32.0,2.2347621143384355,49.080070320455405,44.0,3.2,0,regional/regional/regional
S1,101,12,0.4,4,CPU-OFF,3.2,3.2,84.15540347011014,8.0,1.5413077558628232,102.21290658482081,64.0,36.0,0,central/central/central
S1,101,12,0.4,5,MQTT,0.8,0.8,127.82494297318578,2.0,2.3411161716700692,68.53703192252445,64.0,1.2,0,central/central/central
S1,102,12,0.4,1,BE-DL,8.0,8.0,70.85030781855316,20.0,1.2976246853214863,66.17736793445147,64.0,2.0,0,central/central/central
S1,102,12,0.4,2,YOLO,6.0,6.0,78.93638206459572,15.0,1.4457212832343538,35.24171251569124,26.0,7.2,0,edge/edge/edge
S1,102,12,0.4,3,VIDEO,12.8,12.8,54.21365796202219,32.0,0.9929241384985749,50.45309698691054,44.0,3.2,0,regional/regional/regional
S1,102,12,0.4,4,CPU-OFF,3.2,3.2,72.06522033478329,8.0,1.3198758303073863,102.60526856691934,64.0,36.0,0,central/central/central
S1,102,12,0.4,5,MQTT,0.8,0.8,88.28281081241742,2.0,1.616901296930722,67.31918574295415,64.0,1.2,0,central/central/central
S1,103,12,0.4,1,BE-DL,8.0,8.0,107.45774756846534,20.0,1.9680906148070574,67.97167446943476,64.0,2.0,0,central/central/central
S1,103,12,0.4,2,YOLO,6.0,6.0,95.00640532182662,15.0,1.740044053513308,35.7850460653938,26.0,7.2,0,edge/edge/edge
S1,103,12,0.4,3,VIDEO,12.8,12.8,99.27786116536231,32.0,1.818275845519456,49.16424803020036,44.0,3.2,0,regional/regional/regional
S1,103,12,0.4,4,CPU-OFF,3.2,3.2,63.74531698537579,8.0,1.1674966480838056,102.6823719670226,64.0,36.0,0,central/central/central
S1,103,12,0.4,5,MQTT,0.8,0.8,68.50586329886094,2.0,1.2546861410047792,68.58490431399463,64.0,1.2,0,central/central/central
S1,104,13,0.4,1,BE-DL,8.0,8.0,88.13180665919508,20.0,1.614135653098811,67.93608880735636,64.0,2.0,0,central/central/central
S1,104,13,0.4,2,YOLO,6.0,6.0,109.81909090155114,15.0,2.01133866120057,34.20922418838607,26.0,7.2,0,edge/edge/edge
S1,104,13,0.4,3,VIDEO,12.8,12.8,149.92178723089563,32.0,2.7458202789541324,49.97722993788759,44.0,3.2,0,regional/regional/regional
S1,104,13,0.4,4,CPU-OFF,3.2,3.2,112.29932884489914,8.0,2.056764264558592,102.88690973333205,64.0,36.0,0,central/central/central
S1,104,13,0.4,5,MQTT,0.8,0.8,66.00439787296357,2.0,1.2088717559150837,68.62955511592193,64.0,1.2,0,central/central/central
S1,105,13,0.4,1,BE-DL,8.0,8.0,123.86149286267832,20.0,2.2685255103054636,66.21434172378312,64.0,2.0,0,central/central/central
S1,105,13,0.4,2,YOLO,6.0,6.0,64.73765268906754,15.0,1.1856712946715668,34.93699933938241,26.0,7.2,0,edge/edge/edge
S1,105,13,0.4,3,VIDEO,12.8,12.8,49.041511304924136,32.0,0.8981961777458632,48.87108309925716,44.0,3.2,0,regional/regional/regional
S1,105,13,0.4,4,CPU-OFF,3.2,3.2,71.92568943441249,8.0,1.317320319311584,100.7691936830455,64.0,36.0,0,central/central/central
S1,105,13,0.4,5,MQTT,0.8,0.8,66.53772845334755,2.0,1.2186397152627757,68.6971327885614,64.0,1.2,0,central/central/central
S1,106,13,0.4,1,BE-DL,8.0,8.0,84.10292091096743,20.0,1.5403465368309053,66.86385250501026,64.0,2.0,0,central/central/central
S1,106,13,0.4,2,YOLO,6.0,6.0,127.8697680582768,15.0,2.3419371439244836,34.19592253228913,26.0,7.2,0,edge/edge/edge
S1,106,13,0.4,3,VIDEO,12.8,12.8,45.48746031400742,32.0,0.8331036687547146,49.91735915651764,44.0,3.2,0,regional/regional/regional
S1,106,13,0.4,4,CPU-OFF,3.2,3.2,63.03582381480664,8.0,1.1545022676704513,102.43314001704822,64.0,36.0,0,central/central/central
S1,106,13,0.4,5,MQTT,0.8,0.8,61.81191038177906,2.0,1.1320862707285542,67.94685356350067,64.0,1.2,0,central/central/central
S1,107,13,0.4,1,BE-DL,8.0,8.0,128.83842035231544,20.0,2.3596780284306855,67.52082310745547,64.0,2.0,0,central/central/central
S1,107,13,0.4,2,YOLO,6.0,6.0,128.67042685082052,15.0,2.356601224374002,35.792388805074495,26.0,7.2,0,edge/edge/edge
S1,107,13,0.4,3,VIDEO,12.8,12.8,69.06672233188289,32.0,1.2649582844667195,50.162152232879436,44.0,3.2,0,regional/regional/regional
S1,107,13,0.4,4,CPU-OFF,3.2,3.2,45.47640798516361,8.0,0.8329012451495167,103.15782371389379,64.0,36.0,0,central/central/central
S1,107,13,0.4,5,MQTT,0.8,0.8,33.61360472934403,2.0,0.6156337862517222,68.67434936642782,64.0,1.2,0,central/central/central
S1,108,13,0.4,1,BE-DL,8.0,8.0,84.6824450492284,20.0,1.5509605320371502,66.97864171782392,64.0,2.0,0,central/central/central
S1,108,13,0.4,2,YOLO,6.0,6.0,68.60415136706008,15.0,1.2564862887739943,33.217712556265546,26.0,7.2,0,edge/edge/edge
S1,108,13,0.4,3,VIDEO,12.8,12.8,74.93331432936898,32.0,1.3724050243474173,47.698685700326806,44.0,3.2,0,regional/regional/regional
S1,108,13,0.4,4,CPU-OFF,3.2,3.2,75.02656615145474,8.0,1.3741129331768267,102.7218882208236,64.0,36.0,0,central/central/central
S1,108,13,0.4,5,MQTT,0.8,0.8,32.50289892056148,2.0,0.5952911890212724,68.0135568523346,64.0,1.2,0,central/central/central
S1,109,13,0.4,1,BE-DL,8.0,8.0,138.63774487934586,20.0,2.539152836618056,66.82761134252551,64.0,2.0,0,central/central/central
S1,109,13,0.4,2,YOLO,6.0,6.0,49.803033926824526,15.0,0.9121434785132697,35.74996170636853,26.0,7.2,0,edge/edge/edge
S1,109,13,0.4,3,VIDEO,12.8,12.8,43.381750250819216,32.0,0.7945375503813044,47.845704583221284,44.0,3.2,0,regional/regional/regional
S1,109,13,0.4,4,CPU-OFF,3.2,3.2,72.52462653372523,8.0,1.3282898632550406,102.65034118193526,64.0,36.0,0,central/central/central
S1,109,13,0.4,5,MQTT,0.8,0.8,79.02920596154546,2.0,1.4474213546070596,65.37786668928817,64.0,1.2,0,central/central/central
S1,110,13,0.4,1,BE-DL,8.0,8.0,60.18487531876849,20.0,1.1022870937503386,69.10377679377015,64.0,2.0,0,central/central/central
S1,110,13,0.4,2,YOLO,6.0,6.0,71.38005238694001,15.0,1.307326966793773,34.32744999534665,26.0,7.2,0,edge/edge/edge
S1,110,13,0.4,3,VIDEO,12.8,12.8,53.52686167601221,32.0,0.9803454519416156,50.528745630894804,44.0,3.2,0,regional/regional/regional
S1,110,13,0.4,4,CPU-OFF,3.2,3.2,43.49023166923633,8.0,0.7965243895464529,101.58154582410494,64.0,36.0,0,central/central/central
S1,110,13,0.4,5,MQTT,0.8,0.8,63.57979959541815,2.0,1.1644651940552775,66.59961330091232,64.0,1.2,0,central/central/central
S1,111,13,0.4,1,BE-DL,8.0,8.0,83.94200986115376,20.0,1.5373994480064792,66.21380185858585,64.0,2.0,0,central/central/central
S1,111,13,0.4,2,YOLO,6.0,6.0,74.17784418254185,15.0,1.3585685747718286,36.175507574129256,26.0,7.2,0,edge/edge/edge
S1,111,13,0.4,3,VIDEO,12.8,12.8,36.124429780332775,32.0,0.6616195930463878,47.22558541171436,44.0,3.2,0,regional/regional/regional
S1,111,13,0.4,4,CPU-OFF,3.2,3.2,46.911772715083146,8.0,0.8591899764667242,102.26905151569898,64.0,36.0,0,central/central/central
S1,111,13,0.4,5,MQTT,0.8,0.8,34.698564413855635,2.0,0.6355048427446087,67.3337107116219,64.0,1.2,0,central/central/central
S1,112,14,1.2,1,BE-DL,24.0,20.0,81.46532895635815,20.0,1.4920389918746915,67.07347137528508,64.0,2.4,1,central/central/central
S1,112,14,1.2,2,YOLO,18.0,15.0,15.596447049657698,15.0,0.2856492133636941,54.35103306131799,26.0,25.919999999999995,1,edge/edge/edge
S1,112,14,1.2,3,VIDEO,38.4,18.49706355004575,18.49706355004575,32.0,0.33877405769314556,58.63845883774993,44.0,11.52,1,regional/regional/regional
S1,112,14,1.2,4,CPU-OFF,9.6,8.0,57.80366331279618,8.0,1.0586751522490143,195.287703016119,64.0,129.6,1,central/central/central
S1,112,14,1.2,5,MQTT,2.4,2.0,39.96758569110125,2.0,0.7320070639395833,69.68644012609425,64.0,4.319999999999999,1,central/central/central
S1,113,14,1.2,1,BE-DL,24.0,20.0,28.065513235787172,20.0,0.514020388933831,68.4950154210552,64.0,2.4,1,central/central/central
S1,113,14,1.2,2,YOLO,18.0,15.0,16.058391998971757,15.0,0.2941097435709113,55.31930537938409,26.0,25.919999999999995,1,edge/edge/edge
S1,113,14,1.2,3,VIDEO,38.4,21.513796901994894,21.513796901994894,32.0,0.3940255842856208,57.025137791898786,44.0,11.52,1,regional/regional/regional
S1,113,14,1.2,4,CPU-OFF,9.6,8.0,51.67978948458093,8.0,0.9465162909263907,194.65647861375723,64.0,129.6,1,central/central/central
S1,113,14,1.2,5,MQTT,2.4,2.0,44.91083143597421,2.0,0.8225427002925679,69.62350526968729,64.0,4.319999999999999,1,central/central/central
S1,114,14,1.2,1,BE-DL,24.0,20.0,65.37038787056218,20.0,1.1972598511091974,67.598625479351,64.0,2.4,1,central/central/central
S1,114,14,1.2,2,YOLO,18.0,15.0,15.833074436327296,15.0,0.2899830482843827,53.25906654912937,26.0,25.919999999999995,1,edge/edge/edge
S1,114,14,1.2,3,VIDEO,38.4,23.43727035849569,23.43727035849569,32.0,0.4292540358698845,57.74259550566739,44.0,11.52,1,regional/regional/regional
S1,114,14,1.2,4,CPU-OFF,9.6,8.0,117.40325168437533,8.0,2.150242704842039,195.79821292553464,64.0,129.6,1,central/central/central
S1,114,14,1.2,5,MQTT,2.4,2.0,62.28123415692255,2.0,1.1406819442659808,68.71861208179548,64.0,4.319999999999999,1,central/central/central
S1,115,14,1.2,1,BE-DL,24.0,20.0,61.35137210262079,20.0,1.1236515037110035,66.84523743058237,64.0,2.4,1,central/central/central
S1,115,14,1.2,2,YOLO,18.0,11.90669432761341,11.90669432761341,15.0,0.2180713246815643,54.63556752868157,26.0,25.919999999999995,1,edge/edge/edge
S1,115,14,1.2,3,VIDEO,38.4,22.6302209587897,22.6302209587897,32.0,0.4144729113331447,56.040032476543786,44.0,11.52,1,regional/regional/regional
S1,115,14,1.2,4,CPU-OFF,9.6,8.0,72.21282556943626,8.0,1.3225792228834479,193.90266984711118,64.0,129.6,1,central/central/central
S1,115,14,1.2,5,MQTT,2.4,2.0,128.41746742207937,2.0,2.3519682678036515,70.27022749138541,64.0,4.319999999999999,1,central/central/central
S1,116,14,1.2,1,BE-DL,24.0,20.0,35.28102191155856,20.0,0.6461725624827576,66.72298580514466,64.0,2.4,1,central/central/central
S1,116,14,1.2,2,YOLO,18.0,15.0,24.605948572570824,15.0,0.4506583987650334,53.94672001406077,26.0,25.919999999999995,1,edge/edge/edge
S1,116,14,1.2,3,VIDEO,38.4,32.0,32.46983113663172,32.0,0.5946855519529619,57.32208795713866,44.0,11.52,1,regional/regional/regional
S1,116,14,1.2,4,CPU-OFF,9.6,8.0,111.85211853622243,8.0,2.0485735995645133,193.65007348537162,64.0,129.6,1,central/central/central
S1,116,14,1.2,5,MQTT,2.4,2.0,92.61892054413033,2.0,1.696317226082973,71.00083796373569,64.0,4.319999999999999,1,central/central/central
S1,117,14,1.2,1,BE-DL,24.0,20.0,70.85030781855315,20.0,1.2976246853214861,67.99956292050965,64.0,2.4,1,central/central/central
S1,117,14,1.2,2,YOLO,18.0,15.0,23.663754536321196,15.0,0.4334020977348204,54.301012903538364,26.0,25.919999999999995,1,edge/edge/edge
S1,117,14,1.2,3,VIDEO,38.4,18.903177342229625,18.903177342229625,32.0,0.3462120392349748,58.53748622384759,44.0,11.52,1,regional/regional/regional
S1,117,14,1.2,4,CPU-OFF,9.6,8.0,72.06522033478329,8.0,1.3198758303073863,196.3300878309671,64.0,129.6,1,central/central/central
S1,117,14,1.2,5,MQTT,2.4,2.0,88.28281081241742,2.0,1.616901296930722,69.06227526757932,64.0,4.319999999999999,1,central/central/central
S1,118,14,1.2,1,BE-DL,24.0,20.0,102.37792677431995,20.0,1.8750536039252736,68.91595878259318,64.0,2.4,1,central/central/central
S1,118,14,1.2,2,YOLO,18.0,15.0,63.659114225792564,15.0,1.1659178429632338,53.83741722182855,26.0,25.919999999999995,1,edge/edge/edge
S1,118,14,1.2,3,VIDEO,38.4,32.0,78.23527102705185,32.0,1.4328804217408764,57.09651182106485,44.0,11.52,1,regional/regional/regional
S1,118,14,1.2,4,CPU-OFF,9.6,8.0,91.60041348318701,8.0,1.6776632506078206,195.71541267555912,64.0,129.6,1,central/central/central
S1,118,14,1.2,5,MQTT,2.4,2.0,117.6411031821817,2.0,2.154598959380617,69.65342141627643,64.0,4.319999999999999,1,central/central/central
S1,119,14,1.2,1,BE-DL,24.0,20.0,70.684393158136,20.0,1.294585955277216,69.18604889489382,64.0,2.4,1,central/central/central
S1,119,14,1.2,2,YOLO,18.0,15.0,89.42411687697727,15.0,1.637804338406177,55.38973991109074,26.0,25.919999999999995,1,edge/edge/edge
S1,119,14,1.2,3,VIDEO,38.4,32.0,135.7473637108837,32.0,2.4862154525802875,57.92487725500058,44.0,11.52,1,regional/regional/regional
S1,119,14,1.2,4,CPU-OFF,9.6,8.0,131.93912178189962,8.0,2.416467431902923,195.88222863553244,64.0,129.6,1,central/central/central
S1,119,14,1.2,5,MQTT,2.4,2.0,98.58884745581925,2.0,1.8056565468098762,71.00191749410493,64.0,4.319999999999999,1,central/central/central
S1,120,15,1.2,1,BE-DL,24.0,20.0,46.26152143063881,20.0,0.8472806122827621,67.69246734404884,64.0,2.4,1,central/central/central
S1,120,15,1.2,2,YOLO,18.0,15.0,114.24291651011914,15.0,2.0923611082439404,52.220091598920845,26.0,25.919999999999995,1,edge/edge/edge
S1,120,15,1.2,3,VIDEO,38.4,32.0,103.88363147387165,32.0,1.9026306130745723,58.82005801546541,44.0,11.52,1,regional/regional/regional
S1,120,15,1.2,4,CPU-OFF,9.6,8.0,125.1871176864777,8.0,2.2928043532321922,193.88668701053777,64.0,129.6,1,central/central/central
S1,120,15,1.2,5,MQTT,2.4,2.0,99.44497459060122,2.0,1.8213365309633922,71.50568645498224,64.0,4.319999999999999,1,central/central/central
S1,121,15,1.2,1,BE-DL,24.0,20.0,91.02278149224956,20.0,1.6670839101144608,66.85973114691767,64.0,2.4,1,central/central/central
S1,121,15,1.2,2,YOLO,18.0,15.0,127.8697680582768,15.0,2.3419371439244836,52.76647429765912,26.0,25.919999999999995,1,edge/edge/edge
S1,121,15,1.2,3,VIDEO,38.4,32.0,77.27977128616314,32.0,1.4153804264865044,58.286935510496875,44.0,11.52,1,regional/regional/regional
S1,121,15,1.2,4,CPU-OFF,9.6,8.0,63.035823814806655,8.0,1.1545022676704515,194.9620972841716,64.0,129.6,1,central/central/central
S1,121,15,1.2,5,MQTT,2.4,2.0,86.285661700453,2.0,1.5803234743672712,69.86334759610644,64.0,4.319999999999999,1,central/central/central
S1,122,15,1.2,1,BE-DL,24.0,20.0,114.644357093162,20.0,2.099713499874762,68.47128732066028,64.0,2.4,1,central/central/central
S1,122,15,1.2,2,YOLO,18.0,15.0,68.21082869200123,15.0,1.2492825767765792,54.67176657676057,26.0,25.919999999999995,1,edge/edge/edge
S1,122,15,1.2,3,VIDEO,38.4,32.0,103.1629523438251,32.0,1.889431361608518,56.80304123163313,44.0,11.52,1,regional/regional/regional
S1,122,15,1.2,4,CPU-OFF,9.6,8.0,40.997670835109616,8.0,0.7508730922181248,195.3034076295264,64.0,129.6,1,central/central/central
S1,122,15,1.2,5,MQTT,2.4,2.0,40.957753661805754,2.0,0.7501420084579808,71.52536473849864,64.0,4.319999999999999,1,central/central/central
S1,123,15,1.2,1,BE-DL,24.0,20.0,133.4552456788473,20.0,2.444235268843357,68.7849495036919,64.0,2.4,1,central/central/central
S1,123,15,1.2,2,YOLO,18.0,15.0,130.1113215582174,15.0,2.382991237329989,52.18186829697605,26.0,25.919999999999995,1,edge/edge/edge
S1,123,15,1.2,3,VIDEO,38.4,32.0,99.65750433652121,32.0,1.8252290171524033,56.72414604998098,44.0,11.52,1,regional/regional/regional
S1,123,15,1.2,4,CPU-OFF,9.6,8.0,28.021970490302373,8.0,0.5132229027527907,195.58559127905238,64.0,129.6,1,central/central/central
S1,123,15,1.2,5,MQTT,2.4,2.0,53.80732006176984,2.0,0.9854820524133671,69.86687754899587,64.0,4.319999999999999,1,central/central/central
S1,124,15,1.2,1,BE-DL,24.0,20.0,125.53017627257135,20.0,2.2990874775196217,69.5853461305375,64.0,2.4,1,central/central/central
S1,124,15,1.2,2,YOLO,18.0,15.0,60.68436907050048,15.0,1.1114353309615472,52.64480979932157,26.0,25.919999999999995,1,edge/edge/edge
S1,124,15,1.2,3,VIDEO,38.4,32.0,73.28886595403551,32.0,1.3422869222350826,58.03267270553413,44.0,11.52,1,regional/regional/regional
S1,124,15,1.2,4,CPU-OFF,9.6,8.0,61.72897601916308,8.0,1.130567326358298,195.33014790473567,64.0,129.6,1,central/central/central
S1,124,15,1.2,5,MQTT,2.4,2.0,41.66994496154215,2.0,0.7631858051564496,70.88552694591009,64.0,4.319999999999999,1,central/central/central
S1,125,15,1.2,1,BE-DL,24.0,20.0,60.18487531876861,20.0,1.1022870937503408,68.65531636005987,64.0,2.4,1,central/central/central
S1,125,15,1.2,2,YOLO,18.0,15.0,71.3800523869402,15.0,1.3073269667937766,55.29119116784223,26.0,25.919999999999995,1,edge/edge/edge
S1,125,15,1.2,3,VIDEO,38.4,32.0,49.745072535859265,32.0,0.9110819145761769,57.92978996225986,44.0,11.52,1,regional/regional/regional
S1,125,15,1.2,4,CPU-OFF,9.6,8.0,57.803472471769766,8.0,1.0586716569921202,193.65636367310904,64.0,129.6,1,central/central/central
S1,125,15,1.2,5,MQTT,2.4,2.0,50.99293571612205,2.0,0.9339365515773269,68.42819832443878,64.0,4.319999999999999,1,central/central/central
S1,126,15,1.2,1,BE-DL,24.0,20.0,37.17431865279667,20.0,0.680848326974298,69.73723541500324,64.0,2.4,1,central/central/central
S1,126,15,1.2,2,YOLO,18.0,15.0,41.48930267837086,15.0,0.7598773384317007,52.85022604970751,26.0,25.919999999999995,1,edge/edge/edge
S1,126,15,1.2,3,VIDEO,38.4,29.00901179329753,29.00901179329753,32.0,0.5313005822948266,57.12529071776039,44.0,11.52,1,regional/regional/regional
S1,126,15,1.2,4,CPU-OFF,9.6,8.0,46.911772715083146,8.0,0.8591899764667242,194.09241718125296,64.0,129.6,1,central/central/central
S1,126,15,1.2,5,MQTT,2.4,2.0,88.05227098569819,2.0,1.612678955782018,69.38781616257235,64.0,4.319999999999999,1,central/central/central
S1,127,15,1.2,1,BE-DL,24.0,20.0,41.07785655002806,20.0,0.7523416950554589,66.71102265301259,64.0,2.4,1,central/central/central
S1,127,15,1.2,2,YOLO,18.0,15.0,59.37733648346839,15.0,1.0874970051917288,54.53738927528846,26.0,25.919999999999995,1,edge/edge/edge
S1,127,15,1.2,3,VIDEO,38.4,32.0,55.144090789331294,32.0,1.0099650327716354,58.91357486873089,44.0,11.52,1,regional/regional/regional
S1,127,15,1.2,4,CPU-OFF,9.6,8.0,75.38138548978682,8.0,1.3806114558569014,194.424389542037,64.0,129.6,1,central/central/central
S1,127,15,1.2,5,MQTT,2.4,2.0,73.4887865933152,2.0,1.3459484724050401,69.09551792301417,64.0,4.319999999999999,1,central/central/central
S1,128,16,1.2,1,BE-DL,24.0,20.0,31.988649494553123,20.0,0.5858727013654418,66.56848940929802,64.0,2.4,1,central/central/central
S1,128,16,1.2,2,YOLO,18.0,15.0,64.45204951968256,15.0,1.1804404673934534,55.35482036754104,26.0,25.919999999999995,1,edge/edge/edge
S1,128,16,1.2,3,VIDEO,38.4,32.0,80.84645422149542,32.0,1.4807042897709783,58.05170490099119,44.0,11.52,1,regional/regional/regional
S1,128,16,1.2,4,CPU-OFF,9.6,8.0,66.9488181959344,8.0,1.2261688314273698,195.4036022976112,64.0,129.6,1,central/central/central
S1,128,16,1.2,5,MQTT,2.4,2.0,126.52298748629292,2.0,2.3172708330822878,68.87358021205033,64.0,4.319999999999999,1,central/central/central
S1,129,16,1.2,1,BE-DL,24.0,20.0,25.760364711704593,20.0,0.4718015514964211,67.54845661135055,64.0,2.4,1,central/central/central
S1,129,16,1.2,2,YOLO,18.0,15.0,64.00970992206287,15.0,1.1723390095615909,54.6852052228085,26.0,25.919999999999995,1,edge/edge/edge
S1,129,16,1.2,3,VIDEO,38.4,32.0,92.92622327369659,32.0,1.7019454812032342,58.383600018497766,44.0,11.52,1,regional/regional/regional
S1,129,16,1.2,4,CPU-OFF,9.6,8.0,70.80043422187518,8.0,1.2967112494848934,193.66739553734112,64.0,129.6,1,central/central/central
S1,129,16,1.2,5,MQTT,2.4,2.0,82.69273106549382,2.0,1.5145188839834032,70.24571970195785,64.0,4.319999999999999,1,central/central/central
S1,130,16,1.2,1,BE-DL,24.0,20.0,57.77483471547246,20.0,1.058147155961034,67.45231112927097,64.0,2.4,1,central/central/central
S1,130,16,1.2,2,YOLO,18.0,15.0,50.899829647265,15.0,0.9322313122209707,54.22435281072235,26.0,25.919999999999995,1,edge/edge/edge
S1,130,16,1.2,3,VIDEO,38.4,32.0,80.82221770996301,32.0,1.4802603976183701,58.683090978414924,44.0,11.52,1,regional/regional/regional
S1,130,16,1.2,4,CPU-OFF,9.6,8.0,136.9553588385858,8.0,2.5083399054686044,195.84716981123572,64.0,129.6,1,central/central/central
S1,130,16,1.2,5,MQTT,2.4,2.0,128.41746742207934,2.0,2.3519682678036506,70.27938607919349,64.0,4.319999999999999,1,central/central/central
S1,131,16,1.2,1,BE-DL,24.0,20.0,42.989480480470505,20.0,0.7873531223529396,69.19590933436756,64.0,2.4,1,central/central/central
S1,131,16,1.2,2,YOLO,18.0,15.0,92.71914640693302,15.0,1.6981528645958428,52.396366711097855,26.0,25.919999999999995,1,edge/edge/edge
S1,131,16,1.2,3,VIDEO,38.4,32.0,49.366065698263945,32.0,0.9041403974041016,58.81081349884763,44.0,11.52,1,regional/regional/regional
S1,131,16,1.2,4,CPU-OFF,9.6,8.0,49.53450963746994,8.0,0.9072254512357132,196.91570522180186,64.0,129.6,1,central/central/central
S1,131,16,1.2,5,MQTT,2.4,2.0,71.4953070866971,2.0,1.309437858730716,70.55668647205236,64.0,4.319999999999999,1,central/central/central
S1,132,16,1.2,1,BE-DL,24.0,20.0,62.07836494577989,20.0,1.1369663909483496,68.97946346135257,64.0,2.4,1,central/central/central
S1,132,16,1.2,2,YOLO,18.0,15.0,62.20530108351292,15.0,1.1392912286357677,52.4157774777049,26.0,25.919999999999995,1,edge/edge/edge
S1,132,16,1.2,3,VIDEO,38.4,32.0,67.51134765082007,32.0,1.2364715686963383,57.6566261622682,44.0,11.52,1,regional/regional/regional
S1,132,16,1.2,4,CPU-OFF,9.6,8.0,143.03854339176684,8.0,2.6197535419737514,196.46072767704644,64.0,129.6,1,central/central/central
S1,132,16,1.2,5,MQTT,2.4,2.0,128.55216311281836,2.0,2.35443522184649,69.13134399145495,64.0,4.319999999999999,1,central/central/central
S1,133,16,1.2,1,BE-DL,24.0,20.0,92.21828518602867,20.0,1.688979582161697,69.2122733007827,64.0,2.4,1,central/central/central
S1,133,16,1.2,2,YOLO,18.0,15.0,107.54532176024048,15.0,1.9696945377333421,52.25770257092034,26.0,25.919999999999995,1,edge/edge/edge
S1,133,16,1.2,3,VIDEO,38.4,32.0,71.2210743142817,32.0,1.3044152804813496,57.97786884505687,44.0,11.52,1,regional/regional/regional
S1,133,16,1.2,4,CPU-OFF,9.6,8.0,84.63663935873419,8.0,1.5501215999768165,195.61816848828227,64.0,129.6,1,central/central/central
S1,133,16,1.2,5,MQTT,2.4,2.0,80.78967326969105,2.0,1.479664345598737,70.80259015735054,64.0,4.319999999999999,1,central/central/central
S1,134,16,1.2,1,BE-DL,24.0,20.0,47.42117515672416,20.0,0.8685196915150944,69.28524705102157,64.0,2.4,1,central/central/central
S1,134,16,1.2,2,YOLO,18.0,15.0,62.23081817754557,15.0,1.1397585746803218,51.95210608875059,26.0,25.919999999999995,1,edge/edge/edge
S1,134,16,1.2,3,VIDEO,38.4,32.0,57.78803435081796,32.0,1.0583889075241384,58.03825173264557,44.0,11.52,1,regional/regional/regional
S1,134,16,1.2,4,CPU-OFF,9.6,8.0,138.48571942756638,8.0,2.5363684876843657,194.6662986785007,64.0,129.6,1,central/central/central
S1,134,16,1.2,5,MQTT,2.4,2.0,93.15810585867666,2.0,1.7061924149940781,69.64450019883427,64.0,4.319999999999999,1,central/central/central
S1,135,16,1.2,1,BE-DL,24.0,20.0,59.194850002645445,20.0,1.0841547619532133,68.26878474012459,64.0,2.4,1,central/central/central
S1,135,16,1.2,2,YOLO,18.0,15.0,128.38727760184824,15.0,2.3514153406931912,54.077055588528694,26.0,25.919999999999995,1,edge/edge/edge
S1,135,16,1.2,3,VIDEO,38.4,32.0,138.15995657946368,32.0,2.5304021351550126,55.56057527083915,44.0,11.52,1,regional/regional/regional
S1,135,16,1.2,4,CPU-OFF,9.6,8.0,60.08981648950919,8.0,1.1005460895514503,196.02005224631912,64.0,129.6,1,central/central/central
S1,135,16,1.2,5,MQTT,2.4,2.0,57.13565812841802,2.0,1.046440625062601,71.64078165510192,64.0,4.319999999999999,1,central/central/central
S1,136,17,1.2,1,BE-DL,24.0,20.0,97.94264207353167,20.0,1.793821283398016,68.31109702274321,64.0,2.4,1,central/central/central
S1,136,17,1.2,2,YOLO,18.0,15.0,25.942391926399555,15.0,0.4751353832673911,52.77805774863974,26.0,25.919999999999995,1,edge/edge/edge
S1,136,17,1.2,3,VIDEO,38.4,16.29722771680352,16.29722771680352,32.0,0.2984840241172806,56.24731716776176,44.0,11.52,1,regional/regional/regional
S1,136,17,1.2,4,CPU-OFF,9.6,8.0,99.34126664485353,8.0,1.8194371180376103,195.82876183317902,64.0,129.6,1,central/central/central
S1,136,17,1.2,5,MQTT,2.4,2.0,33.259200509992795,2.0,0.6091428664833846,68.41996218903775,64.0,4.319999999999999,1,central/central/central
S1,137,17,1.2,1,BE-DL,24.0,20.0,72.06216731570184,20.0,1.3198199142069933,67.34174548899692,64.0,2.4,1,central/central/central
S1,137,17,1.2,2,YOLO,18.0,15.0,30.38482369007324,15.0,0.5564986023822938,54.03566471606319,26.0,25.919999999999995,1,edge/edge/edge
S1,137,17,1.2,3,VIDEO,38.4,32.0,33.65909885794286,32.0,0.6164670120502355,55.712478731307485,44.0,11.52,1,regional/regional/regional
S1,137,17,1.2,4,CPU-OFF,9.6,8.0,81.30630518559536,8.0,1.4891264686006476,195.92683847002485,64.0,129.6,1,central/central/central
S1,137,17,1.2,5,MQTT,2.4,2.0,62.99020045919085,2.0,1.1536666750767555,71.27176088756197,64.0,4.319999999999999,1,central/central/central
S1,138,17,1.2,1,BE-DL,24.0,20.0,126.48770273175889,20.0,2.316624592156756,68.7037413502027,64.0,2.4,1,central/central/central
S1,138,17,1.2,2,YOLO,18.0,15.0,32.986768505596075,15.0,0.6041532693332614,52.91775766795532,26.0,25.919999999999995,1,edge/edge/edge
S1,138,17,1.2,3,VIDEO,38.4,29.28865585462647,29.28865585462647,32.0,0.5364222683997522,58.77412753418183,44.0,11.52,1,regional/regional/regional
S1,138,17,1.2,4,CPU-OFF,9.6,8.0,31.939020128731734,8.0,0.5849637386214603,195.5983385196195,64.0,129.6,1,central/central/central
S1,138,17,1.2,5,MQTT,2.4,2.0,64.45953063237404,2.0,1.1805774841094145,70.29196981762902,64.0,4.319999999999999,1,central/central/central
S1,139,17,1.2,1,BE-DL,24.0,20.0,59.99233323869868,20.0,1.0987606820274483,68.01666404436178,64.0,2.4,1,central/central/central
S1,139,17,1.2,2,YOLO,18.0,15.0,27.655331780542507,15.0,0.5065079080685441,53.88661148608598,26.0,25.919999999999995,1,edge/edge/edge
S1,139,17,1.2,3,VIDEO,38.4,21.717167095258546,21.717167095258546,32.0,0.3977503130999734,55.79165834953925,44.0,11.52,1,regional/regional/regional
S1,139,17,1.2,4,CPU-OFF,9.6,8.0,32.9405746469973,8.0,0.6033072279669834,196.8355854235242,64.0,129.6,1,central/central/central
S1,139,17,1.2,5,MQTT,2.4,2.0,75.29327986154524,2.0,1.3789977996620006,71.45046473182741,64.0,4.319999999999999,1,central/central/central
S1,140,17,1.2,1,BE-DL,24.0,20.0,89.82136695301074,20.0,1.6450799808243723,68.45323943752,64.0,2.4,1,central/central/central
S1,140,17,1.2,2,YOLO,18.0,9.828,9.828,15.0,0.18,53.03875552953461,26.0,25.919999999999995,1,edge/edge/edge
S1,140,17,1.2,3,VIDEO,38.4,18.164224147012007,18.164224147012007,32.0,0.3326780979306228,56.75619873576166,44.0,11.52,1,regional/regional/regional
S1,140,17,1.2,4,CPU-OFF,9.6,8.0,43.4902316692363,8.0,0.7965243895464523,195.9264734138038,64.0,129.6,1,central/central/central
S1,140,17,1.2,5,MQTT,2.4,2.0,42.601693129924755,2.0,0.7802507899253618,70.73243214517106,64.0,4.319999999999999,1,central/central/central
S1,141,17,1.2,1,BE-DL,24.0,20.0,104.72765039820139,20.0,1.9180888351318937,69.32165851092209,64.0,2.4,1,central/central/central
S1,141,17,1.2,2,YOLO,18.0,15.0,21.913895323757707,15.0,0.4013533942080166,54.837786893686385,26.0,25.919999999999995,1,edge/edge/edge
S1,141,17,1.2,3,VIDEO,38.4,9.828,9.828,32.0,0.18,57.96603631963492,44.0,11.52,1,regional/regional/regional
S1,141,17,1.2,4,CPU-OFF,9.6,8.0,31.47245511265071,8.0,0.5764185918067896,196.42943534056806,64.0,129.6,1,central/central/central
S1,141,17,1.2,5,MQTT,2.4,2.0,63.8005861803152,2.0,1.1685089044013772,70.72335368598546,64.0,4.319999999999999,1,central/central/central
S1,142,17,1.2,1,BE-DL,24.0,20.0,63.51534122021145,20.0,1.1632846377328103,66.73281161400133,64.0,2.4,1,central/central/central
S1,142,17,1.2,2,YOLO,18.0,15.0,70.40455611611252,15.0,1.2894607347273355,53.99753446657038,26.0,25.919999999999995,1,edge/edge/edge
S1,142,17,1.2,3,VIDEO,38.4,32.0,69.69989140377407,32.0,1.2765547876149097,55.563878601914034,44.0,11.52,1,regional/regional/regional
S1,142,17,1.2,4,CPU-OFF,9.6,8.0,53.409232768548506,8.0,0.9781910763470422,196.543591504228,64.0,129.6,1,central/central/central
S1,142,17,1.2,5,MQTT,2.4,2.0,84.66252022738648,2.0,1.550595608560192,68.98431423347449,64.0,4.319999999999999,1,central/central/central
S1,143,17,1.2,1,BE-DL,24.0,20.0,31.988649494553062,20.0,0.5858727013654407,66.77309743634599,64.0,2.4,1,central/central/central
S1,143,17,1.2,2,YOLO,18.0,15.0,68.00237428136,15.0,1.2454647304278388,53.21427760874337,26.0,25.919999999999995,1,edge/edge/edge
S1,143,17,1.2,3,VIDEO,38.4,32.0,76.83498893569619,32.0,1.4072342295915052,55.551825370062964,44.0,11.52,1,regional/regional/regional
S1,143,17,1.2,4,CPU-OFF,9.6,8.0,97.48687561864153,8.0,1.7854739124293322,194.3030106826268,64.0,129.6,1,central/central/central
S1,143,17,1.2,5,MQTT,2.4,2.0,76.30012222455845,2.0,1.397438135980924,68.83206240582405,64.0,4.319999999999999,1,central/central/central
S1,144,18,0.8,1,BE-DL,16.0,16.0,47.36583188926328,20.0,0.8675060785579356,66.19609524520959,64.0,2.0,0,central/central/central
S1,144,18,0.8,2,YOLO,12.0,12.0,78.9357409352793,15.0,1.4457095409391814,40.60687418804704,26.0,14.4,0,edge/edge/edge
S1,144,18,0.8,3,VIDEO,25.6,25.6,69.87200757602375,32.0,1.2797070984619734,52.505072609511956,44.0,6.4,0,regional/regional/regional
S1,144,18,0.8,4,CPU-OFF,6.4,6.4,76.6257864046877,8.0,1.4034026814045366,137.1824845326095,64.0,72.0,0,central/central/central
S1,144,18,0.8,5,MQTT,1.6,1.6,103.10422797406505,2.0,1.888355823700825,67.4387244059891,64.0,2.4,0,central/central/central
S1,145,18,0.8,1,BE-DL,16.0,16.0,54.19829732832416,20.0,0.9926428082110651,69.29729660373059,64.0,2.0,0,central/central/central
S1,145,18,0.8,2,YOLO,12.0,12.0,67.65167231598511,15.0,1.2390416175088848,41.691036023640876,26.0,14.4,0,edge/edge/edge
S1,145,18,0.8,3,VIDEO,25.6,25.6,48.82154267759187,32.0,0.8941674483075434,51.71678164312275,44.0,6.4,0,regional/regional/regional
S1,145,18,0.8,4,CPU-OFF,6.4,6.4,52.79006558869126,8.0,0.9668510181078985,137.02273517654257,64.0,72.0,0,central/central/central
S1,145,18,0.8,5,MQTT,1.6,1.6,128.41746742207937,2.0,2.3519682678036515,67.01238178301557,64.0,2.4,0,central/central/central
S1,146,18,0.8,1,BE-DL,16.0,16.0,50.69793904938238,20.0,0.9285336822231204,68.86894223651284,64.0,2.0,0,central/central/central
S1,146,18,0.8,2,YOLO,12.0,12.0,53.99307722492069,15.0,0.9888841982586206,40.59264726382109,26.0,14.4,0,edge/edge/edge
S1,146,18,0.8,3,VIDEO,25.6,25.6,73.58338094646875,32.0,1.347680969715545,52.28205493271534,44.0,6.4,0,regional/regional/regional
S1,146,18,0.8,4,CPU-OFF,6.4,6.4,132.6246548358065,8.0,2.4290229823407783,138.68282052097032,64.0,72.0,0,central/central/central
S1,146,18,0.8,5,MQTT,1.6,1.6,113.74253400156356,2.0,2.08319659343523,67.58760534737124,64.0,2.4,0,central/central/central
S1,147,18,0.8,1,BE-DL,16.0,16.0,35.76253632746015,20.0,0.6549915078289404,68.24384467775066,64.0,2.0,0,central/central/central
S1,147,18,0.8,2,YOLO,12.0,12.0,62.20530108351291,15.0,1.1392912286357675,41.65870411092778,26.0,14.4,0,edge/edge/edge
S1,147,18,0.8,3,VIDEO,25.6,25.6,133.99979609480954,32.0,2.4542087196851563,50.87682930747909,44.0,6.4,0,regional/regional/regional
S1,147,18,0.8,4,CPU-OFF,6.4,6.4,150.1358756974652,8.0,2.749741313140388,138.08318542609845,64.0,72.0,0,central/central/central
S1,147,18,0.8,5,MQTT,1.6,1.6,121.84060439608473,2.0,2.231512901027193,67.11448753239269,64.0,2.4,0,central/central/central
S1,148,18,0.8,1,BE-DL,16.0,16.0,82.05864359773734,20.0,1.5029055603981198,68.41467990667486,64.0,2.0,0,central/central/central
S1,148,18,0.8,2,YOLO,12.0,12.0,126.353696417861,15.0,2.3141702640633883,42.94441976037621,26.0,14.4,0,edge/edge/edge
S1,148,18,0.8,3,VIDEO,25.6,25.6,127.33464801644303,32.0,2.3321364105575646,51.60093822486067,44.0,6.4,0,regional/regional/regional
S1,148,18,0.8,4,CPU-OFF,6.4,6.4,140.3468323543566,8.0,2.570454805024846,136.5374774887562,64.0,72.0,0,central/central/central
S1,148,18,0.8,5,MQTT,1.6,1.6,111.49919819676639,2.0,2.0421098570836334,67.90061130105869,64.0,2.4,0,central/central/central
S1,149,18,0.8,1,BE-DL,16.0,16.0,82.31600215884193,20.0,1.507619087158277,68.3947539354636,64.0,2.0,0,central/central/central
S1,149,18,0.8,2,YOLO,12.0,12.0,48.63416882782973,15.0,0.8907356928173944,40.59400779011795,26.0,14.4,0,edge/edge/edge
S1,149,18,0.8,3,VIDEO,25.6,25.6,100.31130491085383,32.0,1.8372033866456745,53.62695675929454,44.0,6.4,0,regional/regional/regional
S1,149,18,0.8,4,CPU-OFF,6.4,6.4,131.93912178189962,8.0,2.416467431902923,136.71792550288995,64.0,72.0,0,central/central/central
S1,149,18,0.8,5,MQTT,1.6,1.6,93.15810585867668,2.0,1.7061924149940784,67.21785398092177,64.0,2.4,0,central/central/central
S1,150,18,0.8,1,BE-DL,16.0,16.0,117.39482857667501,20.0,2.1500884354702383,68.31928809713585,64.0,2.0,0,central/central/central
S1,150,18,0.8,2,YOLO,12.0,12.0,57.66547214320304,15.0,1.056144178446942,42.11972364557147,26.0,14.4,0,edge/edge/edge
S1,150,18,0.8,3,VIDEO,25.6,25.6,90.17310143163479,32.0,1.6515220042423955,53.407484265724186,44.0,6.4,0,regional/regional/regional
S1,150,18,0.8,4,CPU-OFF,6.4,6.4,83.76156237931583,8.0,1.5340945490717186,139.32347504680183,64.0,72.0,0,central/central/central
S1,150,18,0.8,5,MQTT,1.6,1.6,71.23876361581235,2.0,1.3047392603628634,68.36390792611704,64.0,2.4,0,central/central/central
S1,151,18,0.8,1,BE-DL,16.0,16.0,139.46180556122434,20.0,2.554245523099347,66.10293933732335,64.0,2.0,0,central/central/central
S1,151,18,0.8,2,YOLO,12.0,12.0,113.78242072982263,15.0,2.083927119593821,42.447798865708364,26.0,14.4,0,edge/edge/edge
S1,151,18,0.8,3,VIDEO,25.6,25.6,115.43054445275023,32.0,2.114112535764656,52.80966907020791,44.0,6.4,0,regional/regional/regional
S1,151,18,0.8,4,CPU-OFF,6.4,6.4,83.78179114626201,8.0,1.534465039308828,137.90561663314634,64.0,72.0,0,central/central/central
S1,151,18,0.8,5,MQTT,1.6,1.6,86.28566170045339,2.0,1.5803234743672783,67.46265926008464,64.0,2.4,0,central/central/central
S1,152,19,0.8,1,BE-DL,16.0,16.0,107.54732546358531,20.0,1.9697312355968004,66.48174698485907,64.0,2.0,0,central/central/central
S1,152,19,0.8,2,YOLO,12.0,12.0,74.92856182075893,15.0,1.3723179820651819,43.005104344123104,26.0,14.4,0,edge/edge/edge
S1,152,19,0.8,3,VIDEO,25.6,25.6,80.43213233586363,32.0,1.4731159768473192,52.84683841100603,44.0,6.4,0,regional/regional/regional
S1,152,19,0.8,4,CPU-OFF,6.4,6.4,90.26377948570332,8.0,1.6531827744634309,137.6167256120636,64.0,72.0,0,central/central/central
S1,152,19,0.8,5,MQTT,1.6,1.6,37.28567919557494,2.0,0.6828878973548524,67.79128087700862,64.0,2.4,0,central/central/central
S1,153,19,0.8,1,BE-DL,16.0,16.0,140.42278862593562,20.0,2.5718459455299563,67.58365679934252,64.0,2.0,0,central/central/central
S1,153,19,0.8,2,YOLO,12.0,12.0,117.80988751998555,15.0,2.157690247618783,42.77213344970636,26.0,14.4,0,edge/edge/edge
S1,153,19,0.8,3,VIDEO,25.6,25.6,55.15396232364725,32.0,1.0101458301034294,52.846315106729726,44.0,6.4,0,regional/regional/regional
S1,153,19,0.8,4,CPU-OFF,6.4,6.4,59.35836759773717,8.0,1.087149589702146,139.43418400787425,64.0,72.0,0,central/central/central
S1,153,19,0.8,5,MQTT,1.6,1.6,60.908793775505984,2.0,1.1155456735440656,68.7923955106459,64.0,2.4,0,central/central/central
S1,154,19,0.8,1,BE-DL,16.0,16.0,112.42260766579687,20.0,2.059022118421188,66.08709567202034,64.0,2.0,0,central/central/central
S1,154,19,0.8,2,YOLO,12.0,12.0,44.362366354986456,15.0,0.8124975522891292,41.9871853786076,26.0,14.4,0,edge/edge/edge
S1,154,19,0.8,3,VIDEO,25.6,25.6,81.83375615495466,32.0,1.4987867427647372,51.471145220538006,44.0,6.4,0,regional/regional/regional
S1,154,19,0.8,4,CPU-OFF,6.4,6.4,36.53912481851805,8.0,0.6692147402658983,136.6262749451871,64.0,72.0,0,central/central/central
S1,154,19,0.8,5,MQTT,1.6,1.6,67.82142766154446,2.0,1.2421506897718766,66.55965126617737,64.0,2.4,0,central/central/central
S1,155,19,0.8,1,BE-DL,16.0,16.0,89.82136695301074,20.0,1.6450799808243723,69.28456453149785,64.0,2.0,0,central/central/central
S1,155,19,0.8,2,YOLO,12.0,12.0,38.407540878252,15.0,0.70343481462,41.545792747834156,26.0,14.4,0,edge/edge/edge
S1,155,19,0.8,3,VIDEO,25.6,25.6,27.054337694941044,32.0,0.4955006903835356,53.68075596319724,44.0,6.4,0,regional/regional/regional
S1,155,19,0.8,4,CPU-OFF,6.4,6.4,43.4902316692363,8.0,0.7965243895464523,136.3437104928469,64.0,72.0,0,central/central/central
S1,155,19,0.8,5,MQTT,1.6,1.6,38.406071836826094,2.0,0.703407909099379,68.51405434720326,64.0,2.4,0,central/central/central
S1,156,19,0.8,1,BE-DL,16.0,16.0,83.94200986115379,20.0,1.5373994480064797,67.36461415876254,64.0,2.0,0,central/central/central
S1,156,19,0.8,2,YOLO,12.0,12.0,57.83357343045624,15.0,1.0592229566017626,42.72864882599903,26.0,14.4,0,edge/edge/edge
S1,156,19,0.8,3,VIDEO,25.6,25.6,53.912974747920906,32.0,0.9874171199252912,51.139562211100674,44.0,6.4,0,regional/regional/regional
S1,156,19,0.8,4,CPU-OFF,6.4,6.4,62.35109031751556,8.0,1.1419613611266586,138.75024898688574,64.0,72.0,0,central/central/central
S1,156,19,0.8,5,MQTT,1.6,1.6,58.950249219238586,2.0,1.0796748941252488,68.27061590003687,64.0,2.4,0,central/central/central
S1,157,19,0.8,1,BE-DL,16.0,16.0,85.95282589039486,20.0,1.5742275804101622,66.471874941588,64.0,2.0,0,central/central/central
S1,157,19,0.8,2,YOLO,12.0,12.0,77.75603587120852,15.0,1.4241032210844051,43.00821492878987,26.0,14.4,0,edge/edge/edge
S1,157,19,0.8,3,VIDEO,25.6,25.6,29.671439714056397,32.0,0.5434329617959047,51.813326322323526,44.0,6.4,0,regional/regional/regional
S1,157,19,0.8,4,CPU-OFF,6.4,6.4,66.59252440129147,8.0,1.2196433040529573,137.83172100677714,64.0,72.0,0,central/central/central
S1,157,19,0.8,5,MQTT,1.6,1.6,62.31505295924385,2.0,1.1413013362498874,68.53321525487317,64.0,2.4,0,central/central/central
S1,158,19,0.8,1,BE-DL,16.0,16.0,43.75805827085088,20.0,0.8014296386602725,68.26973950556942,64.0,2.0,0,central/central/central
S1,158,19,0.8,2,YOLO,12.0,12.0,43.150100949617986,15.0,0.7902948891871426,40.932168240371944,26.0,14.4,0,edge/edge/edge
S1,158,19,0.8,3,VIDEO,25.6,25.6,72.82352364989663,32.0,1.3337641694120261,51.69845553788733,44.0,6.4,0,regional/regional/regional
S1,158,19,0.8,4,CPU-OFF,6.4,6.4,107.66622809287719,8.0,1.9719089394299851,137.32704232010397,64.0,72.0,0,central/central/central
S1,158,19,0.8,5,MQTT,1.6,1.6,88.85583853999212,2.0,1.6273963102562659,68.86309956613324,64.0,2.4,0,central/central/central
S1,159,19,0.8,1,BE-DL,16.0,16.0,65.37038787056214,20.0,1.1972598511091967,68.77939535318089,64.0,2.0,0,central/central/central
S1,159,19,0.8,2,YOLO,12.0,12.0,34.157647895630056,15.0,0.6255979468064112,41.73825799486141,26.0,14.4,0,edge/edge/edge
S1,159,19,0.8,3,VIDEO,25.6,25.6,37.59610559928181,32.0,0.688573362624209,51.447940872737924,44.0,6.4,0,regional/regional/regional
S1,159,19,0.8,4,CPU-OFF,6.4,6.4,94.10184295312544,8.0,1.7234769771634695,136.36767714648363,64.0,72.0,0,central/central/central
S1,159,19,0.8,5,MQTT,1.6,1.6,62.2812341569226,2.0,1.1406819442659817,66.69611072383694,64.0,2.4,0,central/central/central
S1,160,20,0.8,1,BE-DL,16.0,16.0,75.65752165121393,20.0,1.3856688947108777,68.3254682448063,64.0,2.0,0,central/central/central
S1,160,20,0.8,2,YOLO,12.0,12.0,15.424581288044642,15.0,0.2825014887920264,41.17714248919332,26.0,14.4,0,edge/edge/edge
S1,160,20,0.8,3,VIDEO,25.6,16.656761619413658,16.656761619413658,32.0,0.3050688941284553,52.791375877678036,44.0,6.4,1,regional/regional/regional
S1,160,20,0.8,4,CPU-OFF,6.4,6.4,85.16133222326607,8.0,1.5597313594004776,136.0447645666566,64.0,72.0,0,central/central/central
S1,160,20,0.8,5,MQTT,1.6,1.6,114.26978033320619,2.0,2.092853119655791,69.0059571909948,64.0,2.4,0,central/central/central
S1,161,20,0.8,1,BE-DL,16.0,16.0,81.53177332503012,20.0,1.4932559217038484,69.34380323075948,64.0,2.0,0,central/central/central
S1,161,20,0.8,2,YOLO,12.0,12.0,24.60594857257082,15.0,0.45065839876503333,43.861799528757565,26.0,14.4,0,edge/edge/edge
S1,161,20,0.8,3,VIDEO,25.6,18.908134597636867,18.908134597636867,32.0,0.3463028314585507,52.342587693843434,44.0,6.4,1,regional/regional/regional
S1,161,20,0.8,4,CPU-OFF,6.4,6.4,132.6246548358065,8.0,2.4290229823407783,136.24437587166042,64.0,72.0,0,central/central/central
S1,161,20,0.8,5,MQTT,1.6,1.6,120.7837384873747,2.0,2.2121563825526502,66.61619575573252,64.0,2.4,0,central/central/central
S1,162,20,0.8,1,BE-DL,16.0,16.0,75.23627925493976,20.0,1.3779538325080543,69.09960419318874,64.0,2.0,0,central/central/central
S1,162,20,0.8,2,YOLO,12.0,12.0,17.417484303383656,15.0,0.31900154401801567,41.476032375611645,26.0,14.4,0,edge/edge/edge
S1,162,20,0.8,3,VIDEO,25.6,17.041500785797897,17.041500785797897,32.0,0.31211539900728746,51.55287190736066,44.0,6.4,1,regional/regional/regional
S1,162,20,0.8,4,CPU-OFF,6.4,6.4,57.87055572338659,8.0,1.0599002879741133,138.90858574666413,64.0,72.0,0,central/central/central
S1,162,20,0.8,5,MQTT,1.6,1.6,121.84060439608487,2.0,2.2315129010271955,69.06328439721855,64.0,2.4,0,central/central/central
S1,163,20,0.8,1,BE-DL,16.0,16.0,56.65953962700911,20.0,1.0377205059891779,67.96038501045336,64.0,2.0,0,central/central/central
S1,163,20,0.8,2,YOLO,12.0,12.0,28.357241791489457,15.0,0.5193634027745322,42.9300988011053,26.0,14.4,0,edge/edge/edge
S1,163,20,0.8,3,VIDEO,25.6,21.905875887574506,21.905875887574506,32.0,0.4012065180874452,50.86881131432698,44.0,6.4,1,regional/regional/regional
S1,163,20,0.8,4,CPU-OFF,6.4,6.4,70.70909110982858,8.0,1.295038298714809,138.63716983662178,64.0,72.0,0,central/central/central
S1,163,20,0.8,5,MQTT,1.6,1.6,86.93157825510616,2.0,1.5921534478957171,66.73977238530271,64.0,2.4,0,central/central/central
S1,164,20,0.8,1,BE-DL,16.0,16.0,53.23697965707699,20.0,0.9750362574556226,68.71097542086754,64.0,2.0,0,central/central/central
S1,164,20,0.8,2,YOLO,12.0,12.0,28.845814543474066,15.0,0.5283116216753492,41.76986866355877,26.0,14.4,0,edge/edge/edge
S1,164,20,0.8,3,VIDEO,25.6,25.6,36.02484254624578,32.0,0.6597956510301425,51.21554155341811,44.0,6.4,0,regional/regional/regional
S1,164,20,0.8,4,CPU-OFF,6.4,6.4,138.48571942756658,8.0,2.5363684876843697,137.7979106086946,64.0,72.0,0,central/central/central
S1,164,20,0.8,5,MQTT,1.6,1.6,71.4351394701065,2.0,1.3083358877308884,67.06693556112468,64.0,2.4,0,central/central/central
S1,165,20,0.8,1,BE-DL,16.0,16.0,59.194850002645346,20.0,1.0841547619532115,68.69775986560761,64.0,2.0,0,central/central/central
S1,165,20,0.8,2,YOLO,12.0,12.0,37.92864828135958,15.0,0.6946638879369886,43.24890452074525,26.0,14.4,0,edge/edge/edge
S1,165,20,0.8,3,VIDEO,25.6,25.24846840085777,25.24846840085777,32.0,0.4624261611878712,53.50934371773192,44.0,6.4,0,regional/regional/regional
S1,165,20,0.8,4,CPU-OFF,6.4,6.4,54.17188001705764,8.0,0.9921589746713853,137.70144021558542,64.0,72.0,0,central/central/central
S1,165,20,0.8,5,MQTT,1.6,1.6,71.23876361581253,2.0,1.3047392603628667,69.60068127329568,64.0,2.4,0,central/central/central
S1,166,20,0.8,1,BE-DL,16.0,16.0,139.46180556122457,20.0,2.554245523099351,67.27631753794333,64.0,2.0,0,central/central/central
S1,166,20,0.8,2,YOLO,12.0,12.0,141.95711538673092,15.0,2.5999471682551447,43.0103290743937,26.0,14.4,0,edge/edge/edge
S1,166,20,0.8,3,VIDEO,25.6,25.6,121.78900664718118,32.0,2.2305678873110106,52.36145471087989,44.0,6.4,0,regional/regional/regional
S1,166,20,0.8,4,CPU-OFF,6.4,6.4,73.40880748053416,8.0,1.3444836534896367,136.65539912720772,64.0,72.0,0,central/central/central
S1,166,20,0.8,5,MQTT,1.6,1.6,29.18024195688042,2.0,0.5344366658769307,69.41404554079271,64.0,2.4,0,central/central/central
S1,167,20,0.8,1,BE-DL,16.0,16.0,57.86810405654845,20.0,1.0598553856510704,68.87037979286755,64.0,2.0,0,central/central/central
S1,167,20,0.8,2,YOLO,12.0,12.0,95.08176120703169,15.0,1.7414241979309832,42.201220928452635,26.0,14.4,0,edge/edge/edge
S1,167,20,0.8,3,VIDEO,25.6,25.6,91.79754233984417,32.0,1.681273669227915,51.651399310017986,44.0,6.4,0,regional/regional/regional
S1,167,20,0.8,4,CPU-OFF,6.4,6.4,54.43388228527134,8.0,0.9969575510122956,137.83282876949352,64.0,72.0,0,central/central/central
S1,167,20,0.8,5,MQTT,1.6,1.6,29.941530263113105,2.0,0.5483796751485916,68.290755469389,64.0,2.4,0,central/central/central
S1,168,21,0.8,1,BE-DL,16.0,16.0,105.58507389049365,20.0,1.9337925620969532,67.45966654154846,64.0,2.0,0,central/central/central
S1,168,21,0.8,2,YOLO,12.0,12.0,130.11132155821718,15.0,2.382991237329985,40.79159594895877,26.0,14.4,0,edge/edge/edge
S1,168,21,0.8,3,VIDEO,25.6,25.6,69.98847632793876,32.0,1.281840225786424,51.64229522918565,44.0,6.4,0,regional/regional/regional
S1,168,21,0.8,4,CPU-OFF,6.4,6.4,67.19246687459602,8.0,1.2306312614394876,138.82580118854875,64.0,72.0,0,central/central/central
S1,168,21,0.8,5,MQTT,1.6,1.6,46.705846348033724,2.0,0.8554184312826689,67.8149401923385,64.0,2.4,0,central/central/central
S1,169,21,0.8,1,BE-DL,16.0,16.0,73.09990184547318,20.0,1.3388260411258823,68.18052612378708,64.0,2.0,0,central/central/central
S1,169,21,0.8,2,YOLO,12.0,12.0,49.80303392682431,15.0,0.9121434785132658,40.65733168284407,26.0,14.4,0,edge/edge/edge
S1,169,21,0.8,3,VIDEO,25.6,25.6,81.83375615495446,32.0,1.4987867427647337,50.86763242049962,44.0,6.4,0,regional/regional/regional
S1,169,21,0.8,4,CPU-OFF,6.4,6.4,43.73622516155944,8.0,0.801029764863726,137.43081449461334,64.0,72.0,0,central/central/central
S1,169,21,0.8,5,MQTT,1.6,1.6,41.669944961542214,2.0,0.7631858051564507,69.60868546509646,64.0,2.4,0,central/central/central
S1,170,21,0.8,1,BE-DL,16.0,16.0,89.82136695301058,20.0,1.6450799808243695,66.15698664298743,64.0,2.0,0,central/central/central
S1,170,21,0.8,2,YOLO,12.0,12.0,80.80076996085073,15.0,1.4798675817005629,42.644903928194715,26.0,14.4,0,edge/edge/edge
S1,170,21,0.8,3,VIDEO,25.6,25.6,34.61791597524709,32.0,0.6340277651144155,53.71531383713626,44.0,6.4,0,regional/regional/regional
S1,170,21,0.8,4,CPU-OFF,6.4,6.4,36.33361126796958,8.0,0.6654507558236187,138.24789759018358,64.0,72.0,0,central/central/central
S1,170,21,0.8,5,MQTT,1.6,1.6,42.60169312992484,2.0,0.7802507899253633,69.04409120413385,64.0,2.4,0,central/central/central
S1,171,21,0.8,1,BE-DL,16.0,16.0,57.95995918984442,20.0,1.0615377140997146,67.71382106261754,64.0,2.0,0,central/central/central
S1,171,21,0.8,2,YOLO,12.0,12.0,82.34997955858462,15.0,1.5082413838568611,42.885908600577174,26.0,14.4,0,edge/edge/edge
S1,171,21,0.8,3,VIDEO,25.6,25.6,43.23984776736806,32.0,0.7919386037979498,51.30537751358567,44.0,6.4,0,regional/regional/regional
S1,171,21,0.8,4,CPU-OFF,6.4,6.4,62.351090317515435,8.0,1.1419613611266564,138.4665240846738,64.0,72.0,0,central/central/central
S1,171,21,0.8,5,MQTT,1.6,1.6,88.05227098569792,2.0,1.6126789557820131,67.21804744603746,64.0,2.4,0,central/central/central
S1,172,21,0.8,1,BE-DL,16.0,16.0,32.10286268195478,20.0,0.5879645179845199,66.75413785657148,64.0,2.0,0,central/central/central
S1,172,21,0.8,2,YOLO,12.0,12.0,44.674376973276225,15.0,0.8182120324775866,42.514464284948225,26.0,14.4,0,edge/edge/edge
S1,172,21,0.8,3,VIDEO,25.6,25.6,51.505140635720494,32.0,0.9433175940608148,52.659680409587665,44.0,6.4,0,regional/regional/regional
S1,172,21,0.8,4,CPU-OFF,6.4,6.4,49.0148022243007,8.0,0.8977070004450678,136.79708691344743,64.0,72.0,0,central/central/central
S1,172,21,0.8,5,MQTT,1.6,1.6,95.8362538614576,2.0,1.7552427447153407,69.10101629406485,64.0,2.4,0,central/central/central
S1,173,21,0.8,1,BE-DL,16.0,16.0,51.604330788382875,20.0,0.9451342635234958,69.02962807020911,64.0,2.0,0,central/central/central
S1,173,21,0.8,2,YOLO,12.0,12.0,71.55269904303742,15.0,1.310488993462224,43.71330267491901,26.0,14.4,0,edge/edge/edge
S1,173,21,0.8,3,VIDEO,25.6,25.6,64.80059307829772,32.0,1.1868240490530717,53.62666835559153,44.0,6.4,0,regional/regional/regional
S1,173,21,0.8,4,CPU-OFF,6.4,6.4,97.48687561864128,8.0,1.7854739124293275,139.1714071380517,64.0,72.0,0,central/central/central
S1,173,21,0.8,5,MQTT,1.6,1.6,132.8008456440097,2.0,2.432249920219958,69.84304586128361,64.0,2.4,0,central/central/central
S1,174,21,0.8,1,BE-DL,16.0,16.0,72.57221026308174,20.0,1.3291613601297023,69.2557930533899,64.0,2.0,0,central/central/central
S1,174,21,0.8,2,YOLO,12.0,12.0,78.9357409352794,15.0,1.4457095409391831,41.494586464529846,26.0,14.4,0,edge/edge/edge
S1,174,21,0.8,3,VIDEO,25.6,25.6,65.26116443648903,32.0,1.1952594219137183,53.42917270074952,44.0,6.4,0,regional/regional/regional
S1,174,21,0.8,4,CPU-OFF,6.4,6.4,70.80043422187518,8.0,1.2967112494848934,139.48444575284233,64.0,72.0,0,central/central/central
S1,174,21,0.8,5,MQTT,1.6,1.6,62.28123415692253,2.0,1.1406819442659804,68.57417974377022,64.0,2.4,0,central/central/central
S1,175,21,0.8,1,BE-DL,16.0,16.0,29.162535618286075,20.0,0.5341123739612834,68.95730675189883,64.0,2.0,0,central/central/central
S1,175,21,0.8,2,YOLO,12.0,12.0,80.2155543175252,15.0,1.4691493464748204,40.995885712998515,26.0,14.4,0,edge/edge/edge
S1,175,21,0.8,3,VIDEO,25.6,25.6,59.48843435504862,32.0,1.0895317647444802,53.469724297191085,44.0,6.4,0,regional/regional/regional
S1,175,21,0.8,4,CPU-OFF,6.4,6.4,52.79006558869117,8.0,0.9668510181078969,138.51561326984262,64.0,72.0,0,central/central/central
S1,175,21,0.8,5,MQTT,1.6,1.6,114.26978033320614,2.0,2.09285311965579,69.63118246412398,64.0,2.4,0,central/central/central
S1,176,22,0.8,1,BE-DL,16.0,16.0,42.98948048047035,20.0,0.7873531223529368,68.54156640209129,64.0,2.0,0,central/central/central
S1,176,22,0.8,2,YOLO,12.0,12.0,58.833835872672196,15.0,1.0775427815507728,43.6582514445281,26.0,14.4,0,edge/edge/edge
S1,176,22,0.8,3,VIDEO,25.6,25.6,97.80069619467328,32.0,1.791221542026983,52.3328737123145,44.0,6.4,0,regional/regional/regional
S1,176,22,0.8,4,CPU-OFF,6.4,6.4,139.5488336023344,8.0,2.555839443266198,136.52710061138728,64.0,72.0,0,central/central/central
S1,176,22,0.8,5,MQTT,1.6,1.6,134.86614745899695,2.0,2.4700759607874896,69.7651370524113,64.0,2.4,0,central/central/central
S1,177,22,0.8,1,BE-DL,16.0,16.0,40.14850776384686,20.0,0.7353206550155102,69.21874163056462,64.0,2.0,0,central/central/central
S1,177,22,0.8,2,YOLO,12.0,12.0,90.09043605198461,15.0,1.6500079863000845,43.29280213797921,26.0,14.4,0,edge/edge/edge
S1,177,22,0.8,3,VIDEO,25.6,25.6,100.75557187281481,32.0,1.8453401441907473,53.684226418629684,44.0,6.4,0,regional/regional/regional
S1,177,22,0.8,4,CPU-OFF,6.4,6.4,57.87055572338659,8.0,1.0599002879741133,138.2648457097562,64.0,72.0,0,central/central/central
S1,177,22,0.8,5,MQTT,1.6,1.6,74.85969337895037,2.0,1.3710566552921313,67.16579621749402,64.0,2.4,0,central/central/central
S1,178,22,0.8,1,BE-DL,16.0,16.0,71.89900200944622,20.0,1.3168315386345462,66.05022928284377,64.0,2.0,0,central/central/central
S1,178,22,0.8,2,YOLO,12.0,12.0,95.00640532182709,15.0,1.7400440535133166,41.300496946719846,26.0,14.4,0,edge/edge/edge
S1,178,22,0.8,3,VIDEO,25.6,25.6,127.33464801644303,32.0,2.3321364105575646,51.34269082622357,44.0,6.4,0,regional/regional/regional
S1,178,22,0.8,4,CPU-OFF,6.4,6.4,98.56418760763975,8.0,1.8052049012388234,136.30815884632398,64.0,72.0,0,central/central/central
S1,178,22,0.8,5,MQTT,1.6,1.6,93.07348324052111,2.0,1.7046425501926943,67.72549823229393,64.0,2.4,0,central/central/central
S1,179,22,0.8,1,BE-DL,16.0,16.0,82.31600215884191,20.0,1.5076190871582766,67.8187688445356,64.0,2.0,0,central/central/central
S1,179,22,0.8,2,YOLO,12.0,12.0,109.81909090155114,15.0,2.01133866120057,41.98820402982894,26.0,14.4,0,edge/edge/edge
S1,179,22,0.8,3,VIDEO,25.6,25.6,93.22409315084786,32.0,1.707400973458752,50.911723104961744,44.0,6.4,0,regional/regional/regional
S1,179,22,0.8,4,CPU-OFF,6.4,6.4,66.47314532523188,8.0,1.217456874088496,136.82615360083736,64.0,72.0,0,central/central/central
S1,179,22,0.8,5,MQTT,1.6,1.6,93.15810585867669,2.0,1.7061924149940786,67.52101391424442,64.0,2.4,0,central/central/central
S1,180,22,0.8,1,BE-DL,16.0,16.0,59.19485000264543,20.0,1.084154761953213,66.8071823859525,64.0,2.0,0,central/central/central
S1,180,22,0.8,2,YOLO,12.0,12.0,64.73765268906756,15.0,1.185671294671567,41.293093531500205,26.0,14.4,0,edge/edge/edge
S1,180,22,0.8,3,VIDEO,25.6,25.6,49.04151130492419,32.0,0.8981961777458642,53.14287780820428,44.0,6.4,0,regional/regional/regional
S1,180,22,0.8,4,CPU-OFF,6.4,6.4,60.0898164895092,8.0,1.1005460895514505,137.26948724682012,64.0,72.0,0,central/central/central
S1,180,22,0.8,5,MQTT,1.6,1.6,47.73358780348848,2.0,0.8742415348624264,67.73841748875819,64.0,2.4,0,central/central/central
S1,181,22,0.8,1,BE-DL,16.0,16.0,91.02278149224955,20.0,1.6670839101144606,68.50735098631232,64.0,2.0,0,central/central/central
S1,181,22,0.8,2,YOLO,12.0,12.0,92.65139973714122,15.0,1.6969120830978246,42.43447386008963,26.0,14.4,0,edge/edge/edge
S1,181,22,0.8,3,VIDEO,25.6,25.6,115.43054445275023,32.0,2.114112535764656,50.62147914723123,44.0,6.4,0,regional/regional/regional
S1,181,22,0.8,4,CPU-OFF,6.4,6.4,63.035823814806676,8.0,1.154502267670452,139.0100728683368,64.0,72.0,0,central/central/central
S1,181,22,0.8,5,MQTT,1.6,1.6,74.04878604111606,2.0,1.3562048725479132,68.5942765031188,64.0,2.4,0,central/central/central
S1,182,22,0.8,1,BE-DL,16.0,16.0,57.86810405654845,20.0,1.0598553856510704,69.15744652368107,64.0,2.0,0,central/central/central
S1,182,22,0.8,2,YOLO,12.0,12.0,142.10589310833558,15.0,2.602672034951201,41.50363044572991,26.0,14.4,0,edge/edge/edge
S1,182,22,0.8,3,VIDEO,25.6,25.6,40.65319732193108,32.0,0.7445640535152213,53.759223652295574,44.0,6.4,0,regional/regional/regional
S1,182,22,0.8,4,CPU-OFF,6.4,6.4,40.99767083510953,8.0,0.7508730922181233,138.6469558905684,64.0,72.0,0,central/central/central
S1,182,22,0.8,5,MQTT,1.6,1.6,70.33434939165257,2.0,1.288174897283014,67.18736446490271,64.0,2.4,0,central/central/central
S1,183,22,0.8,1,BE-DL,16.0,16.0,56.8122732608748,20.0,1.0405178252907472,68.87134744559594,64.0,2.0,0,central/central/central
S1,183,22,0.8,2,YOLO,12.0,12.0,87.0563024244073,15.0,1.594437773340793,42.65146261057589,26.0,14.4,0,edge/edge/edge
S1,183,22,0.8,3,VIDEO,25.6,25.6,79.87815233079986,32.0,1.4629698229084225,52.95281420479131,44.0,6.4,0,regional/regional/regional
S1,183,22,0.8,4,CPU-OFF,6.4,6.4,47.60721868244929,8.0,0.8719270820961409,137.00198261440957,64.0,72.0,0,central/central/central
S1,183,22,0.8,5,MQTT,1.6,1.6,43.15510949116565,2.0,0.7903866207173196,66.47696504939324,64.0,2.4,0,central/central/central
S1,184,23,0.8,1,BE-DL,16.0,16.0,92.76125475563506,20.0,1.6989240797735359,67.0780116241093,64.0,2.0,0,central/central/central
S1,184,23,0.8,2,YOLO,12.0,12.0,20.038397179969362,15.0,0.36700361135475024,42.006272831381274,26.0,14.4,0,edge/edge/edge
S1,184,23,0.8,3,VIDEO,25.6,22.913451723387308,22.913451723387308,32.0,0.4196602879741265,53.48561902629792,44.0,6.4,1,regional/regional/regional
S1,184,23,0.8,4,CPU-OFF,6.4,6.4,61.72897601916308,8.0,1.130567326358298,136.87873593171443,64.0,72.0,0,central/central/central
S1,184,23,0.8,5,MQTT,1.6,1.6,45.40587106154248,2.0,0.8316093601015105,68.78399113631254,64.0,2.4,0,central/central/central
S1,185,23,0.8,1,BE-DL,16.0,16.0,119.45785858725287,20.0,2.1878728678984043,66.40479495147964,64.0,2.0,0,central/central/central
S1,185,23,0.8,2,YOLO,12.0,12.0,21.30531512869074,15.0,0.3902072367892077,42.68299592886032,26.0,14.4,0,edge/edge/edge
S1,185,23,0.8,3,VIDEO,25.6,21.3409270247406,21.3409270247406,32.0,0.3908594693175934,50.54558471847362,44.0,6.4,1,regional/regional/regional
S1,185,23,0.8,4,CPU-OFF,6.4,6.4,32.7553010673362,8.0,0.5999139389622014,136.9861385587583,64.0,72.0,0,central/central/central
S1,185,23,0.8,5,MQTT,1.6,1.6,67.77542088851663,2.0,1.241308074881257,69.49523207296262,64.0,2.4,0,central/central/central
S1,186,23,0.8,1,BE-DL,16.0,16.0,89.13841999541572,20.0,1.6325717947878335,68.00759207574255,64.0,2.0,0,central/central/central
S1,186,23,0.8,2,YOLO,12.0,12.0,19.6256974184657,15.0,0.35944500766420695,43.23157733103835,26.0,14.4,0,edge/edge/edge
S1,186,23,0.8,3,VIDEO,25.6,12.107157374863052,12.107157374863052,32.0,0.22174280906342583,52.75238660425142,44.0,6.4,1,regional/regional/regional
S1,186,23,0.8,4,CPU-OFF,6.4,6.4,39.19211391386692,8.0,0.7178042841367568,138.88918048057943,64.0,72.0,0,central/central/central
S1,186,23,0.8,5,MQTT,1.6,1.6,73.50126010246836,2.0,1.346176924953633,68.95371976567266,64.0,2.4,0,central/central/central
S1,187,23,0.8,1,BE-DL,16.0,16.0,76.97783202232152,20.0,1.409850403339222,66.21421257571441,64.0,2.0,0,central/central/central
S1,187,23,0.8,2,YOLO,12.0,11.479618386803878,11.479618386803878,15.0,0.21024942100373403,41.4003572282236,26.0,14.4,0,edge/edge/edge
S1,187,23,0.8,3,VIDEO,25.6,9.828,9.828,32.0,0.18,51.38320919206402,44.0,6.4,1,regional/regional/regional
S1,187,23,0.8,4,CPU-OFF,6.4,6.4,92.95910766677744,8.0,1.7025477594647882,137.63857044536624,64.0,72.0,0,central/central/central
S1,187,23,0.8,5,MQTT,1.6,1.6,79.07565341035082,2.0,1.4482720404826157,67.55240557242924,64.0,2.4,0,central/central/central
S1,188,23,0.8,1,BE-DL,16.0,16.0,35.91178575331901,20.0,0.6577250137970514,67.62021138785975,64.0,2.0,0,central/central/central
S1,188,23,0.8,2,YOLO,12.0,10.093846399353678,10.093846399353678,15.0,0.18486898167314428,42.65428594043341,26.0,14.4,1,edge/edge/edge
S1,188,23,0.8,3,VIDEO,25.6,10.281694101756589,10.281694101756589,32.0,0.1883094157830877,51.06659957043051,44.0,6.4,1,regional/regional/regional
S1,188,23,0.8,4,CPU-OFF,6.4,6.4,97.4868756186415,8.0,1.7854739124293315,137.60115075089462,64.0,72.0,0,central/central/central
S1,188,23,0.8,5,MQTT,1.6,1.6,88.8558385399921,2.0,1.6273963102562656,67.59690249968274,64.0,2.4,0,central/central/central
S1,189,23,0.8,1,BE-DL,16.0,16.0,25.760364711704568,20.0,0.47180155149642067,66.21268362929594,64.0,2.0,0,central/central/central
S1,189,23,0.8,2,YOLO,12.0,12.0,21.057185290953115,15.0,0.3856627342665406,42.04661677285458,26.0,14.4,0,edge/edge/edge
S1,189,23,0.8,3,VIDEO,25.6,24.728306437565358,24.728306437565358,32.0,0.4528993853033948,52.877606410168625,44.0,6.4,0,regional/regional/regional
S1,189,23,0.8,4,CPU-OFF,6.4,6.4,105.75254731875047,8.0,1.9368598410027558,139.05647841650335,64.0,72.0,0,central/central/central
S1,189,23,0.8,5,MQTT,1.6,1.6,48.67356955120842,2.0,0.8914573177877,68.17507906417237,64.0,2.4,0,central/central/central
S1,190,23,0.8,1,BE-DL,16.0,16.0,54.19829732832423,20.0,0.9926428082110664,68.99300081975363,64.0,2.0,0,central/central/central
S1,190,23,0.8,2,YOLO,12.0,12.0,88.59147565188586,15.0,1.6225544991187886,43.53394028589705,26.0,14.4,0,edge/edge/edge
S1,190,23,0.8,3,VIDEO,25.6,25.6,38.154651000134905,32.0,0.6988031318706026,50.50746858586572,44.0,6.4,0,regional/regional/regional
S1,190,23,0.8,4,CPU-OFF,6.4,6.4,111.05834553092626,8.0,2.0340356324345468,139.081251221245,64.0,72.0,0,central/central/central
S1,190,23,0.8,5,MQTT,1.6,1.6,135.49131096651598,2.0,2.481525841877582,68.70159260515514,64.0,2.4,0,central/central/central
S1,191,23,0.8,1,BE-DL,16.0,16.0,81.53177332503012,20.0,1.4932559217038481,66.41234190626037,64.0,2.0,0,central/central/central
S1,191,23,0.8,2,YOLO,12.0,12.0,73.3561118159269,15.0,1.3435185314272324,42.11266126947871,26.0,14.4,0,edge/edge/edge
S1,191,23,0.8,3,VIDEO,25.6,25.6,55.42039451031495,32.0,1.0150255404819588,50.637120892435824,44.0,6.4,0,regional/regional/regional
S1,191,23,0.8,4,CPU-OFF,6.4,6.4,139.54883360233455,8.0,2.5558394432662004,137.45899480277475,64.0,72.0,0,central/central/central
S1,191,23,0.8,5,MQTT,1.6,1.6,57.41289811507498,2.0,1.0515182804958787,66.9681923567608,64.0,2.4,0,central/central/central
S2,0,0,0.2,1,BE-DL,4.0,4.0,123.86149286267826,8.96,2.2685255103054627,67.29675184487817,64.0,2.0,0,central/central/central
S2,0,0,0.2,2,YOLO,3.0,3.0,64.73765268906754,6.72,1.1856712946715668,35.27792495579806,26.0,8.035714285714285,0,edge/edge/edge
S2,0,0,0.2,3,VIDEO,6.4,6.4,49.041511304924136,14.336000000000002,0.8981961777458632,50.338242431915,44.0,3.571428571428571,0,regional/regional/regional
S2,0,0,0.2,4,CPU-OFF,1.6,1.6,95.59743532421902,3.5840000000000005,1.7508687788318502,107.34657485694153,64.0,40.17857142857142,0,central/central/central
S2,0,0,0.2,5,MQTT,0.4,0.4,57.13565812841797,0.8960000000000001,1.0464406250626002,65.96002188566638,64.0,1.3392857142857142,0,central/central/central
S2,1,0,0.2,1,BE-DL,4.0,4.0,97.94264207353166,8.96,1.7938212833980156,69.38436770056836,64.0,2.0,0,central/central/central
S2,1,0,0.2,2,YOLO,3.0,3.0,134.9134417225039,6.72,2.4709421560898153,37.25518984759476,26.0,8.035714285714285,0,edge/edge/edge
S2,1,0,0.2,3,VIDEO,6.4,6.4,102.71362006388777,14.336000000000002,1.8812018326719373,49.79697638593485,44.0,3.571428571428571,0,regional/regional/regional
S2,1,0,0.2,4,CPU-OFF,1.6,1.6,42.289856483351265,3.5840000000000005,0.7745394960320744,106.81313376834822,64.0,40.17857142857142,0,central/central/central
S2,1,0,0.2,5,MQTT,0.4,0.4,45.496076169329775,0.8960000000000001,0.8332614683027431,67.14232365141395,64.0,1.3392857142857142,0,central/central/central
S2,2,0,0.2,1,BE-DL,4.0,4.0,114.644357093162,8.96,2.099713499874762,66.97264725425056,64.0,2.0,0,central/central/central
S2,2,0,0.2,2,YOLO,3.0,3.0,128.67042685082038,6.72,2.3566012243739998,34.8278799846662,26.0,8.035714285714285,0,edge/edge/edge
S2,2,0,0.2,3,VIDEO,6.4,6.4,91.79754233984427,14.336000000000002,1.681273669227917,49.41178752313694,44.0,3.571428571428571,0,regional/regional/regional
S2,2,0,0.2,4,CPU-OFF,1.6,1.6,58.912619435325446,3.5840000000000005,1.0789857039436894,105.68676364096693,64.0,40.17857142857142,0,central/central/central
S2,2,0,0.2,5,MQTT,0.4,0.4,48.301902594267446,0.8960000000000001,0.8846502306642389,67.6604178859398,64.0,1.3392857142857142,0,central/central/central
S2,3,0,0.2,1,BE-DL,4.0,4.0,84.68244504922842,8.96,1.5509605320371505,67.27813280396337,64.0,2.0,0,central/central/central
S2,3,0,0.2,2,YOLO,3.0,3.0,117.80988751998586,6.72,2.1576902476187887,34.71960588526473,26.0,8.035714285714285,0,edge/edge/edge
S2,3,0,0.2,3,VIDEO,6.4,6.4,35.37461031792547,14.336000000000002,0.6478866358594408,49.65345911994975,44.0,3.571428571428571,0,regional/regional/regional
S2,3,0,0.2,4,CPU-OFF,1.6,1.6,51.52426832087849,3.5840000000000005,0.9436679179648075,105.70216747439868,64.0,40.17857142857142,0,central/central/central
S2,3,0,0.2,5,MQTT,0.4,0.4,46.705846348033724,0.8960000000000001,0.8554184312826689,66.38925597739373,64.0,1.3392857142857142,0,central/central/central
S2,4,0,0.2,1,BE-DL,4.0,4.0,138.63774487934575,8.96,2.539152836618054,68.12348386839743,64.0,2.0,0,central/central/central
S2,4,0,0.2,2,YOLO,3.0,3.0,55.24370149866236,6.72,1.0117894047374059,35.243566311049804,26.0,8.035714285714285,0,edge/edge/edge
S2,4,0,0.2,3,VIDEO,6.4,6.4,90.37864635587324,14.336000000000002,1.6552865632943816,50.88529783985734,44.0,3.571428571428571,0,regional/regional/regional
S2,4,0,0.2,4,CPU-OFF,1.6,1.6,72.52462653372514,3.5840000000000005,1.328289863255039,106.15039223933033,64.0,40.17857142857142,0,central/central/central
S2,4,0,0.2,5,MQTT,0.4,0.4,79.02920596154557,0.8960000000000001,1.4474213546070618,66.85395530295554,64.0,1.3392857142857142,0,central/central/central
S2,5,0,0.2,1,BE-DL,4.0,4.0,107.60326193355598,8.96,1.970755713068791,68.43598204546824,64.0,2.0,0,central/central/central
S2,5,0,0.2,2,YOLO,3.0,3.0,61.9593348130292,6.72,1.1347863518869816,35.13408543113258,26.0,8.035714285714285,0,edge/edge/edge
S2,5,0,0.2,3,VIDEO,6.4,6.4,76.21759651693053,14.336000000000002,1.3959266761342588,48.48686423351987,44.0,3.571428571428571,0,regional/regional/regional
S2,5,0,0.2,4,CPU-OFF,1.6,1.6,25.598680666069484,3.5840000000000005,0.4688403052393678,106.63151454182442,64.0,40.17857142857142,0,central/central/central
S2,5,0,0.2,5,MQTT,0.4,0.4,46.79731442302346,0.8960000000000001,0.8570936707513453,66.13690764046146,64.0,1.3392857142857142,0,central/central/central
S2,6,0,0.2,1,BE-DL,4.0,4.0,78.7455997268919,8.96,1.4422271012251262,68.55934230425456,64.0,2.0,0,central/central/central
S2,6,0,0.2,2,YOLO,3.0,3.0,57.83357343045628,6.72,1.0592229566017635,35.95540501190049,26.0,8.035714285714285,0,edge/edge/edge
S2,6,0,0.2,3,VIDEO,6.4,6.4,50.35526575440326,14.336000000000002,0.9222576145495103,49.74668998011935,44.0,3.571428571428571,0,regional/regional/regional
S2,6,0,0.2,4,CPU-OFF,1.6,1.6,58.49126091690753,3.5840000000000005,1.0712685149616763,105.48107653736032,64.0,40.17857142857142,0,central/central/central
S2,6,0,0.2,5,MQTT,0.4,0.4,78.35159706354503,0.8960000000000001,1.4350109352297624,66.80996212400792,64.0,1.3392857142857142,0,central/central/central
S2,7,0,0.2,1,BE-DL,4.0,4.0,41.0778565500281,8.96,0.7523416950554598,68.36473727997368,64.0,2.0,0,central/central/central
S2,7,0,0.2,2,YOLO,3.0,3.0,66.72881623856448,6.72,1.2221394915488,36.05583555145098,26.0,8.035714285714285,0,edge/edge/edge
S2,7,0,0.2,3,VIDEO,6.4,6.4,51.505140635720586,14.336000000000002,0.9433175940608166,49.0283758219022,44.0,3.571428571428571,0,regional/regional/regional
S2,7,0,0.2,4,CPU-OFF,1.6,1.6,84.1702465782822,3.5840000000000005,1.5415796076608461,104.18487966619529,64.0,40.17857142857142,0,central/central/central
S2,7,0,0.2,5,MQTT,0.4,0.4,79.07565341035085,0.8960000000000001,1.4482720404826164,68.11839442699997,64.0,1.3392857142857142,0,central/central/central
S2,8,1,0.2,1,BE-DL,4.0,4.0,79.06628459974449,8.96,1.4481004505447708,66.32706076723116,64.0,2.0,0,central/central/central
S2,8,1,0.2,2,YOLO,3.0,3.0,50.25075047297284,6.72,0.9203434152559128,37.20217853965102,26.0,8.035714285714285,0,edge/edge/edge
S2,8,1,0.2,3,VIDEO,6.4,6.4,72.82352364989667,14.336000000000002,1.333764169412027,51.035505157974335,44.0,3.571428571428571,0,regional/regional/regional
S2,8,1,0.2,4,CPU-OFF,1.6,1.6,56.769465721698886,3.5840000000000005,1.0397338044267195,104.38414468987595,64.0,40.17857142857142,0,central/central/central
S2,8,1,0.2,5,MQTT,0.4,0.4,107.68941301314257,0.8960000000000001,1.9723335716692778,66.59309497935554,64.0,1.3392857142857142,0,central/central/central
S2,9,1,0.2,1,BE-DL,4.0,4.0,50.96674308552306,8.96,0.9334568330681879,67.98467415427557,64.0,2.0,0,central/central/central
S2,9,1,0.2,2,YOLO,3.0,3.0,64.00970992206291,6.72,1.1723390095615918,35.49371265381689,26.0,8.035714285714285,0,edge/edge/edge
S2,9,1,0.2,3,VIDEO,6.4,6.4,79.09369385509291,14.336000000000002,1.448602451558478,50.28117112313663,44.0,3.571428571428571,0,regional/regional/regional
S2,9,1,0.2,4,CPU-OFF,1.6,1.6,105.75254731875043,3.5840000000000005,1.936859841002755,107.53319683194553,64.0,40.17857142857142,0,central/central/central
S2,9,1,0.2,5,MQTT,0.4,0.4,75.88889876263674,0.8960000000000001,1.3899065707442626,68.44866970639407,64.0,1.3392857142857142,0,central/central/central
S2,10,1,0.2,1,BE-DL,4.0,4.0,75.65752165121397,8.96,1.3856688947108784,66.08271350035122,64.0,2.0,0,central/central/central
S2,10,1,0.2,2,YOLO,3.0,3.0,67.65167231598528,6.72,1.2390416175088879,35.0776973831873,26.0,8.035714285714285,0,edge/edge/edge
S2,10,1,0.2,3,VIDEO,6.4,6.4,59.48843435504901,14.336000000000002,1.0895317647444873,48.55707579728065,44.0,3.571428571428571,0,regional/regional/regional
S2,10,1,0.2,4,CPU-OFF,1.6,1.6,59.26431891560634,3.5840000000000005,1.0854270863664164,106.52996236460088,64.0,40.17857142857142,0,central/central/central
S2,10,1,0.2,5,MQTT,0.4,0.4,57.67903197771362,0.8960000000000001,1.056392527064352,67.0450564455395,64.0,1.3392857142857142,0,central/central/central
S2,11,1,0.2,1,BE-DL,4.0,4.0,81.53177332503016,8.96,1.493255921703849,68.11510511370773,64.0,2.0,0,central/central/central
S2,11,1,0.2,2,YOLO,3.0,3.0,39.47080128166624,6.72,0.7229084483821656,35.755905948907525,26.0,8.035714285714285,0,edge/edge/edge
S2,11,1,0.2,3,VIDEO,6.4,6.4,49.366065698263874,14.336000000000002,0.9041403974041002,49.67626599611997,44.0,3.571428571428571,0,regional/regional/regional
S2,11,1,0.2,4,CPU-OFF,1.6,1.6,84.15540347011022,3.5840000000000005,1.5413077558628243,106.15265495210079,64.0,40.17857142857142,0,central/central/central
S2,11,1,0.2,5,MQTT,0.4,0.4,50.37169362926387,0.8960000000000001,0.9225584913784592,68.45589259333458,64.0,1.3392857142857142,0,central/central/central
S2,12,1,0.2,1,BE-DL,4.0,4.0,48.92045063662001,8.96,0.8959789493886449,68.75704319212974,64.0,2.0,0,central/central/central
S2,12,1,0.2,2,YOLO,3.0,3.0,112.3985440267614,6.72,2.0585813924315275,36.272306168494666,26.0,8.035714285714285,0,edge/edge/edge
S2,12,1,0.2,3,VIDEO,6.4,6.4,60.862502806421126,14.336000000000002,1.1146978535974565,49.88005400764689,44.0,3.571428571428571,0,regional/regional/regional
S2,12,1,0.2,4,CPU-OFF,1.6,1.6,64.96788802908493,3.5840000000000005,1.1898880591407497,106.08978223322366,64.0,40.17857142857142,0,central/central/central
S2,12,1,0.2,5,MQTT,0.4,0.4,68.14813466221695,0.8960000000000001,1.2481343344728377,68.54970726303566,64.0,1.3392857142857142,0,central/central/central
S2,13,1,0.2,1,BE-DL,4.0,4.0,107.45774756846548,8.96,1.96809061480706,68.84985071655078,64.0,2.0,0,central/central/central
S2,13,1,0.2,2,YOLO,3.0,3.0,132.6231546370679,6.72,2.4289955061734045,34.50737936638824,26.0,8.035714285714285,0,edge/edge/edge
S2,13,1,0.2,3,VIDEO,6.4,6.4,71.2210743142817,14.336000000000002,1.3044152804813496,49.725707531684606,44.0,3.571428571428571,0,regional/regional/regional
S2,13,1,0.2,4,CPU-OFF,1.6,1.6,126.41928410545106,3.5840000000000005,2.3153715037628397,105.58848859292493,64.0,40.17857142857142,0,central/central/central
S2,13,1,0.2,5,MQTT,0.4,0.4,93.07348324052126,0.8960000000000001,1.704642550192697,68.0204129094177,64.0,1.3392857142857142,0,central/central/central
S2,14,1,0.2,1,BE-DL,4.0,4.0,70.68439315813605,8.96,1.294585955277217,68.19921751827081,64.0,2.0,0,central/central/central
S2,14,1,0.2,2,YOLO,3.0,3.0,55.4324935026877,6.72,1.0152471337488589,35.160396219801605,26.0,8.035714285714285,0,edge/edge/edge
S2,14,1,0.2,3,VIDEO,6.4,6.4,79.04966963083588,14.336000000000002,1.4477961470849061,49.86671476715518,44.0,3.571428571428571,0,regional/regional/regional
S2,14,1,0.2,4,CPU-OFF,1.6,1.6,105.75273119923236,3.5840000000000005,1.9368632087771493,105.36210637814746,64.0,40.17857142857142,0,central/central/central
S2,14,1,0.2,5,MQTT,0.4,0.4,82.29662266439134,0.8960000000000001,1.5072641513624787,67.67936047372102,64.0,1.3392857142857142,0,central/central/central
S2,15,1,0.2,1,BE-DL,4.0,4.0,123.86149286267825,8.96,2.2685255103054622,66.1145143236892,64.0,2.0,0,central/central/central
S2,15,1,0.2,2,YOLO,3.0,3.0,135.45945814771278,6.72,2.4809424569178167,34.329397147083704,26.0,8.035714285714285,0,edge/edge/edge
S2,15,1,0.2,3,VIDEO,6.4,6.4,55.89677632604257,14.336000000000002,1.0237504821619519,49.513122240786345,44.0,3.571428571428571,0,regional/regional/regional
S2,15,1,0.2,4,CPU-OFF,1.6,1.6,83.76156237931575,3.5840000000000005,1.534094549071717,104.9895152034445,64.0,40.17857142857142,0,central/central/central
S2,15,1,0.2,5,MQTT,0.4,0.4,52.434622965953196,0.8960000000000001,0.9603410799625127,67.14557477101776,64.0,1.3392857142857142,0,central/central/central
S2,16,2,0.2,1,BE-DL,4.0,4.0,146.38166614250653,8.96,2.680982896382903,67.1153763825356,64.0,2.0,0,central/central/central
S2,16,2,0.2,2,YOLO,3.0,3.0,31.859077804350324,6.72,0.5834995934862697,35.13354788118761,26.0,8.035714285714285,0,edge/edge/edge
S2,16,2,0.2,3,VIDEO,6.4,6.4,37.661660690092184,14.336000000000002,0.6897740053130437,47.983902327263955,44.0,3.571428571428571,0,regional/regional/regional
S2,16,2,0.2,4,CPU-OFF,1.6,1.6,104.5277584777173,3.5840000000000005,1.9144278109472033,106.49971320487184,64.0,40.17857142857142,0,central/central/central
S2,16,2,0.2,5,MQTT,0.4,0.4,74.04878604111607,0.8960000000000001,1.3562048725479134,68.20807674931595,64.0,1.3392857142857142,0,central/central/central
S2,17,2,0.2,1,BE-DL,4.0,4.0,86.25623057485524,8.96,1.5797844427629164,69.35468039793466,64.0,2.0,0,central/central/central
S2,17,2,0.2,2,YOLO,3.0,3.0,19.099032033760327,6.72,0.34979912149744186,36.481917386498,26.0,8.035714285714285,0,edge/edge/edge
S2,17,2,0.2,3,VIDEO,6.4,6.4,22.520997054041803,14.336000000000002,0.41247247351724914,50.179050674695354,44.0,3.571428571428571,0,regional/regional/regional
S2,17,2,0.2,4,CPU-OFF,1.6,1.6,54.43388228527146,3.5840000000000005,0.9969575510122978,107.29181567913727,64.0,40.17857142857142,0,central/central/central
S2,17,2,0.2,5,MQTT,0.4,0.4,55.64605152672915,0.8960000000000001,1.0191584528704973,66.09455273058012,64.0,1.3392857142857142,0,central/central/central
S2,18,2,0.2,1,BE-DL,4.0,4.0,91.64998799631682,8.96,1.6785712087237514,67.20324941100662,64.0,2.0,0,central/central/central
S2,18,2,0.2,2,YOLO,3.0,3.0,27.82016620953883,6.72,0.5095268536545573,36.446495755709954,26.0,8.035714285714285,0,edge/edge/edge
S2,18,2,0.2,3,VIDEO,6.4,6.4,23.750437293024376,14.336000000000002,0.43498969401143545,49.68683069173769,44.0,3.571428571428571,0,regional/regional/regional
S2,18,2,0.2,4,CPU-OFF,1.6,1.6,67.19246687459592,3.5840000000000005,1.2306312614394856,105.61133504695074,64.0,40.17857142857142,0,central/central/central
S2,18,2,0.2,5,MQTT,0.4,0.4,75.1117412029782,0.8960000000000001,1.3756729158054615,65.69518586407328,64.0,1.3392857142857142,0,central/central/central
S2,19,2,0.2,1,BE-DL,4.0,4.0,125.53017627257128,8.96,2.2990874775196204,66.7578322556448,64.0,2.0,0,central/central/central
S2,19,2,0.2,2,YOLO,3.0,3.0,10.89807565928158,6.72,0.19959845529819745,34.433447263272896,26.0,8.035714285714285,0,edge/edge/edge
S2,19,2,0.2,3,VIDEO,6.4,6.4,14.53945932648666,14.336000000000002,0.26629046385506705,48.858306558008096,44.0,3.571428571428571,0,regional/regional/regional
S2,19,2,0.2,4,CPU-OFF,1.6,1.6,43.73622516155944,3.5840000000000005,0.8010297648637259,104.53200420094235,64.0,40.17857142857142,0,central/central/central
S2,19,2,0.2,5,MQTT,0.4,0.4,79.02920596154554,0.8960000000000001,1.4474213546070611,66.27448197571266,64.0,1.3392857142857142,0,central/central/central
S2,20,2,0.2,1,BE-DL,4.0,4.0,42.402980338223344,8.96,0.776611361505922,66.83560672844233,64.0,2.0,0,central/central/central
S2,20,2,0.2,2,YOLO,3.0,3.0,26.580916970080835,6.72,0.48682998113701165,36.37364402110905,26.0,8.035714285714285,0,edge/edge/edge
S2,20,2,0.2,3,VIDEO,6.4,6.4,12.869719350797737,14.336000000000002,0.2357091456190062,48.01822592825566,44.0,3.571428571428571,0,regional/regional/regional
S2,20,2,0.2,4,CPU-OFF,1.6,1.6,39.91192146860295,3.5840000000000005,0.7309875726850357,106.94290427003568,64.0,40.17857142857142,0,central/central/central
S2,20,2,0.2,5,MQTT,0.4,0.4,30.01482925062884,0.8960000000000001,0.5497221474474147,66.81959687098629,64.0,1.3392857142857142,0,central/central/central
S2,21,2,0.2,1,BE-DL,4.0,4.0,78.74559972689191,8.96,1.4422271012251267,67.93998888659532,64.0,2.0,0,central/central/central
S2,21,2,0.2,2,YOLO,3.0,3.0,9.828,6.72,0.18,35.569221821872674,26.0,8.035714285714285,0,edge/edge/edge
S2,21,2,0.2,3,VIDEO,6.4,6.4,9.828,14.336000000000002,0.18,48.413619717776776,44.0,3.571428571428571,0,regional/regional/regional
S2,21,2,0.2,4,CPU-OFF,1.6,1.6,62.351090317515656,3.5840000000000005,1.1419613611266604,106.91335205475293,64.0,40.17857142857142,0,central/central/central
S2,21,2,0.2,5,MQTT,0.4,0.4,88.05227098569823,0.8960000000000001,1.612678955782019,66.61778341274783,64.0,1.3392857142857142,0,central/central/central
S2,22,2,0.2,1,BE-DL,4.0,4.0,32.10286268195476,8.96,0.5879645179845194,66.42164177168355,64.0,2.0,0,central/central/central
S2,22,2,0.2,2,YOLO,3.0,3.0,26.295677585536,6.72,0.4816058165849084,35.66605814419811,26.0,8.035714285714285,0,edge/edge/edge
S2,22,2,0.2,3,VIDEO,6.4,6.4,55.14409078933127,14.336000000000002,1.009965032771635,48.29892086693034,44.0,3.571428571428571,0,regional/regional/regional
S2,22,2,0.2,4,CPU-OFF,1.6,1.6,92.9591076667775,3.5840000000000005,1.7025477594647893,105.35154406012275,64.0,40.17857142857142,0,central/central/central
S2,22,2,0.2,5,MQTT,0.4,0.4,84.66252022738645,0.8960000000000001,1.5505956085601913,67.3257640610524,64.0,1.3392857142857142,0,central/central/central
S2,23,2,0.2,1,BE-DL,4.0,4.0,28.065513235787176,8.96,0.5140203889338311,66.25863591545833,64.0,2.0,0,central/central/central
S2,23,2,0.2,2,YOLO,3.0,3.0,60.90172475800513,6.72,1.1154162043590683,37.02231208262428,26.0,8.035714285714285,0,edge/edge/edge
S2,23,2,0.2,3,VIDEO,6.4,6.4,84.85791950729485,14.336000000000002,1.554174349950455,48.158811364391426,44.0,3.571428571428571,0,regional/regional/regional
S2,23,2,0.2,4,CPU-OFF,1.6,1.6,36.41076077322754,3.5840000000000005,0.6668637504254128,107.01858648233274,64.0,40.17857142857142,0,central/central/central
S2,23,2,0.2,5,MQTT,0.4,0.4,132.80084564400985,0.8960000000000001,2.432249920219961,66.3765009767544,64.0,1.3392857142857142,0,central/central/central
S2,24,3,0.2,1,BE-DL,4.0,4.0,50.96674308552306,8.96,0.9334568330681879,69.42869047098023,64.0,2.0,0,central/central/central
S2,24,3,0.2,2,YOLO,3.0,3.0,64.00970992206291,6.72,1.1723390095615918,34.99989727073479,26.0,8.035714285714285,0,edge/edge/edge
S2,24,3,0.2,3,VIDEO,6.4,6.4,42.20694873881638,14.336000000000002,0.7730210391724611,49.77050817678894,44.0,3.571428571428571,0,regional/regional/regional
S2,24,3,0.2,4,CPU-OFF,1.6,1.6,99.92719513593792,3.5840000000000005,1.830168409083112,106.76598421330104,64.0,40.17857142857142,0,central/central/central
S2,24,3,0.2,5,MQTT,0.4,0.4,69.08506645977965,0.8960000000000001,1.2652942575051218,65.61798839580034,64.0,1.3392857142857142,0,central/central/central
S2,25,3,0.2,1,BE-DL,4.0,4.0,68.50444687691738,8.96,1.254660199210941,66.56514164931333,64.0,2.0,0,central/central/central
S2,25,3,0.2,2,YOLO,3.0,3.0,42.52390831290506,6.72,0.7788261595770156,35.958864738135944,26.0,8.035714285714285,0,edge/edge/edge
S2,25,3,0.2,3,VIDEO,6.4,6.4,86.15566354869169,14.336000000000002,1.577942555836844,49.188021161200055,44.0,3.571428571428571,0,regional/regional/regional
S2,25,3,0.2,4,CPU-OFF,1.6,1.6,85.16133222326624,3.5840000000000005,1.5597313594004807,106.19835084393108,64.0,40.17857142857142,0,central/central/central
S2,25,3,0.2,5,MQTT,0.4,0.4,78.90056261102333,0.8960000000000001,1.4450652492861416,67.58599728069746,64.0,1.3392857142857142,0,central/central/central
S2,26,3,0.2,1,BE-DL,4.0,4.0,27.572563342646568,8.96,0.5049920026125745,67.01077077153299,64.0,2.0,0,central/central/central
S2,26,3,0.2,2,YOLO,3.0,3.0,68.51535316817541,6.72,1.2548599481350806,35.28249002984458,26.0,8.035714285714285,0,edge/edge/edge
S2,26,3,0.2,3,VIDEO,6.4,6.4,79.63770975852006,14.336000000000002,1.4585661127934075,50.281765641703885,44.0,3.571428571428571,0,regional/regional/regional
S2,26,3,0.2,4,CPU-OFF,1.6,1.6,139.5488336023347,3.5840000000000005,2.555839443266203,106.46091483760226,64.0,40.17857142857142,0,central/central/central
S2,26,3,0.2,5,MQTT,0.4,0.4,106.70132951575249,0.8960000000000001,1.954236804317811,66.06176509450555,64.0,1.3392857142857142,0,central/central/central
S2,27,3,0.2,1,BE-DL,4.0,4.0,40.148507763846744,8.96,0.7353206550155081,68.69584512950358,64.0,2.0,0,central/central/central
S2,27,3,0.2,2,YOLO,3.0,3.0,112.3985440267614,6.72,2.0585813924315275,34.31001945294194,26.0,8.035714285714285,0,edge/edge/edge
S2,27,3,0.2,3,VIDEO,6.4,6.4,120.70210640601167,14.336000000000002,2.210661289487393,48.31391559231877,44.0,3.571428571428571,0,regional/regional/regional
S2,27,3,0.2,4,CPU-OFF,1.6,1.6,93.35721725187837,3.5840000000000005,1.709839143807296,107.3124190235356,64.0,40.17857142857142,0,central/central/central
S2,27,3,0.2,5,MQTT,0.4,0.4,121.84060439608486,0.8960000000000001,2.231512901027195,68.4172979238367,64.0,1.3392857142857142,0,central/central/central
S2,28,3,0.2,1,BE-DL,4.0,4.0,56.65953962700905,8.96,1.0377205059891768,67.45699670048145,64.0,2.0,0,central/central/central
S2,28,3,0.2,2,YOLO,3.0,3.0,63.659114225792585,6.72,1.1659178429632342,34.10902124028271,26.0,8.035714285714285,0,edge/edge/edge
S2,28,3,0.2,3,VIDEO,6.4,6.4,78.23527102705184,14.336000000000002,1.4328804217408762,48.5575894000072,44.0,3.571428571428571,0,regional/regional/regional
S2,28,3,0.2,4,CPU-OFF,1.6,1.6,105.5279617320926,3.5840000000000005,1.932746551869828,105.12595458363211,64.0,40.17857142857142,0,central/central/central
S2,28,3,0.2,5,MQTT,0.4,0.4,62.363958313445714,0.8960000000000001,1.1421970387077969,68.55624243261796,64.0,1.3392857142857142,0,central/central/central
S2,29,3,0.2,1,BE-DL,4.0,4.0,59.05278415743012,8.96,1.081552823396156,67.49647589889469,64.0,2.0,0,central/central/central
S2,29,3,0.2,2,YOLO,3.0,3.0,89.42411687697735,6.72,1.6378043384061785,35.76099085337913,26.0,8.035714285714285,0,edge/edge/edge
S2,29,3,0.2,3,VIDEO,6.4,6.4,107.39851667085978,14.336000000000002,1.9670057998325967,49.802188982419764,44.0,3.571428571428571,0,regional/regional/regional
S2,29,3,0.2,4,CPU-OFF,1.6,1.6,118.84592649056586,3.5840000000000005,2.176665320340034,106.04213890304067,64.0,40.17857142857142,0,central/central/central
S2,29,3,0.2,5,MQTT,0.4,0.4,49.71217308153588,0.8960000000000001,0.9104793604676901,66.81276018999091,64.0,1.3392857142857142,0,central/central/central
S2,30,3,0.2,1,BE-DL,4.0,4.0,85.06150714665851,8.96,1.557903061294112,67.93545437535175,64.0,2.0,0,central/central/central
S2,30,3,0.2,2,YOLO,3.0,3.0,78.88201378079658,6.72,1.4447255271208166,37.14025679922884,26.0,8.035714285714285,0,edge/edge/edge
S2,30,3,0.2,3,VIDEO,6.4,6.4,97.02836645275316,14.336000000000002,1.7770763086584827,47.62488209457134,44.0,3.571428571428571,0,regional/regional/regional
S2,30,3,0.2,4,CPU-OFF,1.6,1.6,89.67949885176745,3.5840000000000005,1.6424816639517847,104.8894123384519,64.0,40.17857142857142,0,central/central/central
S2,30,3,0.2,5,MQTT,0.4,0.4,38.3315174785589,0.8960000000000001,0.7020424446622509,68.36597364191637,64.0,1.3392857142857142,0,central/central/central
S2,31,3,0.2,1,BE-DL,4.0,4.0,146.3816661425065,8.96,2.6809828963829028,67.29081501038465,64.0,2.0,0,central/central/central
S2,31,3,0.2,2,YOLO,3.0,3.0,106.73874706559546,6.72,1.9549221074284884,35.06914428082754,26.0,8.035714285714285,0,edge/edge/edge
S2,31,3,0.2,3,VIDEO,6.4,6.4,96.35515786945666,14.336000000000002,1.7647464811255797,49.94733285936599,44.0,3.571428571428571,0,regional/regional/regional
S2,31,3,0.2,4,CPU-OFF,1.6,1.6,83.78179114626197,3.5840000000000005,1.534465039308827,105.45864412310142,64.0,40.17857142857142,0,central/central/central
S2,31,3,0.2,5,MQTT,0.4,0.4,57.73295182866678,0.8960000000000001,1.0573800701221021,66.86260719020886,64.0,1.3392857142857142,0,central/central/central
S2,32,4,0.2,1,BE-DL,4.0,4.0,114.644357093162,8.96,2.099713499874762,67.69720332952497,64.0,2.0,0,central/central/central
S2,32,4,0.2,2,YOLO,3.0,3.0,121.95269372206272,6.72,2.2335658190853978,34.51930597821606,26.0,8.035714285714285,0,edge/edge/edge
S2,32,4,0.2,3,VIDEO,6.4,6.4,40.653197321931046,14.336000000000002,0.7445640535152206,47.65866117995144,44.0,3.571428571428571,0,regional/regional/regional
S2,32,4,0.2,4,CPU-OFF,1.6,1.6,94.74251663575735,3.5840000000000005,1.7352109273948233,105.90986989802472,64.0,40.17857142857142,0,central/central/central
S2,32,4,0.2,5,MQTT,0.4,0.4,70.33434939165262,0.8960000000000001,1.288174897283015,65.60652818448436,64.0,1.3392857142857142,0,central/central/central
S2,33,4,0.2,1,BE-DL,4.0,4.0,147.39033157302413,8.96,2.6994566222165592,69.47197584279525,64.0,2.0,0,central/central/central
S2,33,4,0.2,2,YOLO,3.0,3.0,117.80988751998586,6.72,2.1576902476187887,34.603514237036265,26.0,8.035714285714285,0,edge/edge/edge
S2,33,4,0.2,3,VIDEO,6.4,6.4,40.319448319355914,14.336000000000002,0.7384514344204379,47.95689098791953,44.0,3.571428571428571,0,regional/regional/regional
S2,33,4,0.2,4,CPU-OFF,1.6,1.6,39.77311940559041,3.5840000000000005,0.7284454103587986,107.38430463924075,64.0,40.17857142857142,0,central/central/central
S2,33,4,0.2,5,MQTT,0.4,0.4,36.05363577742954,0.8960000000000001,0.6603229995866216,67.51652980762064,64.0,1.3392857142857142,0,central/central/central
S2,34,4,0.2,1,BE-DL,4.0,4.0,132.0839605759585,8.96,2.4191201570688374,69.41635222374974,64.0,2.0,0,central/central/central
S2,34,4,0.2,2,YOLO,3.0,3.0,98.76904207336602,6.72,1.8089568145305133,35.990309241936835,26.0,8.035714285714285,0,edge/edge/edge
S2,34,4,0.2,3,VIDEO,6.4,6.4,30.564414949440767,14.336000000000002,0.5597878195868272,51.02536953927618,44.0,3.571428571428571,0,regional/regional/regional
S2,34,4,0.2,4,CPU-OFF,1.6,1.6,43.73622516155944,3.5840000000000005,0.8010297648637259,105.94885166343707,64.0,40.17857142857142,0,central/central/central
S2,34,4,0.2,5,MQTT,0.4,0.4,26.72624056154088,0.8960000000000001,0.4894915853762066,66.8783767080562,64.0,1.3392857142857142,0,central/central/central
S2,35,4,0.2,1,BE-DL,4.0,4.0,125.38515691410129,8.96,2.2964314453132104,66.70185624839132,64.0,2.0,0,central/central/central
S2,35,4,0.2,2,YOLO,3.0,3.0,61.95933481302921,6.72,1.1347863518869818,35.83800178669917,26.0,8.035714285714285,0,edge/edge/edge
S2,35,4,0.2,3,VIDEO,6.4,6.4,68.65401823662445,14.336000000000002,1.2573996014033781,47.62903667963126,44.0,3.571428571428571,0,regional/regional/regional
S2,35,4,0.2,4,CPU-OFF,1.6,1.6,39.91192146860295,3.5840000000000005,0.7309875726850357,107.24338090904254,64.0,40.17857142857142,0,central/central/central
S2,35,4,0.2,5,MQTT,0.4,0.4,67.77542088851669,0.8960000000000001,1.241308074881258,67.237846315973,64.0,1.3392857142857142,0,central/central/central
S2,36,4,0.2,1,BE-DL,4.0,4.0,42.3707287870586,8.96,0.7760206737556521,68.5805689885054,64.0,2.0,0,central/central/central
S2,36,4,0.2,2,YOLO,3.0,3.0,29.23109961430673,6.72,0.5353681248041525,35.545346374045266,26.0,8.035714285714285,0,edge/edge/edge
S2,36,4,0.2,3,VIDEO,6.4,6.4,25.45130279977991,14.336000000000002,0.46614107691904594,49.64139605855037,44.0,3.571428571428571,0,regional/regional/regional
S2,36,4,0.2,4,CPU-OFF,1.6,1.6,81.6502373205562,3.5840000000000005,1.4954255919515786,104.21438308611977,64.0,40.17857142857142,0,central/central/central
S2,36,4,0.2,5,MQTT,0.4,0.4,68.65092314139183,0.8960000000000001,1.257342914677506,65.71885834483021,64.0,1.3392857142857142,0,central/central/central
S2,37,4,0.2,1,BE-DL,4.0,4.0,94.92781975846826,8.96,1.7386047574811037,68.64582091324942,64.0,2.0,0,central/central/central
S2,37,4,0.2,2,YOLO,3.0,3.0,77.75603587120858,6.72,1.4241032210844062,34.633268503773174,26.0,8.035714285714285,0,edge/edge/edge
S2,37,4,0.2,3,VIDEO,6.4,6.4,40.588290174888506,14.336000000000002,0.7433752779283609,47.977795147764255,44.0,3.571428571428571,0,regional/regional/regional
S2,37,4,0.2,4,CPU-OFF,1.6,1.6,88.56467712252984,3.5840000000000005,1.6220636835628175,106.61969519515165,64.0,40.17857142857142,0,central/central/central
S2,37,4,0.2,5,MQTT,0.4,0.4,73.48878659331523,0.8960000000000001,1.3459484724050408,68.44739813424009,64.0,1.3392857142857142,0,central/central/central
S2,38,4,0.2,1,BE-DL,4.0,4.0,82.98942085851043,8.96,1.5199527629763814,67.82732237306772,64.0,2.0,0,central/central/central
S2,38,4,0.2,2,YOLO,3.0,3.0,71.55269904303742,6.72,1.3104889934622237,36.74635499112846,26.0,8.035714285714285,0,edge/edge/edge
S2,38,4,0.2,3,VIDEO,6.4,6.4,76.83498893569606,14.336000000000002,1.407234229591503,49.031549591786884,44.0,3.571428571428571,0,regional/regional/regional
S2,38,4,0.2,4,CPU-OFF,1.6,1.6,92.39719938152366,3.5840000000000005,1.6922563989290047,105.41496624072947,64.0,40.17857142857142,0,central/central/central
S2,38,4,0.2,5,MQTT,0.4,0.4,70.02226406684152,0.8960000000000001,1.2824590488432512,68.5271630368666,64.0,1.3392857142857142,0,central/central/central
S2,39,4,0.2,1,BE-DL,4.0,4.0,76.17312145934153,8.96,1.3951121146399548,67.73957915495146,64.0,2.0,0,central/central/central
S2,39,4,0.2,2,YOLO,3.0,3.0,37.889155648934086,6.72,0.6939405796508074,34.4284595199534,26.0,8.035714285714285,0,edge/edge/edge
S2,39,4,0.2,3,VIDEO,6.4,6.4,60.650321296954665,14.336000000000002,1.11081174536547,48.01549484410153,44.0,3.571428571428571,0,regional/regional/regional
S2,39,4,0.2,4,CPU-OFF,1.6,1.6,53.324377673437716,3.5840000000000005,0.9766369537259655,105.96400048071592,64.0,40.17857142857142,0,central/central/central
S2,39,4,0.2,5,MQTT,0.4,0.4,123.51572488263636,0.8960000000000001,2.2621927634182484,67.81615835693701,64.0,1.3392857142857142,0,central/central/central
S2,40,5,0.2,1,BE-DL,4.0,4.0,72.08098426406565,8.96,1.3201645469609093,67.86674749177389,64.0,2.0,0,central/central/central
S2,40,5,0.2,2,YOLO,3.0,3.0,21.287726222096687,6.72,0.38988509564279644,34.699198757267006,26.0,8.035714285714285,0,edge/edge/edge
S2,40,5,0.2,3,VIDEO,6.4,6.4,21.136856123945673,14.336000000000002,0.387121907031972,48.69184845773995,44.0,3.571428571428571,0,regional/regional/regional
S2,40,5,0.2,4,CPU-OFF,1.6,1.6,78.68707889635125,3.5840000000000005,1.4411552911419643,106.1611434087062,64.0,40.17857142857142,0,central/central/central
S2,40,5,0.2,5,MQTT,0.4,0.4,142.56515451095248,0.8960000000000001,2.611083415951511,66.7107011173735,64.0,1.3392857142857142,0,central/central/central
S2,41,5,0.2,1,BE-DL,4.0,4.0,27.572563342646543,8.96,0.504992002612574,66.64055395191234,64.0,2.0,0,central/central/central
S2,41,5,0.2,2,YOLO,3.0,3.0,27.31677341531162,6.72,0.5003072054086377,36.98234882884602,26.0,8.035714285714285,0,edge/edge/edge
S2,41,5,0.2,3,VIDEO,6.4,6.4,22.298558732385608,14.336000000000002,0.40839851158215396,49.3630135672071,44.0,3.571428571428571,0,regional/regional/regional
S2,41,5,0.2,4,CPU-OFF,1.6,1.6,56.458688403997975,3.5840000000000005,1.034041912161135,107.27648339965944,64.0,40.17857142857142,0,central/central/central
S2,41,5,0.2,5,MQTT,0.4,0.4,50.37169362926388,0.8960000000000001,0.9225584913784594,68.3398392173888,64.0,1.3392857142857142,0,central/central/central
S2,42,5,0.2,1,BE-DL,4.0,4.0,40.148507763846744,8.96,0.7353206550155081,66.34130302372374,64.0,2.0,0,central/central/central
S2,42,5,0.2,2,YOLO,3.0,3.0,14.29434918691484,6.72,0.26180126715961244,34.33446085175698,26.0,8.035714285714285,0,edge/edge/edge
S2,42,5,0.2,3,VIDEO,6.4,6.4,13.318147672934511,14.336000000000002,0.24392211855191412,50.516631525841454,44.0,3.571428571428571,0,regional/regional/regional
S2,42,5,0.2,4,CPU-OFF,1.6,1.6,86.25988494618001,3.5840000000000005,1.5798513726406593,107.07206909912728,64.0,40.17857142857142,0,central/central/central
S2,42,5,0.2,5,MQTT,0.4,0.4,121.84060439608486,0.8960000000000001,2.231512901027195,66.68079848503668,64.0,1.3392857142857142,0,central/central/central
S2,43,5,0.2,1,BE-DL,4.0,4.0,71.89900200944592,8.96,1.3168315386345406,68.61678731915804,64.0,2.0,0,central/central/central
S2,43,5,0.2,2,YOLO,3.0,3.0,37.134483298378974,6.72,0.6801187417285527,35.138862147679774,26.0,8.035714285714285,0,edge/edge/edge
S2,43,5,0.2,3,VIDEO,6.4,6.4,33.6897263650284,14.336000000000002,0.6170279554034505,49.23055534933678,44.0,3.571428571428571,0,regional/regional/regional
S2,43,5,0.2,4,CPU-OFF,1.6,1.6,119.45550998099826,3.5840000000000005,2.187829853131836,107.30391858606735,64.0,40.17857142857142,0,central/central/central
S2,43,5,0.2,5,MQTT,0.4,0.4,86.93157825510619,0.8960000000000001,1.5921534478957178,68.19753996113747,64.0,1.3392857142857142,0,central/central/central
S2,44,5,0.2,1,BE-DL,4.0,4.0,76.50019765848893,8.96,1.401102521217746,68.3883298069554,64.0,2.0,0,central/central/central
S2,44,5,0.2,2,YOLO,3.0,3.0,21.231690907633205,6.72,0.38885880783210997,36.52600121356083,26.0,8.035714285714285,0,edge/edge/edge
S2,44,5,0.2,3,VIDEO,6.4,6.4,38.00926183904743,14.336000000000002,0.6961403267224805,48.97732596266611,44.0,3.571428571428571,0,regional/regional/regional
S2,44,5,0.2,4,CPU-OFF,1.6,1.6,131.93912178189947,3.5840000000000005,2.416467431902921,107.07339975311817,64.0,40.17857142857142,0,central/central/central
S2,44,5,0.2,5,MQTT,0.4,0.4,60.57365627582111,0.8960000000000001,1.1094076240992876,66.96801672405074,64.0,1.3392857142857142,0,central/central/central
S2,45,5,0.2,1,BE-DL,4.0,4.0,78.59484286065526,8.96,1.4394659864588877,69.15092896003502,64.0,2.0,0,central/central/central
S2,45,5,0.2,2,YOLO,3.0,3.0,37.928648281359585,6.72,0.6946638879369887,37.21495139940441,26.0,8.035714285714285,0,edge/edge/edge
S2,45,5,0.2,3,VIDEO,6.4,6.4,40.60426204816299,14.336000000000002,0.7436678030799082,48.08609148222467,44.0,3.571428571428571,0,regional/regional/regional
S2,45,5,0.2,4,CPU-OFF,1.6,1.6,125.18711768647727,3.5840000000000005,2.2928043532321842,106.44774078243918,64.0,40.17857142857142,0,central/central/central
S2,45,5,0.2,5,MQTT,0.4,0.4,99.44497459060092,0.8960000000000001,1.8213365309633869,67.93318660457524,64.0,1.3392857142857142,0,central/central/central
S2,46,5,0.2,1,BE-DL,4.0,4.0,125.62208439866012,8.96,2.3007707765322367,66.5627527658484,64.0,2.0,0,central/central/central
S2,46,5,0.2,2,YOLO,3.0,3.0,99.69507340136838,6.72,1.825917095263157,36.77668443818431,26.0,8.035714285714285,0,edge/edge/edge
S2,46,5,0.2,3,VIDEO,6.4,6.4,115.43054445275018,14.336000000000002,2.1141125357646553,48.0950480895051,44.0,3.571428571428571,0,regional/regional/regional
S2,46,5,0.2,4,CPU-OFF,1.6,1.6,73.4088074805343,3.5840000000000005,1.3444836534896392,106.72726082812908,64.0,40.17857142857142,0,central/central/central
S2,46,5,0.2,5,MQTT,0.4,0.4,61.81191038177911,0.8960000000000001,1.132086270728555,65.60902542198968,64.0,1.3392857142857142,0,central/central/central
S2,47,5,0.2,1,BE-DL,4.0,4.0,72.06216731570184,8.96,1.3198199142069933,68.31130435022888,64.0,2.0,0,central/central/central
S2,47,5,0.2,2,YOLO,3.0,3.0,108.51722746454732,6.72,1.9874950085081926,35.06091985149727,26.0,8.035714285714285,0,edge/edge/edge
S2,47,5,0.2,3,VIDEO,6.4,6.4,74.74942733387323,14.336000000000002,1.3690371306570188,49.20837886642752,44.0,3.571428571428571,0,regional/regional/regional
S2,47,5,0.2,4,CPU-OFF,1.6,1.6,63.3913565853794,3.5840000000000005,1.1610138568750805,105.18114194853808,64.0,40.17857142857142,0,central/central/central
S2,47,5,0.2,5,MQTT,0.4,0.4,26.26945579688229,0.8960000000000001,0.4811255640454632,67.14449622853498,64.0,1.3392857142857142,0,central/central/central
S2,48,6,0.2,1,BE-DL,4.0,4.0,105.58507389049366,8.96,1.9337925620969534,68.73880378201764,64.0,2.0,0,central/central/central
S2,48,6,0.2,2,YOLO,3.0,3.0,99.35773646263873,6.72,1.8197387630519912,37.33329399652201,26.0,8.035714285714285,0,edge/edge/edge
S2,48,6,0.2,3,VIDEO,6.4,6.4,50.209124322216766,14.336000000000002,0.9195810315424316,48.90386191145162,44.0,3.571428571428571,0,regional/regional/regional
S2,48,6,0.2,4,CPU-OFF,1.6,1.6,35.856069767161046,3.5840000000000005,0.656704574490129,107.23453084571698,64.0,40.17857142857142,0,central/central/central
S2,48,6,0.2,5,MQTT,0.4,0.4,39.6043726342976,0.8960000000000001,0.7253548101519707,65.66718493969582,64.0,1.3392857142857142,0,central/central/central
S2,49,6,0.2,1,BE-DL,4.0,4.0,118.97639196918408,8.96,2.1790547979704042,67.30847200543722,64.0,2.0,0,central/central/central
S2,49,6,0.2,2,YOLO,3.0,3.0,60.68436907050038,6.72,1.1114353309615455,34.362976377425355,26.0,8.035714285714285,0,edge/edge/edge
S2,49,6,0.2,3,VIDEO,6.4,6.4,90.37864635587333,14.336000000000002,1.6552865632943834,50.49442464115502,44.0,3.571428571428571,0,regional/regional/regional
S2,49,6,0.2,4,CPU-OFF,1.6,1.6,47.33477533308015,3.5840000000000005,0.8669372771626401,105.8793368530636,64.0,40.17857142857142,0,central/central/central
S2,49,6,0.2,5,MQTT,0.4,0.4,37.93401886154186,0.8960000000000001,0.6947622502113894,68.70769076718635,64.0,1.3392857142857142,0,central/central/central
S2,50,6,0.2,1,BE-DL,4.0,4.0,119.4578585872528,8.96,2.187872867898403,66.82701739292362,64.0,2.0,0,central/central/central
S2,50,6,0.2,2,YOLO,3.0,3.0,43.11789966520746,6.72,0.7897051220733967,36.335645328765835,26.0,8.035714285714285,0,edge/edge/edge
S2,50,6,0.2,3,VIDEO,6.4,6.4,38.39970511540012,14.336000000000002,0.7032913024798556,47.67708821383678,44.0,3.571428571428571,0,regional/regional/regional
S2,50,6,0.2,4,CPU-OFF,1.6,1.6,72.11671327430328,3.5840000000000005,1.320818924437789,106.01771546546749,64.0,40.17857142857142,0,central/central/central
S2,50,6,0.2,5,MQTT,0.4,0.4,42.60169312992482,0.8960000000000001,0.780250789925363,66.9969038725172,64.0,1.3392857142857142,0,central/central/central
S2,51,6,0.2,1,BE-DL,4.0,4.0,63.15636932410622,8.96,1.1567100608810663,67.06721713930519,64.0,2.0,0,central/central/central
S2,51,6,0.2,2,YOLO,3.0,3.0,33.3171673023281,6.72,0.6102045293466685,34.90598298279057,26.0,8.035714285714285,0,edge/edge/edge
S2,51,6,0.2,3,VIDEO,6.4,6.4,25.45130279977991,14.336000000000002,0.46614107691904594,50.827456692624345,44.0,3.571428571428571,0,regional/regional/regional
S2,51,6,0.2,4,CPU-OFF,1.6,1.6,35.33228451325886,3.5840000000000005,0.6471114379717741,106.27261038603817,64.0,40.17857142857142,0,central/central/central
S2,51,6,0.2,5,MQTT,0.4,0.4,63.80058618031522,0.8960000000000001,1.1685089044013777,65.87883697458535,64.0,1.3392857142857142,0,central/central/central
S2,52,6,0.2,1,BE-DL,4.0,4.0,68.00283815424818,8.96,1.2454732262682817,67.32977226962593,64.0,2.0,0,central/central/central
S2,52,6,0.2,2,YOLO,3.0,3.0,66.72881623856446,6.72,1.2221394915487998,36.270624771567654,26.0,8.035714285714285,0,edge/edge/edge
S2,52,6,0.2,3,VIDEO,6.4,6.4,26.032489560445743,14.336000000000002,0.47678552308508687,49.95820820293619,44.0,3.571428571428571,0,regional/regional/regional
S2,52,6,0.2,4,CPU-OFF,1.6,1.6,53.40923276854859,3.5840000000000005,0.9781910763470437,105.17094136069178,64.0,40.17857142857142,0,central/central/central
S2,52,6,0.2,5,MQTT,0.4,0.4,62.31505295924389,0.8960000000000001,1.141301336249888,68.24798762093211,64.0,1.3392857142857142,0,central/central/central
S2,53,6,0.2,1,BE-DL,4.0,4.0,59.45060330591474,8.96,1.0888388883867168,66.76302075516193,64.0,2.0,0,central/central/central
S2,53,6,0.2,2,YOLO,3.0,3.0,53.80107523465026,6.72,0.9853676782902978,34.92458319602891,26.0,8.035714285714285,0,edge/edge/edge
S2,53,6,0.2,3,VIDEO,6.4,6.4,64.80059307829788,14.336000000000002,1.1868240490530746,48.95524825475544,44.0,3.571428571428571,0,regional/regional/regional
S2,53,6,0.2,4,CPU-OFF,1.6,1.6,87.30752314440592,3.5840000000000005,1.59903888542868,104.2971258722074,64.0,40.17857142857142,0,central/central/central
S2,53,6,0.2,5,MQTT,0.4,0.4,101.41155485542575,0.8960000000000001,1.857354484531607,65.53084471583824,64.0,1.3392857142857142,0,central/central/central
S2,54,6,0.2,1,BE-DL,4.0,4.0,43.76492069300351,8.96,0.8015553240476834,66.26189254893977,64.0,2.0,0,central/central/central
S2,54,6,0.2,2,YOLO,3.0,3.0,60.27820216875875,6.72,1.1039963767171932,36.62617366058454,26.0,8.035714285714285,0,edge/edge/edge
S2,54,6,0.2,3,VIDEO,6.4,6.4,46.81779187835097,14.336000000000002,0.8574687157207137,48.321054476850456,44.0,3.571428571428571,0,regional/regional/regional
S2,54,6,0.2,4,CPU-OFF,1.6,1.6,64.97508203906277,3.5840000000000005,1.190019817565252,107.22200187309564,64.0,40.17857142857142,0,central/central/central
S2,54,6,0.2,5,MQTT,0.4,0.4,116.71189257977927,0.8960000000000001,2.1375804501791076,68.51214856288695,64.0,1.3392857142857142,0,central/central/central
S2,55,6,0.2,1,BE-DL,4.0,4.0,61.35137210262078,8.96,1.1236515037110033,66.08976763994787,64.0,2.0,0,central/central/central
S2,55,6,0.2,2,YOLO,3.0,3.0,50.899829647265136,6.72,0.9322313122209731,36.699610390660695,26.0,8.035714285714285,0,edge/edge/edge
S2,55,6,0.2,3,VIDEO,6.4,6.4,91.48910938742033,14.336000000000002,1.6756247140553173,49.5412900698178,44.0,3.571428571428571,0,regional/regional/regional
S2,55,6,0.2,4,CPU-OFF,1.6,1.6,85.1613322232663,3.5840000000000005,1.5597313594004816,104.46659080150476,64.0,40.17857142857142,0,central/central/central
S2,55,6,0.2,5,MQTT,0.4,0.4,85.97440615545993,0.8960000000000001,1.5746228233600719,67.33686586844505,64.0,1.3392857142857142,0,central/central/central
S2,56,7,0.2,1,BE-DL,4.0,4.0,54.55216833383836,8.96,0.9991239621582118,68.80930518836307,64.0,2.0,0,central/central/central
S2,56,7,0.2,2,YOLO,3.0,3.0,34.63004263391472,6.72,0.6342498650900131,35.052834962903134,26.0,8.035714285714285,0,edge/edge/edge
S2,56,7,0.2,3,VIDEO,6.4,6.4,49.36606569826386,14.336000000000002,0.9041403974041,48.38358787784851,44.0,3.571428571428571,0,regional/regional/regional
S2,56,7,0.2,4,CPU-OFF,1.6,1.6,91.07958223663829,3.5840000000000005,1.668124216788247,105.33739931106852,64.0,40.17857142857142,0,central/central/central
S2,56,7,0.2,5,MQTT,0.4,0.4,134.86614745899683,0.8960000000000001,2.470075960787488,65.54646697777208,64.0,1.3392857142857142,0,central/central/central
S2,57,7,0.2,1,BE-DL,4.0,4.0,70.85030781855308,8.96,1.2976246853214848,68.10747659563458,64.0,2.0,0,central/central/central
S2,57,7,0.2,2,YOLO,3.0,3.0,39.89719310873589,6.72,0.7307178225043204,34.29677027049116,26.0,8.035714285714285,0,edge/edge/edge
S2,57,7,0.2,3,VIDEO,6.4,6.4,133.99979609480957,14.336000000000002,2.4542087196851567,47.86412535152929,44.0,3.571428571428571,0,regional/regional/regional
S2,57,7,0.2,4,CPU-OFF,1.6,1.6,64.96788802908493,3.5840000000000005,1.1898880591407497,107.44085985859525,64.0,40.17857142857142,0,central/central/central
S2,57,7,0.2,5,MQTT,0.4,0.4,135.26372182955183,0.8960000000000001,2.4773575426657843,65.77678416958616,64.0,1.3392857142857142,0,central/central/central
S2,58,7,0.2,1,BE-DL,4.0,4.0,56.659539627009075,8.96,1.0377205059891772,67.44043963979877,64.0,2.0,0,central/central/central
S2,58,7,0.2,2,YOLO,3.0,3.0,57.389656006585724,6.72,1.0510926008532184,35.470796293794486,26.0,8.035714285714285,0,edge/edge/edge
S2,58,7,0.2,3,VIDEO,6.4,6.4,141.36304144198337,14.336000000000002,2.5890666930766186,50.02165976731979,44.0,3.571428571428571,0,regional/regional/regional
S2,58,7,0.2,4,CPU-OFF,1.6,1.6,126.41928410545103,3.5840000000000005,2.3153715037628393,105.8317343336888,64.0,40.17857142857142,0,central/central/central
S2,58,7,0.2,5,MQTT,0.4,0.4,43.93824335720038,0.8960000000000001,0.8047297318168567,68.18200326722757,64.0,1.3392857142857142,0,central/central/central
S2,59,7,0.2,1,BE-DL,4.0,4.0,64.86858865778306,8.96,1.188069389336686,66.68101910665528,64.0,2.0,0,central/central/central
S2,59,7,0.2,2,YOLO,3.0,3.0,55.4324935026877,6.72,1.0152471337488589,36.67826066742747,26.0,8.035714285714285,0,edge/edge/edge
S2,59,7,0.2,3,VIDEO,6.4,6.4,100.31130491085382,14.336000000000002,1.8372033866456743,48.339706541728084,44.0,3.571428571428571,0,regional/regional/regional
S2,59,7,0.2,4,CPU-OFF,1.6,1.6,118.84592649056587,3.5840000000000005,2.1766653203400343,106.3097487666395,64.0,40.17857142857142,0,central/central/central
S2,59,7,0.2,5,MQTT,0.4,0.4,60.573656275821044,0.8960000000000001,1.1094076240992865,67.44420034123675,64.0,1.3392857142857142,0,central/central/central
S2,60,7,0.2,1,BE-DL,4.0,4.0,78.59484286065519,8.96,1.4394659864588863,68.31543570026935,64.0,2.0,0,central/central/central
S2,60,7,0.2,2,YOLO,3.0,3.0,149.6038192394418,6.72,2.7399966893670658,35.19386248320615,26.0,8.035714285714285,0,edge/edge/edge
S2,60,7,0.2,3,VIDEO,6.4,6.4,76.4625713893979,14.336000000000002,1.4004133954102178,48.02146862296373,44.0,3.571428571428571,0,regional/regional/regional
S2,60,7,0.2,4,CPU-OFF,1.6,1.6,48.253943544605846,3.5840000000000005,0.8837718597913159,107.31236153890192,64.0,40.17857142857142,0,central/central/central
S2,60,7,0.2,5,MQTT,0.4,0.4,94.74393942813629,0.8960000000000001,1.7352369858633019,67.89945309325903,64.0,1.3392857142857142,0,central/central/central
S2,61,7,0.2,1,BE-DL,4.0,4.0,70.26319974840312,8.96,1.2868717902637934,68.94844300311206,64.0,2.0,0,central/central/central
S2,61,7,0.2,2,YOLO,3.0,3.0,106.73874706559549,6.72,1.9549221074284888,36.03058111254778,26.0,8.035714285714285,0,edge/edge/edge
S2,61,7,0.2,3,VIDEO,6.4,6.4,64.56284689730094,14.336000000000002,1.1824697233937902,50.824953759234766,44.0,3.571428571428571,0,regional/regional/regional
S2,61,7,0.2,4,CPU-OFF,1.6,1.6,104.52775847771731,3.5840000000000005,1.9144278109472035,105.98870680849753,64.0,40.17857142857142,0,central/central/central
S2,61,7,0.2,5,MQTT,0.4,0.4,33.25920050999283,0.8960000000000001,0.6091428664833851,66.14735998150232,64.0,1.3392857142857142,0,central/central/central
S2,62,7,0.2,1,BE-DL,4.0,4.0,135.9354519818921,8.96,2.4896602927086464,66.0150506676267,64.0,2.0,0,central/central/central
S2,62,7,0.2,2,YOLO,3.0,3.0,61.49309556324351,6.72,1.1262471714879763,35.419445605875886,26.0,8.035714285714285,0,edge/edge/edge
S2,62,7,0.2,3,VIDEO,6.4,6.4,69.06672233188287,14.336000000000002,1.2649582844667193,48.98482815045078,44.0,3.571428571428571,0,regional/regional/regional
S2,62,7,0.2,4,CPU-OFF,1.6,1.6,58.9126194353255,3.5840000000000005,1.0789857039436905,106.52711101498069,64.0,40.17857142857142,0,central/central/central
S2,62,7,0.2,5,MQTT,0.4,0.4,37.28567919557489,0.8960000000000001,0.6828878973548514,66.02165245255827,64.0,1.3392857142857142,0,central/central/central
S2,63,7,0.2,1,BE-DL,4.0,4.0,119.52015978467051,8.96,2.189013915470156,68.8938279329312,64.0,2.0,0,central/central/central
S2,63,7,0.2,2,YOLO,3.0,3.0,105.50845348175447,6.72,1.932389257907591,36.93239346697872,26.0,8.035714285714285,0,edge/edge/edge
S2,63,7,0.2,3,VIDEO,6.4,6.4,99.65750433652119,14.336000000000002,1.8252290171524026,50.66850891127934,44.0,3.571428571428571,0,regional/regional/regional
S2,63,7,0.2,4,CPU-OFF,1.6,1.6,78.94361578988399,3.5840000000000005,1.4458537690454945,105.08447320043673,64.0,40.17857142857142,0,central/central/central
S2,63,7,0.2,5,MQTT,0.4,0.4,39.6043726342976,0.8960000000000001,0.7253548101519707,68.27881592421357,64.0,1.3392857142857142,0,central/central/central
S2,64,8,1.0,1,BE-DL,20.0,20.0,53.43854893531149,22.400000000000002,0.9787280024782323,67.69445818708026,64.0,2.0,0,central/central/central
S2,64,8,1.0,2,YOLO,15.0,15.0,15.46823641962548,16.8,0.283301033326474,42.3346090634912,26.0,16.07142857142857,0,edge/edge/edge
S2,64,8,1.0,3,VIDEO,32.0,12.146890070229379,12.146890070229379,35.84,0.22247051410676516,54.4918047243839,44.0,7.142857142857142,1,regional/regional/regional
S2,64,8,1.0,4,CPU-OFF,8.0,8.0,43.73622516155944,8.96,0.8010297648637259,144.40263099789,64.0,80.35714285714285,0,central/central/central
S2,64,8,1.0,5,MQTT,2.0,2.0,30.46216666154119,2.24,0.5579151403212672,68.41665793374851,64.0,2.6785714285714284,0,central/central/central
S2,65,8,1.0,1,BE-DL,20.0,20.0,54.257576991920224,22.400000000000002,0.9937285163355352,68.08985639912483,64.0,2.0,0,central/central/central
S2,65,8,1.0,2,YOLO,15.0,15.0,21.30531512869078,16.8,0.3902072367892084,43.93021742619507,26.0,16.07142857142857,0,edge/edge/edge
S2,65,8,1.0,3,VIDEO,32.0,20.282026065497707,20.282026065497707,35.84,0.3714656788552693,53.79423511872908,44.0,7.142857142857142,1,regional/regional/regional
S2,65,8,1.0,4,CPU-OFF,8.0,8.0,25.598680666069477,8.96,0.4688403052393677,146.80222445321894,64.0,80.35714285714285,0,central/central/central
S2,65,8,1.0,5,MQTT,2.0,2.0,34.21045054372747,2.24,0.6265650282733968,69.56611856589095,64.0,2.6785714285714284,0,central/central/central
S2,66,8,1.0,1,BE-DL,20.0,20.0,42.37072878705861,22.400000000000002,0.7760206737556522,66.37599923595485,64.0,2.0,0,central/central/central
S2,66,8,1.0,2,YOLO,15.0,15.0,20.769796371111717,16.8,0.380399200936112,42.644790846843684,26.0,16.07142857142857,0,edge/edge/edge
S2,66,8,1.0,3,VIDEO,32.0,16.091791447602784,16.091791447602784,35.84,0.29472145508430003,54.19208365356658,44.0,7.142857142857142,1,regional/regional/regional
S2,66,8,1.0,4,CPU-OFF,8.0,8.0,58.491260916907514,8.96,1.071268514961676,145.28989504790616,64.0,80.35714285714285,0,central/central/central
S2,66,8,1.0,5,MQTT,2.0,2.0,49.249575297085435,2.24,0.9020068735729933,69.80767877301068,64.0,2.6785714285714284,0,central/central/central
S2,67,8,1.0,1,BE-DL,20.0,20.0,54.54034735213821,22.400000000000002,0.998907460661872,67.01499119079271,64.0,2.0,0,central/central/central
S2,67,8,1.0,2,YOLO,15.0,15.0,21.77169004393842,16.8,0.39874890190363405,43.41770558502372,26.0,16.07142857142857,0,edge/edge/edge
S2,67,8,1.0,3,VIDEO,32.0,11.364721248968776,11.364721248968776,35.84,0.20814507781994093,51.50573751922159,44.0,7.142857142857142,1,regional/regional/regional
S2,67,8,1.0,4,CPU-OFF,8.0,8.0,49.01480222430085,8.96,0.8977070004450706,145.86130738269208,64.0,80.35714285714285,0,central/central/central
S2,67,8,1.0,5,MQTT,2.0,2.0,39.96758569110121,2.24,0.7320070639395826,69.47137160607745,64.0,2.6785714285714284,0,central/central/central
S2,68,8,1.0,1,BE-DL,20.0,20.0,39.83492201208501,22.400000000000002,0.7295773262286631,66.75361834501996,64.0,2.0,0,central/central/central
S2,68,8,1.0,2,YOLO,15.0,13.076119199162719,13.076119199162719,16.8,0.2394893626220278,43.97512987342971,26.0,16.07142857142857,1,edge/edge/edge
S2,68,8,1.0,3,VIDEO,32.0,12.528114661804258,12.528114661804258,35.84,0.22945264948359445,54.60000414300661,44.0,7.142857142857142,1,regional/regional/regional
S2,68,8,1.0,4,CPU-OFF,8.0,8.0,72.03849443305242,8.96,1.3193863449277,146.09217837438163,64.0,80.35714285714285,0,central/central/central
S2,68,8,1.0,5,MQTT,2.0,2.0,51.18868959369109,2.24,0.9375217874302396,68.7485390018772,64.0,2.6785714285714284,0,central/central/central
S2,69,8,1.0,1,BE-DL,20.0,20.0,76.17312145934154,22.400000000000002,1.395112114639955,68.50647433510451,64.0,2.0,0,central/central/central
S2,69,8,1.0,2,YOLO,15.0,15.0,21.057185290953058,16.8,0.3856627342665395,45.263686293889755,26.0,16.07142857142857,0,edge/edge/edge
S2,69,8,1.0,3,VIDEO,32.0,19.564162121286664,19.564162121286664,35.84,0.3583179875693528,54.385874482883416,44.0,7.142857142857142,1,regional/regional/regional
S2,69,8,1.0,4,CPU-OFF,8.0,8.0,88.27649077031285,8.96,1.616785545243825,146.41048348395785,64.0,80.35714285714285,0,central/central/central
S2,69,8,1.0,5,MQTT,2.0,2.0,55.47740185406546,2.24,1.01606963102684,67.91236093317102,64.0,2.6785714285714284,0,central/central/central
S2,70,8,1.0,1,BE-DL,20.0,20.0,75.65752165121394,22.400000000000002,1.385668894710878,66.99034294172309,64.0,2.0,0,central/central/central
S2,70,8,1.0,2,YOLO,15.0,15.0,71.83963298316526,16.8,1.3157441938308656,45.346331516871466,26.0,16.07142857142857,0,edge/edge/edge
S2,70,8,1.0,3,VIDEO,32.0,32.0,70.15532603250598,35.84,1.2848960811814283,53.69886896266764,44.0,7.142857142857142,0,regional/regional/regional
S2,70,8,1.0,4,CPU-OFF,8.0,8.0,136.95535883858605,8.96,2.508339905468609,147.40857276864753,64.0,80.35714285714285,0,central/central/central
S2,70,8,1.0,5,MQTT,2.0,2.0,85.97440615545989,2.24,1.5746228233600712,67.26475495715694,64.0,2.6785714285714284,0,central/central/central
S2,71,8,1.0,1,BE-DL,20.0,20.0,81.53177332503016,22.400000000000002,1.493255921703849,66.58281082331223,64.0,2.0,0,central/central/central
S2,71,8,1.0,2,YOLO,15.0,15.0,83.03762911142991,16.8,1.5208356980115367,43.961851414106036,26.0,16.07142857142857,0,edge/edge/edge
S2,71,8,1.0,3,VIDEO,32.0,32.0,128.07234025492983,35.84,2.345647257416297,51.53322410427896,44.0,7.142857142857142,0,regional/regional/regional
S2,71,8,1.0,4,CPU-OFF,8.0,8.0,63.38286717052605,8.96,1.1608583730865576,146.893200151405,64.0,80.35714285714285,0,central/central/central
S2,71,8,1.0,5,MQTT,2.0,2.0,127.82494297318578,2.24,2.3411161716700692,68.76170366638034,64.0,2.6785714285714284,0,central/central/central
S2,72,9,1.0,1,BE-DL,20.0,20.0,57.69239350939322,22.400000000000002,1.0566372437617806,66.32100374181705,64.0,2.0,0,central/central/central
S2,72,9,1.0,2,YOLO,15.0,15.0,84.51340905828998,16.8,1.5478646347672158,44.73891537285878,26.0,16.07142857142857,0,edge/edge/edge
S2,72,9,1.0,3,VIDEO,32.0,32.0,74.16019249521904,35.84,1.3582452837952204,53.037986980194816,44.0,7.142857142857142,0,regional/regional/regional
S2,72,9,1.0,4,CPU-OFF,8.0,8.0,135.9412110860685,8.96,2.4897657708071153,145.01787512096925,64.0,80.35714285714285,0,central/central/central
S2,72,9,1.0,5,MQTT,2.0,2.0,54.72501722874998,2.24,1.0022896928342486,67.89369890518775,64.0,2.6785714285714284,0,central/central/central
S2,73,9,1.0,1,BE-DL,20.0,20.0,92.21828518602845,22.400000000000002,1.6889795821616933,69.08666003940895,64.0,2.0,0,central/central/central
S2,73,9,1.0,2,YOLO,15.0,15.0,132.62315463706776,16.8,2.428995506173402,42.42878614282564,26.0,16.07142857142857,0,edge/edge/edge
S2,73,9,1.0,3,VIDEO,32.0,32.0,99.27786116536231,35.84,1.818275845519456,52.69039773863892,44.0,7.142857142857142,0,regional/regional/regional
S2,73,9,1.0,4,CPU-OFF,8.0,8.0,91.600413483187,8.96,1.6776632506078204,147.30949503494318,64.0,80.35714285714285,0,central/central/central
S2,73,9,1.0,5,MQTT,2.0,2.0,117.64110318218165,2.24,2.1545989593806163,68.78684448310273,64.0,2.6785714285714284,0,central/central/central
S2,74,9,1.0,1,BE-DL,20.0,20.0,123.02663366131269,22.400000000000002,2.2532350487419905,67.7599839974633,64.0,2.0,0,central/central/central
S2,74,9,1.0,2,YOLO,15.0,15.0,130.21406492612493,16.8,2.384872983994962,43.874470514117014,26.0,16.07142857142857,0,edge/edge/edge
S2,74,9,1.0,3,VIDEO,32.0,32.0,79.04966963083588,35.84,1.4477961470849061,54.27212984960323,44.0,7.142857142857142,0,regional/regional/regional
S2,74,9,1.0,4,CPU-OFF,8.0,8.0,99.20613355356556,8.96,1.8169621529957063,145.60227581556396,64.0,80.35714285714285,0,central/central/central
S2,74,9,1.0,5,MQTT,2.0,2.0,66.00439787296355,2.24,1.2088717559150834,67.5010350984077,64.0,2.6785714285714284,0,central/central/central
S2,75,9,1.0,1,BE-DL,20.0,20.0,65.66151428864875,22.400000000000002,1.2025918367884385,67.69522730365992,64.0,2.0,0,central/central/central
S2,75,9,1.0,2,YOLO,15.0,15.0,100.09855541839016,16.8,1.8333068757946915,45.489481268347554,26.0,16.07142857142857,0,edge/edge/edge
S2,75,9,1.0,3,VIDEO,32.0,32.0,124.44942653722684,35.84,2.279293526322836,53.50411602938868,44.0,7.142857142857142,0,regional/regional/regional
S2,75,9,1.0,4,CPU-OFF,8.0,8.0,113.3512447415741,8.96,2.0760301234720533,146.70861420002967,64.0,80.35714285714285,0,central/central/central
S2,75,9,1.0,5,MQTT,2.0,2.0,61.83669329088277,2.24,1.132540170162688,69.94718057849607,64.0,2.6785714285714284,0,central/central/central
S2,76,9,1.0,1,BE-DL,20.0,20.0,56.42347858583886,22.400000000000002,1.0333970436966824,68.05595216698055,64.0,2.0,0,central/central/central
S2,76,9,1.0,2,YOLO,15.0,15.0,120.82609439404972,16.8,2.2129321317591524,43.06622106428916,26.0,16.07142857142857,0,edge/edge/edge
S2,76,9,1.0,3,VIDEO,32.0,32.0,77.27977128616327,35.84,1.4153804264865066,51.95064343580638,44.0,7.142857142857142,0,regional/regional/regional
S2,76,9,1.0,4,CPU-OFF,8.0,8.0,109.71425031058116,8.96,2.0094185038567978,146.2174011337084,64.0,80.35714285714285,0,central/central/central
S2,76,9,1.0,5,MQTT,2.0,2.0,74.0487860411162,2.24,1.3562048725479157,66.88526854499544,64.0,2.6785714285714284,0,central/central/central
S2,77,9,1.0,1,BE-DL,20.0,20.0,114.644357093162,22.400000000000002,2.099713499874762,68.37653935780803,64.0,2.0,0,central/central/central
S2,77,9,1.0,2,YOLO,15.0,15.0,142.10589310833586,16.8,2.6026720349512065,42.170629559098835,26.0,16.07142857142857,0,edge/edge/edge
S2,77,9,1.0,3,VIDEO,32.0,32.0,52.01860732591178,35.84,0.9527217458958201,51.71393533554264,44.0,7.142857142857142,0,regional/regional/regional
S2,77,9,1.0,4,CPU-OFF,8.0,8.0,67.87009373543354,8.96,1.2430420098064752,146.51952806763595,64.0,80.35714285714285,0,central/central/central
S2,77,9,1.0,5,MQTT,2.0,2.0,62.99020045919092,2.24,1.1536666750767568,68.10536095997793,64.0,2.6785714285714284,0,central/central/central
S2,78,9,1.0,1,BE-DL,20.0,20.0,49.84473031378633,22.400000000000002,0.9129071486041452,66.90627308626398,64.0,2.0,0,central/central/central
S2,78,9,1.0,2,YOLO,15.0,15.0,93.207019443523,16.8,1.707088268196392,43.38184348572825,26.0,16.07142857142857,0,edge/edge/edge
S2,78,9,1.0,3,VIDEO,32.0,32.0,99.65750433652119,35.84,1.8252290171524026,52.715652220502214,44.0,7.142857142857142,0,regional/regional/regional
S2,78,9,1.0,4,CPU-OFF,8.0,8.0,31.93902012873173,8.96,0.5849637386214602,146.43204525337399,64.0,80.35714285714285,0,central/central/central
S2,78,9,1.0,5,MQTT,2.0,2.0,53.80732006176984,2.24,0.9854820524133671,70.1103866680823,64.0,2.6785714285714284,0,central/central/central
S2,79,9,1.0,1,BE-DL,20.0,20.0,125.53017627257115,22.400000000000002,2.299087477519618,66.50867818548534,64.0,2.0,0,central/central/central
S2,79,9,1.0,2,YOLO,15.0,15.0,44.36236635498644,16.8,0.812497552289129,44.78299424181876,26.0,16.07142857142857,0,edge/edge/edge
S2,79,9,1.0,3,VIDEO,32.0,32.0,43.38175025081911,35.84,0.7945375503813024,52.481452091214514,44.0,7.142857142857142,0,regional/regional/regional
S2,79,9,1.0,4,CPU-OFF,8.0,8.0,76.12317670524585,8.96,1.3941973755539534,147.601526332639,64.0,80.35714285714285,0,central/central/central
S2,79,9,1.0,5,MQTT,2.0,2.0,34.198092761541545,2.24,0.6263386952663287,66.91152909079916,64.0,2.6785714285714284,0,central/central/central
S2,80,10,1.0,1,BE-DL,20.0,20.0,107.603261933556,22.400000000000002,1.9707557130687912,67.42309625981558,64.0,2.0,0,central/central/central
S2,80,10,1.0,2,YOLO,15.0,15.0,66.66969359998474,16.8,1.2210566593403798,44.91173414430446,26.0,16.07142857142857,0,edge/edge/edge
S2,80,10,1.0,3,VIDEO,32.0,32.0,34.61791597524707,35.84,0.6340277651144153,52.92472078669671,44.0,7.142857142857142,0,regional/regional/regional
S2,80,10,1.0,4,CPU-OFF,8.0,8.0,64.9600928730365,8.96,1.1897452907149542,147.53002079155678,64.0,80.35714285714285,0,central/central/central
S2,80,10,1.0,5,MQTT,2.0,2.0,59.38417830231936,2.24,1.0876223132292924,67.5136811293868,64.0,2.6785714285714284,0,central/central/central
S2,81,10,1.0,1,BE-DL,20.0,20.0,73.54918959262996,22.400000000000002,1.347054754443772,69.17495797193101,64.0,2.0,0,central/central/central
S2,81,10,1.0,2,YOLO,15.0,15.0,49.661438054413594,16.8,0.9095501475167325,42.39782322991196,26.0,16.07142857142857,0,edge/edge/edge
S2,81,10,1.0,3,VIDEO,32.0,32.0,53.91297474792088,35.84,0.9874171199252908,53.962878531358406,44.0,7.142857142857142,0,regional/regional/regional
S2,81,10,1.0,4,CPU-OFF,8.0,8.0,39.19211391386694,8.96,0.7178042841367571,146.74935694054273,64.0,80.35714285714285,0,central/central/central
S2,81,10,1.0,5,MQTT,2.0,2.0,78.351597063545,2.24,1.4350109352297618,69.69070437678965,64.0,2.6785714285714284,0,central/central/central
S2,82,10,1.0,1,BE-DL,20.0,20.0,68.00283815424828,22.400000000000002,1.2454732262682835,66.99464566184109,64.0,2.0,0,central/central/central
S2,82,10,1.0,2,YOLO,15.0,15.0,59.37733648346846,16.8,1.08749700519173,42.26539228455653,26.0,16.07142857142857,0,edge/edge/edge
S2,82,10,1.0,3,VIDEO,32.0,32.0,33.3103898676671,35.84,0.6100804005067234,53.76773490612821,44.0,7.142857142857142,0,regional/regional/regional
S2,82,10,1.0,4,CPU-OFF,8.0,8.0,57.80366331279604,8.96,1.0586751522490117,147.20045141754457,64.0,80.35714285714285,0,central/central/central
S2,82,10,1.0,5,MQTT,2.0,2.0,95.83625386145764,2.24,1.7552427447153414,69.5789486162658,64.0,2.6785714285714284,0,central/central/central
S2,83,10,1.0,1,BE-DL,20.0,20.0,71.22001208221246,22.400000000000002,1.3043958256815469,68.49774922822114,64.0,2.0,0,central/central/central
S2,83,10,1.0,2,YOLO,15.0,15.0,39.599776187940556,16.8,0.7252706261527574,43.08135089765179,26.0,16.07142857142857,0,edge/edge/edge
S2,83,10,1.0,3,VIDEO,32.0,32.0,52.76619722089981,35.84,0.9664138685146485,53.82224375845774,44.0,7.142857142857142,0,regional/regional/regional
S2,83,10,1.0,4,CPU-OFF,8.0,8.0,82.21784690728806,8.96,1.5058213719283529,147.7318110751674,64.0,80.35714285714285,0,central/central/central
S2,83,10,1.0,5,MQTT,2.0,2.0,107.68941301314268,2.24,1.9723335716692798,67.91093635267553,64.0,2.6785714285714284,0,central/central/central
S2,84,10,1.0,1,BE-DL,20.0,20.0,58.16856547804261,22.400000000000002,1.0653583420886925,68.1290206225304,64.0,2.0,0,central/central/central
S2,84,10,1.0,2,YOLO,15.0,15.0,41.620663402238186,16.8,0.7622832124952048,45.46659693937824,26.0,16.07142857142857,0,edge/edge/edge
S2,84,10,1.0,3,VIDEO,32.0,32.0,37.59610559928183,35.84,0.6885733626242093,54.3720057806962,44.0,7.142857142857142,0,regional/regional/regional
S2,84,10,1.0,4,CPU-OFF,8.0,8.0,88.27649077031275,8.96,1.6167855452438231,146.84466211630848,64.0,80.35714285714285,0,central/central/central
S2,84,10,1.0,5,MQTT,2.0,2.0,137.12338948835048,2.24,2.511417389896529,69.15269993740864,64.0,2.6785714285714284,0,central/central/central
S2,85,10,1.0,1,BE-DL,20.0,20.0,72.0809842640657,22.400000000000002,1.3201645469609102,68.83551005392977,64.0,2.0,0,central/central/central
S2,85,10,1.0,2,YOLO,15.0,15.0,63.463711648805244,16.8,1.1623390411869092,43.47302578171992,26.0,16.07142857142857,0,edge/edge/edge
S2,85,10,1.0,3,VIDEO,32.0,32.0,48.82154267759199,35.84,0.8941674483075457,51.94105557588453,44.0,7.142857142857142,0,regional/regional/regional
S2,85,10,1.0,4,CPU-OFF,8.0,8.0,85.16133222326623,8.96,1.5597313594004802,144.57807435795934,64.0,80.35714285714285,0,central/central/central
S2,85,10,1.0,5,MQTT,2.0,2.0,85.97440615545992,2.24,1.5746228233600716,67.45923411869775,64.0,2.6785714285714284,0,central/central/central
S2,86,10,1.0,1,BE-DL,20.0,20.0,31.426792627102532,22.400000000000002,0.5755822825476654,68.76337343627775,64.0,2.0,0,central/central/central
S2,86,10,1.0,2,YOLO,15.0,15.0,73.35611181592675,16.8,1.3435185314272298,42.52221246052746,26.0,16.07142857142857,0,edge/edge/edge
S2,86,10,1.0,3,VIDEO,32.0,32.0,67.52905213441754,35.84,1.236795826637684,54.02243426729504,44.0,7.142857142857142,0,regional/regional/regional
S2,86,10,1.0,4,CPU-OFF,8.0,8.0,139.54883360233455,8.96,2.5558394432662004,147.60350841460132,64.0,80.35714285714285,0,central/central/central
S2,86,10,1.0,5,MQTT,2.0,2.0,120.7837384873747,2.24,2.2121563825526502,68.43753355238596,64.0,2.6785714285714284,0,central/central/central
S2,87,10,1.0,1,BE-DL,20.0,20.0,53.30642207300666,22.400000000000002,0.9763080965752134,66.79736745411905,64.0,2.0,0,central/central/central
S2,87,10,1.0,2,YOLO,15.0,15.0,106.82151703306704,16.8,1.9564380408986637,45.293624391672026,26.0,16.07142857142857,0,edge/edge/edge
S2,87,10,1.0,3,VIDEO,32.0,32.0,87.45788218401694,35.84,1.6017927139929842,54.354107896567065,44.0,7.142857142857142,0,regional/regional/regional
S2,87,10,1.0,4,CPU-OFF,8.0,8.0,100.45454955757671,8.96,1.8398269149739324,147.70855292619552,64.0,80.35714285714285,0,central/central/central
S2,87,10,1.0,5,MQTT,2.0,2.0,135.26372182955183,2.24,2.4773575426657843,69.79751687188664,64.0,2.6785714285714284,0,central/central/central
S2,88,11,1.0,1,BE-DL,20.0,20.0,87.13846439188283,22.400000000000002,1.5959425712799054,67.05611438380679,64.0,2.0,0,central/central/central
S2,88,11,1.0,2,YOLO,15.0,15.0,24.846345188733547,16.8,0.4550612671929221,45.53866717636285,26.0,16.07142857142857,0,edge/edge/edge
S2,88,11,1.0,3,VIDEO,32.0,25.833826046725804,25.833826046725804,35.84,0.47314699719278025,51.23025583394737,44.0,7.142857142857142,1,regional/regional/regional
S2,88,11,1.0,4,CPU-OFF,8.0,8.0,119.45550998099833,8.96,2.1878298531318374,145.23749025296712,64.0,80.35714285714285,0,central/central/central
S2,88,11,1.0,5,MQTT,2.0,2.0,99.21538822593652,2.24,1.81713165248968,69.92883028206091,64.0,2.6785714285714284,0,central/central/central
S2,89,11,1.0,1,BE-DL,20.0,20.0,82.31600215884212,22.400000000000002,1.5076190871582806,69.49924157139411,64.0,2.0,0,central/central/central
S2,89,11,1.0,2,YOLO,15.0,15.0,28.845814543474102,16.8,0.5283116216753498,44.915682423412264,26.0,16.07142857142857,0,edge/edge/edge
S2,89,11,1.0,3,VIDEO,32.0,32.0,41.97810042465078,35.84,0.7688296781071572,53.86186209518317,44.0,7.142857142857142,0,regional/regional/regional
S2,89,11,1.0,4,CPU-OFF,8.0,8.0,73.01974297089852,8.96,1.3373579298699363,146.35860198760614,64.0,80.35714285714285,0,central/central/central
S2,89,11,1.0,5,MQTT,2.0,2.0,60.57365627582099,2.24,1.1094076240992854,68.05852451974503,64.0,2.6785714285714284,0,central/central/central
S2,90,11,1.0,1,BE-DL,20.0,20.0,72.12817857465203,22.400000000000002,1.3210289116236633,66.28520746435895,64.0,2.0,0,central/central/central
S2,90,11,1.0,2,YOLO,15.0,14.166121647254785,14.166121647254785,16.8,0.2594527774222488,42.36719335179122,26.0,16.07142857142857,1,edge/edge/edge
S2,90,11,1.0,3,VIDEO,32.0,25.248468400857718,25.248468400857718,35.84,0.4624261611878703,52.064647452746605,44.0,7.142857142857142,1,regional/regional/regional
S2,90,11,1.0,4,CPU-OFF,8.0,8.0,71.92568943441249,8.96,1.317320319311584,146.08737849088382,64.0,80.35714285714285,0,central/central/central
S2,90,11,1.0,5,MQTT,2.0,2.0,75.9397987782771,2.24,1.3908388054629504,69.38798971202675,64.0,2.6785714285714284,0,central/central/central
S2,91,11,1.0,1,BE-DL,20.0,20.0,84.10292091096743,22.400000000000002,1.5403465368309053,68.78809000742984,64.0,2.0,0,central/central/central
S2,91,11,1.0,2,YOLO,15.0,15.0,31.859077804350324,16.8,0.5834995934862697,45.0394329413263,26.0,16.07142857142857,0,edge/edge/edge
S2,91,11,1.0,3,VIDEO,32.0,26.979444203447837,26.979444203447837,35.84,0.49412901471516185,52.682310852487696,44.0,7.142857142857142,1,regional/regional/regional
S2,91,11,1.0,4,CPU-OFF,8.0,8.0,73.4088074805343,8.96,1.3444836534896394,146.48222631445,64.0,80.35714285714285,0,central/central/central
S2,91,11,1.0,5,MQTT,2.0,2.0,61.81191038177906,2.24,1.1320862707285542,69.90302845466361,64.0,2.6785714285714284,0,central/central/central
S2,92,11,1.0,1,BE-DL,20.0,20.0,50.77107242697175,22.400000000000002,0.929873121373109,67.49566705006988,64.0,2.0,0,central/central/central
S2,92,11,1.0,2,YOLO,15.0,15.0,15.337101481656031,16.8,0.28089929453582474,44.69622392074472,26.0,16.07142857142857,0,edge/edge/edge
S2,92,11,1.0,3,VIDEO,32.0,22.520997054041814,22.520997054041814,35.84,0.4124724735172493,54.082986013798276,44.0,7.142857142857142,1,regional/regional/regional
S2,92,11,1.0,4,CPU-OFF,8.0,8.0,72.34883088548754,8.96,1.3250701627378672,147.03234673760463,64.0,80.35714285714285,0,central/central/central
S2,92,11,1.0,5,MQTT,2.0,2.0,48.301902594267474,2.24,0.8846502306642394,68.55739566164111,64.0,2.6785714285714284,0,central/central/central
S2,93,11,1.0,1,BE-DL,20.0,20.0,126.48770273175889,22.400000000000002,2.316624592156756,67.34178117593218,64.0,2.0,0,central/central/central
S2,93,11,1.0,2,YOLO,15.0,15.0,36.43117003630087,16.8,0.6672375464523969,42.145862682229854,26.0,16.07142857142857,0,edge/edge/edge
S2,93,11,1.0,3,VIDEO,32.0,23.75043729302437,23.75043729302437,35.84,0.43498969401143533,54.466865183732324,44.0,7.142857142857142,1,regional/regional/regional
S2,93,11,1.0,4,CPU-OFF,8.0,8.0,78.94361578988408,8.96,1.445853769045496,145.994075916444,64.0,80.35714285714285,0,central/central/central
S2,93,11,1.0,5,MQTT,2.0,2.0,60.90879377550598,2.24,1.1155456735440654,67.7233458406103,64.0,2.6785714285714284,0,central/central/central
S2,94,11,1.0,1,BE-DL,20.0,20.0,59.99233323869866,22.400000000000002,1.098760682027448,67.81214783246617,64.0,2.0,0,central/central/central
S2,94,11,1.0,2,YOLO,15.0,15.0,55.24370149866236,16.8,1.0117894047374059,43.40910974373947,26.0,16.07142857142857,0,edge/edge/edge
S2,94,11,1.0,3,VIDEO,32.0,32.0,86.1062012554137,35.84,1.5770366530295548,51.4150497919017,44.0,7.142857142857142,0,regional/regional/regional
S2,94,11,1.0,4,CPU-OFF,8.0,8.0,43.73622516155944,8.96,0.801029764863726,147.78979418142794,64.0,80.35714285714285,0,central/central/central
S2,94,11,1.0,5,MQTT,2.0,2.0,64.08550156154425,2.24,1.1737271348268177,66.73356314005039,64.0,2.6785714285714284,0,central/central/central
S2,95,11,1.0,1,BE-DL,20.0,20.0,89.82136695301054,22.400000000000002,1.6450799808243688,67.76899423563368,64.0,2.0,0,central/central/central
S2,95,11,1.0,2,YOLO,15.0,15.0,94.93184632171719,16.8,1.7386785040607542,44.82056581999555,26.0,16.07142857142857,0,edge/edge/edge
S2,95,11,1.0,3,VIDEO,32.0,32.0,76.21759651693043,35.84,1.3959266761342568,53.465371665934974,44.0,7.142857142857142,0,regional/regional/regional
S2,95,11,1.0,4,CPU-OFF,8.0,8.0,47.068541869869705,8.96,0.86206120640787,146.8272411914689,64.0,80.35714285714285,0,central/central/central
S2,95,11,1.0,5,MQTT,2.0,2.0,30.01482925062888,2.24,0.5497221474474153,67.01979419606282,64.0,2.6785714285714284,0,central/central/central
S2,96,12,0.4,1,BE-DL,8.0,8.0,89.13841999541567,8.96,1.6325717947878329,69.48337067692795,64.0,2.0,0,central/central/central
S2,96,12,0.4,2,YOLO,6.0,6.0,78.26391187056322,6.72,1.4334049793143446,44.71267392773294,26.0,16.07142857142857,0,edge/edge/edge
S2,96,12,0.4,3,VIDEO,12.8,12.8,53.91297474792088,14.336000000000002,0.9874171199252908,53.96089592732072,44.0,7.142857142857142,0,regional/regional/regional
S2,96,12,0.4,4,CPU-OFF,3.2,3.2,62.35109031751557,3.5840000000000005,1.1419613611266588,147.72074964080772,64.0,80.35714285714285,0,central/central/central
S2,96,12,0.4,5,MQTT,0.8,0.8,39.54890137493224,0.8960000000000001,0.724338853020737,69.19620058898566,64.0,2.6785714285714284,0,central/central/central
S2,97,12,0.4,1,BE-DL,8.0,8.0,94.9278197584684,8.96,1.7386047574811063,67.82991338977116,64.0,2.0,0,central/central/central
S2,97,12,0.4,2,YOLO,6.0,6.0,29.97141746308408,6.72,0.5489270597634447,44.31126378384236,26.0,16.07142857142857,0,edge/edge/edge
S2,97,12,0.4,3,VIDEO,12.8,12.8,58.78304094294194,14.336000000000002,1.076612471482453,53.32923247905707,44.0,7.142857142857142,0,regional/regional/regional
S2,97,12,0.4,4,CPU-OFF,3.2,3.2,44.620371680053076,3.5840000000000005,0.8172229245430966,144.36209327828388,64.0,80.35714285714285,0,central/central/central
S2,97,12,0.4,5,MQTT,0.8,0.8,79.07565341035067,0.8960000000000001,1.448272040482613,67.2009682390349,64.0,2.6785714285714284,0,central/central/central
S2,98,12,0.4,1,BE-DL,8.0,8.0,67.29687582344667,8.96,1.232543513249939,69.46732877622874,64.0,2.0,0,central/central/central
S2,98,12,0.4,2,YOLO,6.0,6.0,46.70042571129541,6.72,0.8553191522215277,43.001866217735795,26.0,16.07142857142857,0,edge/edge/edge
S2,98,12,0.4,3,VIDEO,12.8,12.8,32.70887079190273,14.336000000000002,0.5990635676172661,53.98028974238078,44.0,7.142857142857142,0,regional/regional/regional
S2,98,12,0.4,4,CPU-OFF,3.2,3.2,56.769465721698765,3.5840000000000005,1.0397338044267173,145.65691592521324,64.0,80.35714285714285,0,central/central/central
S2,98,12,0.4,5,MQTT,0.8,0.8,132.80084564400977,0.8960000000000001,2.432249920219959,69.21185145878637,64.0,2.6785714285714284,0,central/central/central
S2,99,12,0.4,1,BE-DL,8.0,8.0,61.76947667430241,8.96,1.1313090965989452,67.8220045909358,64.0,2.0,0,central/central/central
S2,99,12,0.4,2,YOLO,6.0,6.0,34.15764789562995,6.72,0.6255979468064093,44.97320734049513,26.0,16.07142857142857,0,edge/edge/edge
S2,99,12,0.4,3,VIDEO,12.8,12.8,37.59610559928182,14.336000000000002,0.6885733626242092,51.55783173977431,44.0,7.142857142857142,0,regional/regional/regional
S2,99,12,0.4,4,CPU-OFF,3.2,3.2,88.27649077031273,3.5840000000000005,1.616785545243823,146.18322698597464,64.0,80.35714285714285,0,central/central/central
S2,99,12,0.4,5,MQTT,0.8,0.8,109.90806027692217,0.8960000000000001,2.0129681369399663,69.70034901406028,64.0,2.6785714285714284,0,central/central/central
S2,100,12,0.4,1,BE-DL,8.0,8.0,75.657521651214,8.96,1.385668894710879,66.80846360835018,64.0,2.0,0,central/central/central
S2,100,12,0.4,2,YOLO,6.0,6.0,71.83963298316534,6.72,1.3157441938308672,42.32937892502274,26.0,16.07142857142857,0,edge/edge/edge
S2,100,12,0.4,3,VIDEO,12.8,12.8,64.82188019377762,14.336000000000002,1.18721392296296,51.43994457307385,44.0,7.142857142857142,0,regional/regional/regional
S2,100,12,0.4,4,CPU-OFF,3.2,3.2,59.26431891560631,3.5840000000000005,1.085427086366416,147.10202395175432,64.0,80.35714285714285,0,central/central/central
S2,100,12,0.4,5,MQTT,0.8,0.8,128.41746742207937,0.8960000000000001,2.3519682678036515,69.6198391690438,64.0,2.6785714285714284,0,central/central/central
S2,101,12,0.4,1,BE-DL,8.0,8.0,73.82331475611821,8.96,1.3520753618336667,69.12909974912999,64.0,2.0,0,central/central/central
S2,101,12,0.4,2,YOLO,6.0,6.0,34.63004263391466,6.72,0.6342498650900121,45.31803505840337,26.0,16.07142857142857,0,edge/edge/edge
S2,101,12,0.4,3,VIDEO,12.8,12.8,122.01801144287859,14.336000000000002,2.2347621143384355,53.02292746331254,44.0,7.142857142857142,0,regional/regional/regional
S2,101,12,0.4,4,CPU-OFF,3.2,3.2,84.15540347011014,3.5840000000000005,1.5413077558628232,146.57004944196365,64.0,80.35714285714285,0,central/central/central
S2,101,12,0.4,5,MQTT,0.8,0.8,127.82494297318578,0.8960000000000001,2.3411161716700692,70.01560335109588,64.0,2.6785714285714284,0,central/central/central
S2,102,12,0.4,1,BE-DL,8.0,8.0,70.85030781855316,8.96,1.2976246853214863,66.17736793445147,64.0,2.0,0,central/central/central
S2,102,12,0.4,2,YOLO,6.0,6.0,78.93638206459572,6.72,1.4457212832343538,44.11314108711981,26.0,16.07142857142857,0,edge/edge/edge
S2,102,12,0.4,3,VIDEO,12.8,12.8,54.21365796202219,14.336000000000002,0.9929241384985749,54.395954129767674,44.0,7.142857142857142,0,regional/regional/regional
S2,102,12,0.4,4,CPU-OFF,3.2,3.2,72.06522033478329,3.5840000000000005,1.3198758303073863,146.96241142406217,64.0,80.35714285714285,0,central/central/central
S2,102,12,0.4,5,MQTT,0.8,0.8,88.28281081241742,0.8960000000000001,1.616901296930722,68.79775717152557,64.0,2.6785714285714284,0,central/central/central
S2,103,12,0.4,1,BE-DL,8.0,8.0,107.45774756846534,8.96,1.9680906148070574,67.97167446943476,64.0,2.0,0,central/central/central
S2,103,12,0.4,2,YOLO,6.0,6.0,95.00640532182662,6.72,1.740044053513308,44.65647463682237,26.0,16.07142857142857,0,edge/edge/edge
S2,103,12,0.4,3,VIDEO,12.8,12.8,99.27786116536231,14.336000000000002,1.818275845519456,53.1071051730575,44.0,7.142857142857142,0,regional/regional/regional
S2,103,12,0.4,4,CPU-OFF,3.2,3.2,63.74531698537579,3.5840000000000005,1.1674966480838056,147.03951482416542,64.0,80.35714285714285,0,central/central/central
S2,103,12,0.4,5,MQTT,0.8,0.8,68.50586329886094,0.8960000000000001,1.2546861410047792,70.06347574256606,64.0,2.6785714285714284,0,central/central/central
S2,104,13,0.4,1,BE-DL,8.0,8.0,88.13180665919508,8.96,1.614135653098811,67.93608880735636,64.0,2.0,0,central/central/central
S2,104,13,0.4,2,YOLO,6.0,6.0,109.81909090155114,6.72,2.01133866120057,43.08065275981463,26.0,16.07142857142857,0,edge/edge/edge
S2,104,13,0.4,3,VIDEO,12.8,12.8,149.92178723089563,14.336000000000002,2.7458202789541324,53.92008708074473,44.0,7.142857142857142,0,regional/regional/regional
S2,104,13,0.4,4,CPU-OFF,3.2,3.2,112.29932884489914,3.5840000000000005,2.056764264558592,147.2440525904749,64.0,80.35714285714285,0,central/central/central
S2,104,13,0.4,5,MQTT,0.8,0.8,66.00439787296357,0.8960000000000001,1.2088717559150837,70.10812654449336,64.0,2.6785714285714284,0,central/central/central
S2,105,13,0.4,1,BE-DL,8.0,8.0,123.86149286267832,8.96,2.2685255103054636,66.21434172378312,64.0,2.0,0,central/central/central
S2,105,13,0.4,2,YOLO,6.0,6.0,64.73765268906754,6.72,1.1856712946715668,43.80842791081098,26.0,16.07142857142857,0,edge/edge/edge
S2,105,13,0.4,3,VIDEO,12.8,12.8,49.041511304924136,14.336000000000002,0.8981961777458632,52.8139402421143,44.0,7.142857142857142,0,regional/regional/regional
S2,105,13,0.4,4,CPU-OFF,3.2,3.2,71.92568943441249,3.5840000000000005,1.317320319311584,145.12633654018833,64.0,80.35714285714285,0,central/central/central
S2,105,13,0.4,5,MQTT,0.8,0.8,66.53772845334755,0.8960000000000001,1.2186397152627757,70.17570421713283,64.0,2.6785714285714284,0,central/central/central
S2,106,13,0.4,1,BE-DL,8.0,8.0,84.10292091096743,8.96,1.5403465368309053,66.86385250501026,64.0,2.0,0,central/central/central
S2,106,13,0.4,2,YOLO,6.0,6.0,127.8697680582768,6.72,2.3419371439244836,43.0673511037177,26.0,16.07142857142857,0,edge/edge/edge
S2,106,13,0.4,3,VIDEO,12.8,12.8,45.48746031400742,14.336000000000002,0.8331036687547146,53.86021629937478,44.0,7.142857142857142,0,regional/regional/regional
S2,106,13,0.4,4,CPU-OFF,3.2,3.2,63.03582381480664,3.5840000000000005,1.1545022676704513,146.79028287419104,64.0,80.35714285714285,0,central/central/central
S2,106,13,0.4,5,MQTT,0.8,0.8,61.81191038177906,0.8960000000000001,1.1320862707285542,69.4254249920721,64.0,2.6785714285714284,0,central/central/central
S2,107,13,0.4,1,BE-DL,8.0,8.0,128.83842035231544,8.96,2.3596780284306855,67.52082310745547,64.0,2.0,0,central/central/central
S2,107,13,0.4,2,YOLO,6.0,6.0,128.67042685082052,6.72,2.356601224374002,44.66381737650306,26.0,16.07142857142857,0,edge/edge/edge
S2,107,13,0.4,3,VIDEO,12.8,12.8,69.06672233188289,14.336000000000002,1.2649582844667195,54.10500937573657,44.0,7.142857142857142,0,regional/regional/regional
S2,107,13,0.4,4,CPU-OFF,3.2,3.2,45.47640798516361,3.5840000000000005,0.8329012451495167,147.51496657103664,64.0,80.35714285714285,0,central/central/central
S2,107,13,0.4,5,MQTT,0.8,0.8,33.61360472934403,0.8960000000000001,0.6156337862517222,70.15292079499925,64.0,2.6785714285714284,0,central/central/central
S2,108,13,0.4,1,BE-DL,8.0,8.0,84.6824450492284,8.96,1.5509605320371502,66.97864171782392,64.0,2.0,0,central/central/central
S2,108,13,0.4,2,YOLO,6.0,6.0,68.60415136706008,6.72,1.2564862887739943,42.08914112769411,26.0,16.07142857142857,0,edge/edge/edge
S2,108,13,0.4,3,VIDEO,12.8,12.8,74.93331432936898,14.336000000000002,1.3724050243474173,51.64154284318394,44.0,7.142857142857142,0,regional/regional/regional
S2,108,13,0.4,4,CPU-OFF,3.2,3.2,75.02656615145474,3.5840000000000005,1.3741129331768267,147.07903107796642,64.0,80.35714285714285,0,central/central/central
S2,108,13,0.4,5,MQTT,0.8,0.8,32.50289892056148,0.8960000000000001,0.5952911890212724,69.49212828090603,64.0,2.6785714285714284,0,central/central/central
S2,109,13,0.4,1,BE-DL,8.0,8.0,138.63774487934586,8.96,2.539152836618056,66.82761134252551,64.0,2.0,0,central/central/central
S2,109,13,0.4,2,YOLO,6.0,6.0,49.803033926824526,6.72,0.9121434785132697,44.6213902777971,26.0,16.07142857142857,0,edge/edge/edge
S2,109,13,0.4,3,VIDEO,12.8,12.8,43.381750250819216,14.336000000000002,0.7945375503813044,51.78856172607842,44.0,7.142857142857142,0,regional/regional/regional
S2,109,13,0.4,4,CPU-OFF,3.2,3.2,72.52462653372523,3.5840000000000005,1.3282898632550406,147.0074840390781,64.0,80.35714285714285,0,central/central/central
S2,109,13,0.4,5,MQTT,0.8,0.8,79.02920596154546,0.8960000000000001,1.4474213546070596,66.8564381178596,64.0,2.6785714285714284,0,central/central/central
S2,110,13,0.4,1,BE-DL,8.0,8.0,60.18487531876849,8.96,1.1022870937503386,69.10377679377015,64.0,2.0,0,central/central/central
S2,110,13,0.4,2,YOLO,6.0,6.0,71.38005238694001,6.72,1.307326966793773,43.198878566775214,26.0,16.07142857142857,0,edge/edge/edge
S2,110,13,0.4,3,VIDEO,12.8,12.8,53.52686167601221,14.336000000000002,0.9803454519416156,54.47160277375194,44.0,7.142857142857142,0,regional/regional/regional
S2,110,13,0.4,4,CPU-OFF,3.2,3.2,43.49023166923633,3.5840000000000005,0.7965243895464529,145.93868868124775,64.0,80.35714285714285,0,central/central/central
S2,110,13,0.4,5,MQTT,0.8,0.8,63.57979959541815,0.8960000000000001,1.1644651940552775,68.07818472948375,64.0,2.6785714285714284,0,central/central/central
S2,111,13,0.4,1,BE-DL,8.0,8.0,83.94200986115376,8.96,1.5373994480064792,66.21380185858585,64.0,2.0,0,central/central/central
S2,111,13,0.4,2,YOLO,6.0,6.0,74.17784418254185,6.72,1.3585685747718286,45.04693614555782,26.0,16.07142857142857,0,edge/edge/edge
S2,111,13,0.4,3,VIDEO,12.8,12.8,36.124429780332775,14.336000000000002,0.6616195930463878,51.1684425545715,44.0,7.142857142857142,0,regional/regional/regional
S2,111,13,0.4,4,CPU-OFF,3.2,3.2,46.911772715083146,3.5840000000000005,0.8591899764667242,146.6261943728418,64.0,80.35714285714285,0,central/central/central
S2,111,13,0.4,5,MQTT,0.8,0.8,34.698564413855635,0.8960000000000001,0.6355048427446087,68.81228214019333,64.0,2.6785714285714284,0,central/central/central
S2,112,14,1.2,1,BE-DL,24.0,24.0,81.46532895635815,26.88,1.4920389918746915,66.67347137528508,64.0,2.0,0,central/central/central
S2,112,14,1.2,2,YOLO,18.0,15.596447049657698,15.596447049657698,20.160000000000004,0.2856492133636941,44.50246163274657,26.0,16.07142857142857,1,edge/edge/edge
S2,112,14,1.2,3,VIDEO,38.4,18.49706355004575,18.49706355004575,43.008,0.33877405769314556,54.26131598060707,44.0,7.142857142857142,1,regional/regional/regional
S2,112,14,1.2,4,CPU-OFF,9.6,9.6,57.80366331279618,10.752,1.0586751522490143,146.04484587326183,64.0,80.35714285714285,0,central/central/central
S2,112,14,1.2,5,MQTT,2.4,2.4,39.96758569110125,2.688,0.7320070639395833,68.04501155466569,64.0,2.6785714285714284,0,central/central/central
S2,113,14,1.2,1,BE-DL,24.0,24.0,28.065513235787172,26.88,0.514020388933831,68.0950154210552,64.0,2.0,0,central/central/central
S2,113,14,1.2,2,YOLO,18.0,16.058391998971757,16.058391998971757,20.160000000000004,0.2941097435709113,45.47073395081267,26.0,16.07142857142857,1,edge/edge/edge
S2,113,14,1.2,3,VIDEO,38.4,21.513796901994894,21.513796901994894,43.008,0.3940255842856208,52.64799493475593,44.0,7.142857142857142,1,regional/regional/regional
S2,113,14,1.2,4,CPU-OFF,9.6,9.6,51.67978948458093,10.752,0.9465162909263907,145.41362147090007,64.0,80.35714285714285,0,central/central/central
S2,113,14,1.2,5,MQTT,2.4,2.4,44.91083143597421,2.688,0.8225427002925679,67.98207669825872,64.0,2.6785714285714284,0,central/central/central
S2,114,14,1.2,1,BE-DL,24.0,24.0,65.37038787056218,26.88,1.1972598511091974,67.198625479351,64.0,2.0,0,central/central/central
S2,114,14,1.2,2,YOLO,18.0,15.833074436327296,15.833074436327296,20.160000000000004,0.2899830482843827,43.41049512055795,26.0,16.07142857142857,1,edge/edge/edge
S2,114,14,1.2,3,VIDEO,38.4,23.43727035849569,23.43727035849569,43.008,0.4292540358698845,53.36545264852453,44.0,7.142857142857142,1,regional/regional/regional
S2,114,14,1.2,4,CPU-OFF,9.6,9.6,117.40325168437533,10.752,2.150242704842039,146.55535578267748,64.0,80.35714285714285,0,central/central/central
S2,114,14,1.2,5,MQTT,2.4,2.4,62.28123415692255,2.688,1.1406819442659808,67.07718351036692,64.0,2.6785714285714284,0,central/central/central
S2,115,14,1.2,1,BE-DL,24.0,24.0,61.35137210262079,26.88,1.1236515037110035,66.44523743058237,64.0,2.0,0,central/central/central
S2,115,14,1.2,2,YOLO,18.0,11.90669432761341,11.90669432761341,20.160000000000004,0.2180713246815643,44.786996100110144,26.0,16.07142857142857,1,edge/edge/edge
S2,115,14,1.2,3,VIDEO,38.4,22.6302209587897,22.6302209587897,43.008,0.4144729113331447,51.66288961940093,44.0,7.142857142857142,1,regional/regional/regional
S2,115,14,1.2,4,CPU-OFF,9.6,9.6,72.21282556943626,10.752,1.3225792228834479,144.65981270425402,64.0,80.35714285714285,0,central/central/central
S2,115,14,1.2,5,MQTT,2.4,2.4,128.41746742207937,2.688,2.3519682678036515,68.62879891995685,64.0,2.6785714285714284,0,central/central/central
S2,116,14,1.2,1,BE-DL,24.0,24.0,35.28102191155856,26.88,0.6461725624827576,66.32298580514465,64.0,2.0,0,central/central/central
S2,116,14,1.2,2,YOLO,18.0,18.0,24.605948572570824,20.160000000000004,0.4506583987650334,44.09814858548935,26.0,16.07142857142857,0,edge/edge/edge
S2,116,14,1.2,3,VIDEO,38.4,32.46983113663172,32.46983113663172,43.008,0.5946855519529619,52.944945099995806,44.0,7.142857142857142,1,regional/regional/regional
S2,116,14,1.2,4,CPU-OFF,9.6,9.6,111.85211853622243,10.752,2.0485735995645133,144.40721634251446,64.0,80.35714285714285,0,central/central/central
S2,116,14,1.2,5,MQTT,2.4,2.4,92.61892054413033,2.688,1.696317226082973,69.35940939230713,64.0,2.6785714285714284,0,central/central/central
S2,117,14,1.2,1,BE-DL,24.0,24.0,70.85030781855315,26.88,1.2976246853214861,67.59956292050964,64.0,2.0,0,central/central/central
S2,117,14,1.2,2,YOLO,18.0,18.0,23.663754536321196,20.160000000000004,0.4334020977348204,44.45244147496694,26.0,16.07142857142857,0,edge/edge/edge
S2,117,14,1.2,3,VIDEO,38.4,18.903177342229625,18.903177342229625,43.008,0.3462120392349748,54.16034336670473,44.0,7.142857142857142,1,regional/regional/regional
S2,117,14,1.2,4,CPU-OFF,9.6,9.6,72.06522033478329,10.752,1.3198758303073863,147.08723068810994,64.0,80.35714285714285,0,central/central/central
S2,117,14,1.2,5,MQTT,2.4,2.4,88.28281081241742,2.688,1.616901296930722,67.42084669615076,64.0,2.6785714285714284,0,central/central/central
S2,118,14,1.2,1,BE-DL,24.0,24.0,102.37792677431995,26.88,1.8750536039252736,68.51595878259317,64.0,2.0,0,central/central/central
S2,118,14,1.2,2,YOLO,18.0,18.0,63.659114225792564,20.160000000000004,1.1659178429632338,43.98884579325713,26.0,16.07142857142857,0,edge/edge/edge
S2,118,14,1.2,3,VIDEO,38.4,38.4,78.23527102705185,43.008,1.4328804217408764,52.719368963921994,44.0,7.142857142857142,0,regional/regional/regional
S2,118,14,1.2,4,CPU-OFF,9.6,9.6,91.60041348318701,10.752,1.6776632506078206,146.47255553270196,64.0,80.35714285714285,0,central/central/central
S2,118,14,1.2,5,MQTT,2.4,2.4,117.6411031821817,2.688,2.154598959380617,68.01199284484787,64.0,2.6785714285714284,0,central/central/central
S2,119,14,1.2,1,BE-DL,24.0,24.0,70.684393158136,26.88,1.294585955277216,68.78604889489381,64.0,2.0,0,central/central/central
S2,119,14,1.2,2,YOLO,18.0,18.0,89.42411687697727,20.160000000000004,1.637804338406177,45.54116848251931,26.0,16.07142857142857,0,edge/edge/edge
S2,119,14,1.2,3,VIDEO,38.4,38.4,135.7473637108837,43.008,2.4862154525802875,53.547734397857724,44.0,7.142857142857142,0,regional/regional/regional
S2,119,14,1.2,4,CPU-OFF,9.6,9.6,131.93912178189962,10.752,2.416467431902923,146.63937149267528,64.0,80.35714285714285,0,central/central/central
S2,119,14,1.2,5,MQTT,2.4,2.4,98.58884745581925,2.688,1.8056565468098762,69.36048892267637,64.0,2.6785714285714284,0,central/central/central
S2,120,15,1.2,1,BE-DL,24.0,24.0,46.26152143063881,26.88,0.8472806122827621,67.29246734404883,64.0,2.0,0,central/central/central
S2,120,15,1.2,2,YOLO,18.0,18.0,114.24291651011914,20.160000000000004,2.0923611082439404,42.37152017034942,26.0,16.07142857142857,0,edge/edge/edge
S2,120,15,1.2,3,VIDEO,38.4,38.4,103.88363147387165,43.008,1.9026306130745723,54.442915158322556,44.0,7.142857142857142,0,regional/regional/regional
S2,120,15,1.2,4,CPU-OFF,9.6,9.6,125.1871176864777,10.752,2.2928043532321922,144.6438298676806,64.0,80.35714285714285,0,central/central/central
S2,120,15,1.2,5,MQTT,2.4,2.4,99.44497459060122,2.688,1.8213365309633922,69.86425788355368,64.0,2.6785714285714284,0,central/central/central
S2,121,15,1.2,1,BE-DL,24.0,24.0,91.02278149224956,26.88,1.6670839101144608,66.45973114691766,64.0,2.0,0,central/central/central
S2,121,15,1.2,2,YOLO,18.0,18.0,127.8697680582768,20.160000000000004,2.3419371439244836,42.9179028690877,26.0,16.07142857142857,0,edge/edge/edge
S2,121,15,1.2,3,VIDEO,38.4,38.4,77.27977128616314,43.008,1.4153804264865044,53.90979265335402,44.0,7.142857142857142,0,regional/regional/regional
S2,121,15,1.2,4,CPU-OFF,9.6,9.6,63.035823814806655,10.752,1.1545022676704515,145.71924014131443,64.0,80.35714285714285,0,central/central/central
S2,121,15,1.2,5,MQTT,2.4,2.4,86.285661700453,2.688,1.5803234743672712,68.22191902467787,64.0,2.6785714285714284,0,central/central/central
S2,122,15,1.2,1,BE-DL,24.0,24.0,114.644357093162,26.88,2.099713499874762,68.07128732066028,64.0,2.0,0,central/central/central
S2,122,15,1.2,2,YOLO,18.0,18.0,68.21082869200123,20.160000000000004,1.2492825767765792,44.82319514818914,26.0,16.07142857142857,0,edge/edge/edge
S2,122,15,1.2,3,VIDEO,38.4,38.4,103.1629523438251,43.008,1.889431361608518,52.425898374490274,44.0,7.142857142857142,0,regional/regional/regional
S2,122,15,1.2,4,CPU-OFF,9.6,9.6,40.997670835109616,10.752,0.7508730922181248,146.06055048666923,64.0,80.35714285714285,0,central/central/central
S2,122,15,1.2,5,MQTT,2.4,2.4,40.957753661805754,2.688,0.7501420084579808,69.88393616707008,64.0,2.6785714285714284,0,central/central/central
S2,123,15,1.2,1,BE-DL,24.0,24.0,133.4552456788473,26.88,2.444235268843357,68.3849495036919,64.0,2.0,0,central/central/central
S2,123,15,1.2,2,YOLO,18.0,18.0,130.1113215582174,20.160000000000004,2.382991237329989,42.333296868404624,26.0,16.07142857142857,0,edge/edge/edge
S2,123,15,1.2,3,VIDEO,38.4,38.4,99.65750433652121,43.008,1.8252290171524033,52.34700319283812,44.0,7.142857142857142,0,regional/regional/regional
S2,123,15,1.2,4,CPU-OFF,9.6,9.6,28.021970490302373,10.752,0.5132229027527907,146.34273413619522,64.0,80.35714285714285,0,central/central/central
S2,123,15,1.2,5,MQTT,2.4,2.4,53.80732006176984,2.688,0.9854820524133671,68.22544897756731,64.0,2.6785714285714284,0,central/central/central
S2,124,15,1.2,1,BE-DL,24.0,24.0,125.53017627257135,26.88,2.2990874775196217,69.1853461305375,64.0,2.0,0,central/central/central
S2,124,15,1.2,2,YOLO,18.0,18.0,60.68436907050048,20.160000000000004,1.1114353309615472,42.796238370750146,26.0,16.07142857142857,0,edge/edge/edge
S2,124,15,1.2,3,VIDEO,38.4,38.4,73.28886595403551,43.008,1.3422869222350826,53.655529848391275,44.0,7.142857142857142,0,regional/regional/regional
S2,124,15,1.2,4,CPU-OFF,9.6,9.6,61.72897601916308,10.752,1.130567326358298,146.0872907618785,64.0,80.35714285714285,0,central/central/central
S2,124,15,1.2,5,MQTT,2.4,2.4,41.66994496154215,2.688,0.7631858051564496,69.24409837448152,64.0,2.6785714285714284,0,central/central/central
S2,125,15,1.2,1,BE-DL,24.0,24.0,60.18487531876861,26.88,1.1022870937503408,68.25531636005987,64.0,2.0,0,central/central/central
S2,125,15,1.2,2,YOLO,18.0,18.0,71.3800523869402,20.160000000000004,1.3073269667937766,45.4426197392708,26.0,16.07142857142857,0,edge/edge/edge
S2,125,15,1.2,3,VIDEO,38.4,38.4,49.745072535859265,43.008,0.9110819145761769,53.552647105117,44.0,7.142857142857142,0,regional/regional/regional
S2,125,15,1.2,4,CPU-OFF,9.6,9.6,57.803472471769766,10.752,1.0586716569921202,144.41350653025188,64.0,80.35714285714285,0,central/central/central
S2,125,15,1.2,5,MQTT,2.4,2.4,50.99293571612205,2.688,0.9339365515773269,66.78676975301022,64.0,2.6785714285714284,0,central/central/central
S2,126,15,1.2,1,BE-DL,24.0,24.0,37.17431865279667,26.88,0.680848326974298,69.33723541500324,64.0,2.0,0,central/central/central
S2,126,15,1.2,2,YOLO,18.0,18.0,41.48930267837086,20.160000000000004,0.7598773384317007,43.00165462113608,26.0,16.07142857142857,0,edge/edge/edge
S2,126,15,1.2,3,VIDEO,38.4,29.00901179329753,29.00901179329753,43.008,0.5313005822948266,52.748147860617536,44.0,7.142857142857142,1,regional/regional/regional
S2,126,15,1.2,4,CPU-OFF,9.6,9.6,46.911772715083146,10.752,0.8591899764667242,144.8495600383958,64.0,80.35714285714285,0,central/central/central
S2,126,15,1.2,5,MQTT,2.4,2.4,88.05227098569819,2.688,1.612678955782018,67.74638759114379,64.0,2.6785714285714284,0,central/central/central
S2,127,15,1.2,1,BE-DL,24.0,24.0,41.07785655002806,26.88,0.7523416950554589,66.31102265301259,64.0,2.0,0,central/central/central
S2,127,15,1.2,2,YOLO,18.0,18.0,59.37733648346839,20.160000000000004,1.0874970051917288,44.688817846717036,26.0,16.07142857142857,0,edge/edge/edge
S2,127,15,1.2,3,VIDEO,38.4,38.4,55.144090789331294,43.008,1.0099650327716354,54.53643201158803,44.0,7.142857142857142,0,regional/regional/regional
S2,127,15,1.2,4,CPU-OFF,9.6,9.6,75.38138548978682,10.752,1.3806114558569014,145.18153239917984,64.0,80.35714285714285,0,central/central/central
S2,127,15,1.2,5,MQTT,2.4,2.4,73.4887865933152,2.688,1.3459484724050401,67.45408935158561,64.0,2.6785714285714284,0,central/central/central
S2,128,16,1.2,1,BE-DL,24.0,24.0,31.988649494553123,26.88,0.5858727013654418,66.16848940929802,64.0,2.0,0,central/central/central
S2,128,16,1.2,2,YOLO,18.0,18.0,64.45204951968256,20.160000000000004,1.1804404673934534,45.50624893896961,26.0,16.07142857142857,0,edge/edge/edge
S2,128,16,1.2,3,VIDEO,38.4,38.4,80.84645422149542,43.008,1.4807042897709783,53.67456204384833,44.0,7.142857142857142,0,regional/regional/regional
S2,128,16,1.2,4,CPU-OFF,9.6,9.6,66.9488181959344,10.752,1.2261688314273698,146.16074515475404,64.0,80.35714285714285,0,central/central/central
S2,128,16,1.2,5,MQTT,2.4,2.4,126.52298748629292,2.688,2.3172708330822878,67.23215164062177,64.0,2.6785714285714284,0,central/central/central
S2,129,16,1.2,1,BE-DL,24.0,24.0,25.760364711704593,26.88,0.4718015514964211,67.14845661135054,64.0,2.0,0,central/central/central
S2,129,16,1.2,2,YOLO,18.0,18.0,64.00970992206287,20.160000000000004,1.1723390095615909,44.83663379423707,26.0,16.07142857142857,0,edge/edge/edge
S2,129,16,1.2,3,VIDEO,38.4,38.4,92.92622327369659,43.008,1.7019454812032342,54.00645716135491,44.0,7.142857142857142,0,regional/regional/regional
S2,129,16,1.2,4,CPU-OFF,9.6,9.6,70.80043422187518,10.752,1.2967112494848934,144.42453839448396,64.0,80.35714285714285,0,central/central/central
S2,129,16,1.2,5,MQTT,2.4,2.4,82.69273106549382,2.688,1.5145188839834032,68.60429113052929,64.0,2.6785714285714284,0,central/central/central
S2,130,16,1.2,1,BE-DL,24.0,24.0,57.77483471547246,26.88,1.058147155961034,67.05231112927096,64.0,2.0,0,central/central/central
S2,130,16,1.2,2,YOLO,18.0,18.0,50.899829647265,20.160000000000004,0.9322313122209707,44.37578138215093,26.0,16.07142857142857,0,edge/edge/edge
S2,130,16,1.2,3,VIDEO,38.4,38.4,80.82221770996301,43.008,1.4802603976183701,54.30594812127207,44.0,7.142857142857142,0,regional/regional/regional
S2,130,16,1.2,4,CPU-OFF,9.6,9.6,136.9553588385858,10.752,2.5083399054686044,146.60431266837855,64.0,80.35714285714285,0,central/central/central
S2,130,16,1.2,5,MQTT,2.4,2.4,128.41746742207934,2.688,2.3519682678036506,68.63795750776492,64.0,2.6785714285714284,0,central/central/central
S2,131,16,1.2,1,BE-DL,24.0,24.0,42.989480480470505,26.88,0.7873531223529396,68.79590933436755,64.0,2.0,0,central/central/central
S2,131,16,1.2,2,YOLO,18.0,18.0,92.71914640693302,20.160000000000004,1.6981528645958428,42.54779528252643,26.0,16.07142857142857,0,edge/edge/edge
S2,131,16,1.2,3,VIDEO,38.4,38.4,49.366065698263945,43.008,0.9041403974041016,54.43367064170477,44.0,7.142857142857142,0,regional/regional/regional
S2,131,16,1.2,4,CPU-OFF,9.6,9.6,49.53450963746994,10.752,0.9072254512357132,147.6728480789447,64.0,80.35714285714285,0,central/central/central
S2,131,16,1.2,5,MQTT,2.4,2.4,71.4953070866971,2.688,1.309437858730716,68.9152579006238,64.0,2.6785714285714284,0,central/central/central
S2,132,16,1.2,1,BE-DL,24.0,24.0,62.07836494577989,26.88,1.1369663909483496,68.57946346135256,64.0,2.0,0,central/central/central
S2,132,16,1.2,2,YOLO,18.0,18.0,62.20530108351292,20.160000000000004,1.1392912286357677,42.567206049133475,26.0,16.07142857142857,0,edge/edge/edge
S2,132,16,1.2,3,VIDEO,38.4,38.4,67.51134765082007,43.008,1.2364715686963383,53.279483305125346,44.0,7.142857142857142,0,regional/regional/regional
S2,132,16,1.2,4,CPU-OFF,9.6,9.6,143.03854339176684,10.752,2.6197535419737514,147.21787053418927,64.0,80.35714285714285,0,central/central/central
S2,132,16,1.2,5,MQTT,2.4,2.4,128.55216311281836,2.688,2.35443522184649,67.48991542002639,64.0,2.6785714285714284,0,central/central/central
S2,133,16,1.2,1,BE-DL,24.0,24.0,92.21828518602867,26.88,1.688979582161697,68.81227330078269,64.0,2.0,0,central/central/central
S2,133,16,1.2,2,YOLO,18.0,18.0,107.54532176024048,20.160000000000004,1.9696945377333421,42.40913114234891,26.0,16.07142857142857,0,edge/edge/edge
S2,133,16,1.2,3,VIDEO,38.4,38.4,71.2210743142817,43.008,1.3044152804813496,53.60072598791401,44.0,7.142857142857142,0,regional/regional/regional
S2,133,16,1.2,4,CPU-OFF,9.6,9.6,84.63663935873419,10.752,1.5501215999768165,146.3753113454251,64.0,80.35714285714285,0,central/central/central
S2,133,16,1.2,5,MQTT,2.4,2.4,80.78967326969105,2.688,1.479664345598737,69.16116158592197,64.0,2.6785714285714284,0,central/central/central
S2,134,16,1.2,1,BE-DL,24.0,24.0,47.42117515672416,26.88,0.8685196915150944,68.88524705102157,64.0,2.0,0,central/central/central
S2,134,16,1.2,2,YOLO,18.0,18.0,62.23081817754557,20.160000000000004,1.1397585746803218,42.103534660179164,26.0,16.07142857142857,0,edge/edge/edge
S2,134,16,1.2,3,VIDEO,38.4,38.4,57.78803435081796,43.008,1.0583889075241384,53.66110887550271,44.0,7.142857142857142,0,regional/regional/regional
S2,134,16,1.2,4,CPU-OFF,9.6,9.6,138.48571942756638,10.752,2.5363684876843657,145.42344153564355,64.0,80.35714285714285,0,central/central/central
S2,134,16,1.2,5,MQTT,2.4,2.4,93.15810585867666,2.688,1.7061924149940781,68.0030716274057,64.0,2.6785714285714284,0,central/central/central
S2,135,16,1.2,1,BE-DL,24.0,24.0,59.194850002645445,26.88,1.0841547619532133,67.86878474012458,64.0,2.0,0,central/central/central
S2,135,16,1.2,2,YOLO,18.0,18.0,128.38727760184824,20.160000000000004,2.3514153406931912,44.22848415995727,26.0,16.07142857142857,0,edge/edge/edge
S2,135,16,1.2,3,VIDEO,38.4,38.4,138.15995657946368,43.008,2.5304021351550126,51.183432413696295,44.0,7.142857142857142,0,regional/regional/regional
S2,135,16,1.2,4,CPU-OFF,9.6,9.6,60.08981648950919,10.752,1.1005460895514503,146.77719510346196,64.0,80.35714285714285,0,central/central/central
S2,135,16,1.2,5,MQTT,2.4,2.4,57.13565812841802,2.688,1.046440625062601,69.99935308367336,64.0,2.6785714285714284,0,central/central/central
S2,136,17,1.2,1,BE-DL,24.0,24.0,97.94264207353167,26.88,1.793821283398016,67.9110970227432,64.0,2.0,0,central/central/central
S2,136,17,1.2,2,YOLO,18.0,18.0,25.942391926399555,20.160000000000004,0.4751353832673911,42.929486320068314,26.0,16.07142857142857,0,edge/edge/edge
S2,136,17,1.2,3,VIDEO,38.4,16.29722771680352,16.29722771680352,43.008,0.2984840241172806,51.8701743106189,44.0,7.142857142857142,1,regional/regional/regional
S2,136,17,1.2,4,CPU-OFF,9.6,9.6,99.34126664485353,10.752,1.8194371180376103,146.58590469032185,64.0,80.35714285714285,0,central/central/central
S2,136,17,1.2,5,MQTT,2.4,2.4,33.259200509992795,2.688,0.6091428664833846,66.77853361760918,64.0,2.6785714285714284,0,central/central/central
S2,137,17,1.2,1,BE-DL,24.0,24.0,72.06216731570184,26.88,1.3198199142069933,66.94174548899692,64.0,2.0,0,central/central/central
S2,137,17,1.2,2,YOLO,18.0,18.0,30.38482369007324,20.160000000000004,0.5564986023822938,44.18709328749176,26.0,16.07142857142857,0,edge/edge/edge
S2,137,17,1.2,3,VIDEO,38.4,33.65909885794286,33.65909885794286,43.008,0.6164670120502355,51.33533587416463,44.0,7.142857142857142,1,regional/regional/regional
S2,137,17,1.2,4,CPU-OFF,9.6,9.6,81.30630518559536,10.752,1.4891264686006476,146.6839813271677,64.0,80.35714285714285,0,central/central/central
S2,137,17,1.2,5,MQTT,2.4,2.4,62.99020045919085,2.688,1.1536666750767555,69.6303323161334,64.0,2.6785714285714284,0,central/central/central
S2,138,17,1.2,1,BE-DL,24.0,24.0,126.48770273175889,26.88,2.316624592156756,68.3037413502027,64.0,2.0,0,central/central/central
S2,138,17,1.2,2,YOLO,18.0,18.0,32.986768505596075,20.160000000000004,0.6041532693332614,43.069186239383896,26.0,16.07142857142857,0,edge/edge/edge
S2,138,17,1.2,3,VIDEO,38.4,29.28865585462647,29.28865585462647,43.008,0.5364222683997522,54.39698467703897,44.0,7.142857142857142,1,regional/regional/regional
S2,138,17,1.2,4,CPU-OFF,9.6,9.6,31.939020128731734,10.752,0.5849637386214603,146.35548137676233,64.0,80.35714285714285,0,central/central/central
S2,138,17,1.2,5,MQTT,2.4,2.4,64.45953063237404,2.688,1.1805774841094145,68.65054124620046,64.0,2.6785714285714284,0,central/central/central
S2,139,17,1.2,1,BE-DL,24.0,24.0,59.99233323869868,26.88,1.0987606820274483,67.61666404436177,64.0,2.0,0,central/central/central
S2,139,17,1.2,2,YOLO,18.0,18.0,27.655331780542507,20.160000000000004,0.5065079080685441,44.03804005751456,26.0,16.07142857142857,0,edge/edge/edge
S2,139,17,1.2,3,VIDEO,38.4,21.717167095258546,21.717167095258546,43.008,0.3977503130999734,51.41451549239639,44.0,7.142857142857142,1,regional/regional/regional
S2,139,17,1.2,4,CPU-OFF,9.6,9.6,32.9405746469973,10.752,0.6033072279669834,147.59272828066705,64.0,80.35714285714285,0,central/central/central
S2,139,17,1.2,5,MQTT,2.4,2.4,75.29327986154524,2.688,1.3789977996620006,69.80903616039885,64.0,2.6785714285714284,0,central/central/central
S2,140,17,1.2,1,BE-DL,24.0,24.0,89.82136695301074,26.88,1.6450799808243723,68.05323943751999,64.0,2.0,0,central/central/central
S2,140,17,1.2,2,YOLO,18.0,9.828,9.828,20.160000000000004,0.18,43.19018410096319,26.0,16.07142857142857,1,edge/edge/edge
S2,140,17,1.2,3,VIDEO,38.4,18.164224147012007,18.164224147012007,43.008,0.3326780979306228,52.3790558786188,44.0,7.142857142857142,1,regional/regional/regional
S2,140,17,1.2,4,CPU-OFF,9.6,9.6,43.4902316692363,10.752,0.7965243895464523,146.68361627094663,64.0,80.35714285714285,0,central/central/central
S2,140,17,1.2,5,MQTT,2.4,2.4,42.601693129924755,2.688,0.7802507899253618,69.0910035737425,64.0,2.6785714285714284,0,central/central/central
S2,141,17,1.2,1,BE-DL,24.0,24.0,104.72765039820139,26.88,1.9180888351318937,68.92165851092209,64.0,2.0,0,central/central/central
S2,141,17,1.2,2,YOLO,18.0,18.0,21.913895323757707,20.160000000000004,0.4013533942080166,44.98921546511496,26.0,16.07142857142857,0,edge/edge/edge
S2,141,17,1.2,3,VIDEO,38.4,9.828,9.828,43.008,0.18,53.58889346249206,44.0,7.142857142857142,1,regional/regional/regional
S2,141,17,1.2,4,CPU-OFF,9.6,9.6,31.47245511265071,10.752,0.5764185918067896,147.1865781977109,64.0,80.35714285714285,0,central/central/central
S2,141,17,1.2,5,MQTT,2.4,2.4,63.8005861803152,2.688,1.1685089044013772,69.0819251145569,64.0,2.6785714285714284,0,central/central/central
S2,142,17,1.2,1,BE-DL,24.0,24.0,63.51534122021145,26.88,1.1632846377328103,66.33281161400133,64.0,2.0,0,central/central/central
S2,142,17,1.2,2,YOLO,18.0,18.0,70.40455611611252,20.160000000000004,1.2894607347273355,44.14896303799895,26.0,16.07142857142857,0,edge/edge/edge
S2,142,17,1.2,3,VIDEO,38.4,38.4,69.69989140377407,43.008,1.2765547876149097,51.18673574477118,44.0,7.142857142857142,0,regional/regional/regional
S2,142,17,1.2,4,CPU-OFF,9.6,9.6,53.409232768548506,10.752,0.9781910763470422,147.30073436137084,64.0,80.35714285714285,0,central/central/central
S2,142,17,1.2,5,MQTT,2.4,2.4,84.66252022738648,2.688,1.550595608560192,67.34288566204593,64.0,2.6785714285714284,0,central/central/central
S2,143,17,1.2,1,BE-DL,24.0,24.0,31.988649494553062,26.88,0.5858727013654407,66.37309743634599,64.0,2.0,0,central/central/central
S2,143,17,1.2,2,YOLO,18.0,18.0,68.00237428136,20.160000000000004,1.2454647304278388,43.36570618017195,26.0,16.07142857142857,0,edge/edge/edge
S2,143,17,1.2,3,VIDEO,38.4,38.4,76.83498893569619,43.008,1.4072342295915052,51.17468251292011,44.0,7.142857142857142,0,regional/regional/regional
S2,143,17,1.2,4,CPU-OFF,9.6,9.6,97.48687561864153,10.752,1.7854739124293322,145.06015353976963,64.0,80.35714285714285,0,central/central/central
S2,143,17,1.2,5,MQTT,2.4,2.4,76.30012222455845,2.688,1.397438135980924,67.19063383439548,64.0,2.6785714285714284,0,central/central/central
S2,144,18,0.8,1,BE-DL,16.0,16.0,47.36583188926328,17.92,0.8675060785579356,66.19609524520959,64.0,2.0,0,central/central/central
S2,144,18,0.8,2,YOLO,12.0,12.0,78.9357409352793,13.44,1.4457095409391814,42.27830275947561,26.0,16.07142857142857,0,edge/edge/edge
S2,144,18,0.8,3,VIDEO,25.6,25.6,69.87200757602375,28.672000000000004,1.2797070984619734,53.247929752369096,44.0,7.142857142857142,0,regional/regional/regional
S2,144,18,0.8,4,CPU-OFF,6.4,6.4,76.6257864046877,7.168000000000001,1.4034026814045366,145.53962738975233,64.0,80.35714285714285,0,central/central/central
S2,144,18,0.8,5,MQTT,1.6,1.6,103.10422797406505,1.7920000000000003,1.888355823700825,67.71729583456053,64.0,2.6785714285714284,0,central/central/central
S2,145,18,0.8,1,BE-DL,16.0,16.0,54.19829732832416,17.92,0.9926428082110651,69.29729660373059,64.0,2.0,0,central/central/central
S2,145,18,0.8,2,YOLO,12.0,12.0,67.65167231598511,13.44,1.2390416175088848,43.36246459506945,26.0,16.07142857142857,0,edge/edge/edge
S2,145,18,0.8,3,VIDEO,25.6,25.6,48.82154267759187,28.672000000000004,0.8941674483075434,52.45963878597989,44.0,7.142857142857142,0,regional/regional/regional
S2,145,18,0.8,4,CPU-OFF,6.4,6.4,52.79006558869126,7.168000000000001,0.9668510181078985,145.3798780336854,64.0,80.35714285714285,0,central/central/central
S2,145,18,0.8,5,MQTT,1.6,1.6,128.41746742207937,1.7920000000000003,2.3519682678036515,67.290953211587,64.0,2.6785714285714284,0,central/central/central
S2,146,18,0.8,1,BE-DL,16.0,16.0,50.69793904938238,17.92,0.9285336822231204,68.86894223651284,64.0,2.0,0,central/central/central
S2,146,18,0.8,2,YOLO,12.0,12.0,53.99307722492069,13.44,0.9888841982586206,42.26407583524966,26.0,16.07142857142857,0,edge/edge/edge
S2,146,18,0.8,3,VIDEO,25.6,25.6,73.58338094646875,28.672000000000004,1.347680969715545,53.02491207557248,44.0,7.142857142857142,0,regional/regional/regional
S2,146,18,0.8,4,CPU-OFF,6.4,6.4,132.6246548358065,7.168000000000001,2.4290229823407783,147.03996337811316,64.0,80.35714285714285,0,central/central/central
S2,146,18,0.8,5,MQTT,1.6,1.6,113.74253400156356,1.7920000000000003,2.08319659343523,67.86617677594266,64.0,2.6785714285714284,0,central/central/central
S2,147,18,0.8,1,BE-DL,16.0,16.0,35.76253632746015,17.92,0.6549915078289404,68.24384467775066,64.0,2.0,0,central/central/central
S2,147,18,0.8,2,YOLO,12.0,12.0,62.20530108351291,13.44,1.1392912286357675,43.33013268235635,26.0,16.07142857142857,0,edge/edge/edge
S2,147,18,0.8,3,VIDEO,25.6,25.6,133.99979609480954,28.672000000000004,2.4542087196851563,51.61968645033623,44.0,7.142857142857142,0,regional/regional/regional
S2,147,18,0.8,4,CPU-OFF,6.4,6.4,150.1358756974652,7.168000000000001,2.749741313140388,146.44032828324129,64.0,80.35714285714285,0,central/central/central
S2,147,18,0.8,5,MQTT,1.6,1.6,121.84060439608473,1.7920000000000003,2.231512901027193,67.39305896096411,64.0,2.6785714285714284,0,central/central/central
S2,148,18,0.8,1,BE-DL,16.0,16.0,82.05864359773734,17.92,1.5029055603981198,68.41467990667486,64.0,2.0,0,central/central/central
S2,148,18,0.8,2,YOLO,12.0,12.0,126.353696417861,13.44,2.3141702640633883,44.615848331804784,26.0,16.07142857142857,0,edge/edge/edge
S2,148,18,0.8,3,VIDEO,25.6,25.6,127.33464801644303,28.672000000000004,2.3321364105575646,52.3437953677178,44.0,7.142857142857142,0,regional/regional/regional
S2,148,18,0.8,4,CPU-OFF,6.4,6.4,140.3468323543566,7.168000000000001,2.570454805024846,144.89462034589903,64.0,80.35714285714285,0,central/central/central
S2,148,18,0.8,5,MQTT,1.6,1.6,111.49919819676639,1.7920000000000003,2.0421098570836334,68.17918272963011,64.0,2.6785714285714284,0,central/central/central
S2,149,18,0.8,1,BE-DL,16.0,16.0,82.31600215884193,17.92,1.507619087158277,68.3947539354636,64.0,2.0,0,central/central/central
S2,149,18,0.8,2,YOLO,12.0,12.0,48.63416882782973,13.44,0.8907356928173944,42.26543636154652,26.0,16.07142857142857,0,edge/edge/edge
S2,149,18,0.8,3,VIDEO,25.6,25.6,100.31130491085383,28.672000000000004,1.8372033866456745,54.369813902151684,44.0,7.142857142857142,0,regional/regional/regional
S2,149,18,0.8,4,CPU-OFF,6.4,6.4,131.93912178189962,7.168000000000001,2.416467431902923,145.0750683600328,64.0,80.35714285714285,0,central/central/central
S2,149,18,0.8,5,MQTT,1.6,1.6,93.15810585867668,1.7920000000000003,1.7061924149940784,67.4964254094932,64.0,2.6785714285714284,0,central/central/central
S2,150,18,0.8,1,BE-DL,16.0,16.0,117.39482857667501,17.92,2.1500884354702383,68.31928809713585,64.0,2.0,0,central/central/central
S2,150,18,0.8,2,YOLO,12.0,12.0,57.66547214320304,13.44,1.056144178446942,43.79115221700004,26.0,16.07142857142857,0,edge/edge/edge
S2,150,18,0.8,3,VIDEO,25.6,25.6,90.17310143163479,28.672000000000004,1.6515220042423955,54.150341408581326,44.0,7.142857142857142,0,regional/regional/regional
S2,150,18,0.8,4,CPU-OFF,6.4,6.4,83.76156237931583,7.168000000000001,1.5340945490717186,147.68061790394466,64.0,80.35714285714285,0,central/central/central
S2,150,18,0.8,5,MQTT,1.6,1.6,71.23876361581235,1.7920000000000003,1.3047392603628634,68.64247935468846,64.0,2.6785714285714284,0,central/central/central
S2,151,18,0.8,1,BE-DL,16.0,16.0,139.46180556122434,17.92,2.554245523099347,66.10293933732335,64.0,2.0,0,central/central/central
S2,151,18,0.8,2,YOLO,12.0,12.0,113.78242072982263,13.44,2.083927119593821,44.119227437136935,26.0,16.07142857142857,0,edge/edge/edge
S2,151,18,0.8,3,VIDEO,25.6,25.6,115.43054445275023,28.672000000000004,2.114112535764656,53.55252621306505,44.0,7.142857142857142,0,regional/regional/regional
S2,151,18,0.8,4,CPU-OFF,6.4,6.4,83.78179114626201,7.168000000000001,1.534465039308828,146.26275949028917,64.0,80.35714285714285,0,central/central/central
S2,151,18,0.8,5,MQTT,1.6,1.6,86.28566170045339,1.7920000000000003,1.5803234743672783,67.74123068865606,64.0,2.6785714285714284,0,central/central/central
S2,152,19,0.8,1,BE-DL,16.0,16.0,107.54732546358531,17.92,1.9697312355968004,66.48174698485907,64.0,2.0,0,central/central/central
S2,152,19,0.8,2,YOLO,12.0,12.0,74.92856182075893,13.44,1.3723179820651819,44.676532915551675,26.0,16.07142857142857,0,edge/edge/edge
S2,152,19,0.8,3,VIDEO,25.6,25.6,80.43213233586363,28.672000000000004,1.4731159768473192,53.58969555386317,44.0,7.142857142857142,0,regional/regional/regional
S2,152,19,0.8,4,CPU-OFF,6.4,6.4,90.26377948570332,7.168000000000001,1.6531827744634309,145.97386846920642,64.0,80.35714285714285,0,central/central/central
S2,152,19,0.8,5,MQTT,1.6,1.6,37.28567919557494,1.7920000000000003,0.6828878973548524,68.06985230558004,64.0,2.6785714285714284,0,central/central/central
S2,153,19,0.8,1,BE-DL,16.0,16.0,140.42278862593562,17.92,2.5718459455299563,67.58365679934252,64.0,2.0,0,central/central/central
S2,153,19,0.8,2,YOLO,12.0,12.0,117.80988751998555,13.44,2.157690247618783,44.44356202113493,26.0,16.07142857142857,0,edge/edge/edge
S2,153,19,0.8,3,VIDEO,25.6,25.6,55.15396232364725,28.672000000000004,1.0101458301034294,53.589172249586866,44.0,7.142857142857142,0,regional/regional/regional
S2,153,19,0.8,4,CPU-OFF,6.4,6.4,59.35836759773717,7.168000000000001,1.087149589702146,147.79132686501708,64.0,80.35714285714285,0,central/central/central
S2,153,19,0.8,5,MQTT,1.6,1.6,60.908793775505984,1.7920000000000003,1.1155456735440656,69.07096693921733,64.0,2.6785714285714284,0,central/central/central
S2,154,19,0.8,1,BE-DL,16.0,16.0,112.42260766579687,17.92,2.059022118421188,66.08709567202034,64.0,2.0,0,central/central/central
S2,154,19,0.8,2,YOLO,12.0,12.0,44.362366354986456,13.44,0.8124975522891292,43.65861395003617,26.0,16.07142857142857,0,edge/edge/edge
S2,154,19,0.8,3,VIDEO,25.6,25.6,81.83375615495466,28.672000000000004,1.4987867427647372,52.214002363395146,44.0,7.142857142857142,0,regional/regional/regional
S2,154,19,0.8,4,CPU-OFF,6.4,6.4,36.53912481851805,7.168000000000001,0.6692147402658983,144.98341780232994,64.0,80.35714285714285,0,central/central/central
S2,154,19,0.8,5,MQTT,1.6,1.6,67.82142766154446,1.7920000000000003,1.2421506897718766,66.8382226947488,64.0,2.6785714285714284,0,central/central/central
S2,155,19,0.8,1,BE-DL,16.0,16.0,89.82136695301074,17.92,1.6450799808243723,69.28456453149785,64.0,2.0,0,central/central/central
S2,155,19,0.8,2,YOLO,12.0,12.0,38.407540878252,13.44,0.70343481462,43.21722131926273,26.0,16.07142857142857,0,edge/edge/edge
S2,155,19,0.8,3,VIDEO,25.6,25.6,27.054337694941044,28.672000000000004,0.4955006903835356,54.42361310605438,44.0,7.142857142857142,0,regional/regional/regional
S2,155,19,0.8,4,CPU-OFF,6.4,6.4,43.4902316692363,7.168000000000001,0.7965243895464523,144.70085334998973,64.0,80.35714285714285,0,central/central/central
S2,155,19,0.8,5,MQTT,1.6,1.6,38.406071836826094,1.7920000000000003,0.703407909099379,68.79262577577468,64.0,2.6785714285714284,0,central/central/central
S2,156,19,0.8,1,BE-DL,16.0,16.0,83.94200986115379,17.92,1.5373994480064797,67.36461415876254,64.0,2.0,0,central/central/central
S2,156,19,0.8,2,YOLO,12.0,12.0,57.83357343045624,13.44,1.0592229566017626,44.4000773974276,26.0,16.07142857142857,0,edge/edge/edge
S2,156,19,0.8,3,VIDEO,25.6,25.6,53.912974747920906,28.672000000000004,0.9874171199252912,51.882419353957815,44.0,7.142857142857142,0,regional/regional/regional
S2,156,19,0.8,4,CPU-OFF,6.4,6.4,62.35109031751556,7.168000000000001,1.1419613611266586,147.10739184402857,64.0,80.35714285714285,0,central/central/central
S2,156,19,0.8,5,MQTT,1.6,1.6,58.950249219238586,1.7920000000000003,1.0796748941252488,68.5491873286083,64.0,2.6785714285714284,0,central/central/central
S2,157,19,0.8,1,BE-DL,16.0,16.0,85.95282589039486,17.92,1.5742275804101622,66.471874941588,64.0,2.0,0,central/central/central
S2,157,19,0.8,2,YOLO,12.0,12.0,77.75603587120852,13.44,1.4241032210844051,44.67964350021844,26.0,16.07142857142857,0,edge/edge/edge
S2,157,19,0.8,3,VIDEO,25.6,25.6,29.671439714056397,28.672000000000004,0.5434329617959047,52.556183465180666,44.0,7.142857142857142,0,regional/regional/regional
S2,157,19,0.8,4,CPU-OFF,6.4,6.4,66.59252440129147,7.168000000000001,1.2196433040529573,146.18886386391998,64.0,80.35714285714285,0,central/central/central
S2,157,19,0.8,5,MQTT,1.6,1.6,62.31505295924385,1.7920000000000003,1.1413013362498874,68.8117866834446,64.0,2.6785714285714284,0,central/central/central
S2,158,19,0.8,1,BE-DL,16.0,16.0,43.75805827085088,17.92,0.8014296386602725,68.26973950556942,64.0,2.0,0,central/central/central
S2,158,19,0.8,2,YOLO,12.0,12.0,43.150100949617986,13.44,0.7902948891871426,42.603596811800514,26.0,16.07142857142857,0,edge/edge/edge
S2,158,19,0.8,3,VIDEO,25.6,25.6,72.82352364989663,28.672000000000004,1.3337641694120261,52.44131268074447,44.0,7.142857142857142,0,regional/regional/regional
S2,158,19,0.8,4,CPU-OFF,6.4,6.4,107.66622809287719,7.168000000000001,1.9719089394299851,145.6841851772468,64.0,80.35714285714285,0,central/central/central
S2,158,19,0.8,5,MQTT,1.6,1.6,88.85583853999212,1.7920000000000003,1.6273963102562659,69.14167099470467,64.0,2.6785714285714284,0,central/central/central
S2,159,19,0.8,1,BE-DL,16.0,16.0,65.37038787056214,17.92,1.1972598511091967,68.77939535318089,64.0,2.0,0,central/central/central
S2,159,19,0.8,2,YOLO,12.0,12.0,34.157647895630056,13.44,0.6255979468064112,43.40968656628998,26.0,16.07142857142857,0,edge/edge/edge
S2,159,19,0.8,3,VIDEO,25.6,25.6,37.59610559928181,28.672000000000004,0.688573362624209,52.190798015595064,44.0,7.142857142857142,0,regional/regional/regional
S2,159,19,0.8,4,CPU-OFF,6.4,6.4,94.10184295312544,7.168000000000001,1.7234769771634695,144.72482000362646,64.0,80.35714285714285,0,central/central/central
S2,159,19,0.8,5,MQTT,1.6,1.6,62.2812341569226,1.7920000000000003,1.1406819442659817,66.97468215240836,64.0,2.6785714285714284,0,central/central/central
S2,160,20,0.8,1,BE-DL,16.0,16.0,75.65752165121393,17.92,1.3856688947108777,68.3254682448063,64.0,2.0,0,central/central/central
S2,160,20,0.8,2,YOLO,12.0,12.0,15.424581288044642,13.44,0.2825014887920264,42.84857106062189,26.0,16.07142857142857,0,edge/edge/edge
S2,160,20,0.8,3,VIDEO,25.6,16.656761619413658,16.656761619413658,28.672000000000004,0.3050688941284553,53.534233020535176,44.0,7.142857142857142,1,regional/regional/regional
S2,160,20,0.8,4,CPU-OFF,6.4,6.4,85.16133222326607,7.168000000000001,1.5597313594004776,144.40190742379943,64.0,80.35714285714285,0,central/central/central
S2,160,20,0.8,5,MQTT,1.6,1.6,114.26978033320619,1.7920000000000003,2.092853119655791,69.28452861956623,64.0,2.6785714285714284,0,central/central/central
S2,161,20,0.8,1,BE-DL,16.0,16.0,81.53177332503012,17.92,1.4932559217038484,69.34380323075948,64.0,2.0,0,central/central/central
S2,161,20,0.8,2,YOLO,12.0,12.0,24.60594857257082,13.44,0.45065839876503333,45.533228100186136,26.0,16.07142857142857,0,edge/edge/edge
S2,161,20,0.8,3,VIDEO,25.6,18.908134597636867,18.908134597636867,28.672000000000004,0.3463028314585507,53.085444836700574,44.0,7.142857142857142,1,regional/regional/regional
S2,161,20,0.8,4,CPU-OFF,6.4,6.4,132.6246548358065,7.168000000000001,2.4290229823407783,144.60151872880326,64.0,80.35714285714285,0,central/central/central
S2,161,20,0.8,5,MQTT,1.6,1.6,120.7837384873747,1.7920000000000003,2.2121563825526502,66.89476718430394,64.0,2.6785714285714284,0,central/central/central
S2,162,20,0.8,1,BE-DL,16.0,16.0,75.23627925493976,17.92,1.3779538325080543,69.09960419318874,64.0,2.0,0,central/central/central
S2,162,20,0.8,2,YOLO,12.0,12.0,17.417484303383656,13.44,0.31900154401801567,43.147460947040216,26.0,16.07142857142857,0,edge/edge/edge
S2,162,20,0.8,3,VIDEO,25.6,17.041500785797897,17.041500785797897,28.672000000000004,0.31211539900728746,52.2957290502178,44.0,7.142857142857142,1,regional/regional/regional
S2,162,20,0.8,4,CPU-OFF,6.4,6.4,57.87055572338659,7.168000000000001,1.0599002879741133,147.26572860380696,64.0,80.35714285714285,0,central/central/central
S2,162,20,0.8,5,MQTT,1.6,1.6,121.84060439608487,1.7920000000000003,2.2315129010271955,69.34185582578998,64.0,2.6785714285714284,0,central/central/central
S2,163,20,0.8,1,BE-DL,16.0,16.0,56.65953962700911,17.92,1.0377205059891779,67.96038501045336,64.0,2.0,0,central/central/central
S2,163,20,0.8,2,YOLO,12.0,12.0,28.357241791489457,13.44,0.5193634027745322,44.60152737253387,26.0,16.07142857142857,0,edge/edge/edge
S2,163,20,0.8,3,VIDEO,25.6,21.905875887574506,21.905875887574506,28.672000000000004,0.4012065180874452,51.61166845718412,44.0,7.142857142857142,1,regional/regional/regional
S2,163,20,0.8,4,CPU-OFF,6.4,6.4,70.70909110982858,7.168000000000001,1.295038298714809,146.9943126937646,64.0,80.35714285714285,0,central/central/central
S2,163,20,0.8,5,MQTT,1.6,1.6,86.93157825510616,1.7920000000000003,1.5921534478957171,67.01834381387414,64.0,2.6785714285714284,0,central/central/central
S2,164,20,0.8,1,BE-DL,16.0,16.0,53.23697965707699,17.92,0.9750362574556226,68.71097542086754,64.0,2.0,0,central/central/central
S2,164,20,0.8,2,YOLO,12.0,12.0,28.845814543474066,13.44,0.5283116216753492,43.44129723498734,26.0,16.07142857142857,0,edge/edge/edge
S2,164,20,0.8,3,VIDEO,25.6,25.6,36.02484254624578,28.672000000000004,0.6597956510301425,51.95839869627525,44.0,7.142857142857142,0,regional/regional/regional
S2,164,20,0.8,4,CPU-OFF,6.4,6.4,138.48571942756658,7.168000000000001,2.5363684876843697,146.15505346583743,64.0,80.35714285714285,0,central/central/central
S2,164,20,0.8,5,MQTT,1.6,1.6,71.4351394701065,1.7920000000000003,1.3083358877308884,67.3455069896961,64.0,2.6785714285714284,0,central/central/central
S2,165,20,0.8,1,BE-DL,16.0,16.0,59.194850002645346,17.92,1.0841547619532115,68.69775986560761,64.0,2.0,0,central/central/central
S2,165,20,0.8,2,YOLO,12.0,12.0,37.92864828135958,13.44,0.6946638879369886,44.92033309217382,26.0,16.07142857142857,0,edge/edge/edge
S2,165,20,0.8,3,VIDEO,25.6,25.24846840085777,25.24846840085777,28.672000000000004,0.4624261611878712,54.252200860589056,44.0,7.142857142857142,0,regional/regional/regional
S2,165,20,0.8,4,CPU-OFF,6.4,6.4,54.17188001705764,7.168000000000001,0.9921589746713853,146.05858307272825,64.0,80.35714285714285,0,central/central/central
S2,165,20,0.8,5,MQTT,1.6,1.6,71.23876361581253,1.7920000000000003,1.3047392603628667,69.8792527018671,64.0,2.6785714285714284,0,central/central/central
S2,166,20,0.8,1,BE-DL,16.0,16.0,139.46180556122457,17.92,2.554245523099351,67.27631753794333,64.0,2.0,0,central/central/central
S2,166,20,0.8,2,YOLO,12.0,12.0,141.95711538673092,13.44,2.5999471682551447,44.68175764582227,26.0,16.07142857142857,0,edge/edge/edge
S2,166,20,0.8,3,VIDEO,25.6,25.6,121.78900664718118,28.672000000000004,2.2305678873110106,53.10431185373703,44.0,7.142857142857142,0,regional/regional/regional
S2,166,20,0.8,4,CPU-OFF,6.4,6.4,73.40880748053416,7.168000000000001,1.3444836534896367,145.01254198435055,64.0,80.35714285714285,0,central/central/central
S2,166,20,0.8,5,MQTT,1.6,1.6,29.18024195688042,1.7920000000000003,0.5344366658769307,69.69261696936414,64.0,2.6785714285714284,0,central/central/central
S2,167,20,0.8,1,BE-DL,16.0,16.0,57.86810405654845,17.92,1.0598553856510704,68.87037979286755,64.0,2.0,0,central/central/central
S2,167,20,0.8,2,YOLO,12.0,12.0,95.08176120703169,13.44,1.7414241979309832,43.872649499881206,26.0,16.07142857142857,0,edge/edge/edge
S2,167,20,0.8,3,VIDEO,25.6,25.6,91.79754233984417,28.672000000000004,1.681273669227915,52.394256452875126,44.0,7.142857142857142,0,regional/regional/regional
S2,167,20,0.8,4,CPU-OFF,6.4,6.4,54.43388228527134,7.168000000000001,0.9969575510122956,146.18997162663635,64.0,80.35714285714285,0,central/central/central
S2,167,20,0.8,5,MQTT,1.6,1.6,29.941530263113105,1.7920000000000003,0.5483796751485916,68.56932689796042,64.0,2.6785714285714284,0,central/central/central
S2,168,21,0.8,1,BE-DL,16.0,16.0,105.58507389049365,17.92,1.9337925620969532,67.45966654154846,64.0,2.0,0,central/central/central
S2,168,21,0.8,2,YOLO,12.0,12.0,130.11132155821718,13.44,2.382991237329985,42.46302452038734,26.0,16.07142857142857,0,edge/edge/edge
S2,168,21,0.8,3,VIDEO,25.6,25.6,69.98847632793876,28.672000000000004,1.281840225786424,52.38515237204279,44.0,7.142857142857142,0,regional/regional/regional
S2,168,21,0.8,4,CPU-OFF,6.4,6.4,67.19246687459602,7.168000000000001,1.2306312614394876,147.18294404569158,64.0,80.35714285714285,0,central/central/central
S2,168,21,0.8,5,MQTT,1.6,1.6,46.705846348033724,1.7920000000000003,0.8554184312826689,68.09351162090992,64.0,2.6785714285714284,0,central/central/central
S2,169,21,0.8,1,BE-DL,16.0,16.0,73.09990184547318,17.92,1.3388260411258823,68.18052612378708,64.0,2.0,0,central/central/central
S2,169,21,0.8,2,YOLO,12.0,12.0,49.80303392682431,13.44,0.9121434785132658,42.32876025427264,26.0,16.07142857142857,0,edge/edge/edge
S2,169,21,0.8,3,VIDEO,25.6,25.6,81.83375615495446,28.672000000000004,1.4987867427647337,51.61048956335676,44.0,7.142857142857142,0,regional/regional/regional
S2,169,21,0.8,4,CPU-OFF,6.4,6.4,43.73622516155944,7.168000000000001,0.801029764863726,145.78795735175618,64.0,80.35714285714285,0,central/central/central
S2,169,21,0.8,5,MQTT,1.6,1.6,41.669944961542214,1.7920000000000003,0.7631858051564507,69.88725689366788,64.0,2.6785714285714284,0,central/central/central
S2,170,21,0.8,1,BE-DL,16.0,16.0,89.82136695301058,17.92,1.6450799808243695,66.15698664298743,64.0,2.0,0,central/central/central
S2,170,21,0.8,2,YOLO,12.0,12.0,80.80076996085073,13.44,1.4798675817005629,44.316332499623286,26.0,16.07142857142857,0,edge/edge/edge
S2,170,21,0.8,3,VIDEO,25.6,25.6,34.61791597524709,28.672000000000004,0.6340277651144155,54.4581709799934,44.0,7.142857142857142,0,regional/regional/regional
S2,170,21,0.8,4,CPU-OFF,6.4,6.4,36.33361126796958,7.168000000000001,0.6654507558236187,146.60504044732642,64.0,80.35714285714285,0,central/central/central
S2,170,21,0.8,5,MQTT,1.6,1.6,42.60169312992484,1.7920000000000003,0.7802507899253633,69.32266263270527,64.0,2.6785714285714284,0,central/central/central
S2,171,21,0.8,1,BE-DL,16.0,16.0,57.95995918984442,17.92,1.0615377140997146,67.71382106261754,64.0,2.0,0,central/central/central
S2,171,21,0.8,2,YOLO,12.0,12.0,82.34997955858462,13.44,1.5082413838568611,44.557337172005745,26.0,16.07142857142857,0,edge/edge/edge
S2,171,21,0.8,3,VIDEO,25.6,25.6,43.23984776736806,28.672000000000004,0.7919386037979498,52.04823465644281,44.0,7.142857142857142,0,regional/regional/regional
S2,171,21,0.8,4,CPU-OFF,6.4,6.4,62.351090317515435,7.168000000000001,1.1419613611266564,146.82366694181664,64.0,80.35714285714285,0,central/central/central
S2,171,21,0.8,5,MQTT,1.6,1.6,88.05227098569792,1.7920000000000003,1.6126789557820131,67.49661887460888,64.0,2.6785714285714284,0,central/central/central
S2,172,21,0.8,1,BE-DL,16.0,16.0,32.10286268195478,17.92,0.5879645179845199,66.75413785657148,64.0,2.0,0,central/central/central
S2,172,21,0.8,2,YOLO,12.0,12.0,44.674376973276225,13.44,0.8182120324775866,44.185892856376796,26.0,16.07142857142857,0,edge/edge/edge
S2,172,21,0.8,3,VIDEO,25.6,25.6,51.505140635720494,28.672000000000004,0.9433175940608148,53.402537552444805,44.0,7.142857142857142,0,regional/regional/regional
S2,172,21,0.8,4,CPU-OFF,6.4,6.4,49.0148022243007,7.168000000000001,0.8977070004450678,145.15422977059026,64.0,80.35714285714285,0,central/central/central
S2,172,21,0.8,5,MQTT,1.6,1.6,95.8362538614576,1.7920000000000003,1.7552427447153407,69.37958772263627,64.0,2.6785714285714284,0,central/central/central
S2,173,21,0.8,1,BE-DL,16.0,16.0,51.604330788382875,17.92,0.9451342635234958,69.02962807020911,64.0,2.0,0,central/central/central
S2,173,21,0.8,2,YOLO,12.0,12.0,71.55269904303742,13.44,1.310488993462224,45.38473124634758,26.0,16.07142857142857,0,edge/edge/edge
S2,173,21,0.8,3,VIDEO,25.6,25.6,64.80059307829772,28.672000000000004,1.1868240490530717,54.36952549844867,44.0,7.142857142857142,0,regional/regional/regional
S2,173,21,0.8,4,CPU-OFF,6.4,6.4,97.48687561864128,7.168000000000001,1.7854739124293275,147.52854999519454,64.0,80.35714285714285,0,central/central/central
S2,173,21,0.8,5,MQTT,1.6,1.6,132.8008456440097,1.7920000000000003,2.432249920219958,70.12161728985504,64.0,2.6785714285714284,0,central/central/central
S2,174,21,0.8,1,BE-DL,16.0,16.0,72.57221026308174,17.92,1.3291613601297023,69.2557930533899,64.0,2.0,0,central/central/central
S2,174,21,0.8,2,YOLO,12.0,12.0,78.9357409352794,13.44,1.4457095409391831,43.16601503595842,26.0,16.07142857142857,0,edge/edge/edge
S2,174,21,0.8,3,VIDEO,25.6,25.6,65.26116443648903,28.672000000000004,1.1952594219137183,54.17202984360666,44.0,7.142857142857142,0,regional/regional/regional
S2,174,21,0.8,4,CPU-OFF,6.4,6.4,70.80043422187518,7.168000000000001,1.2967112494848934,147.84158860998517,64.0,80.35714285714285,0,central/central/central
S2,174,21,0.8,5,MQTT,1.6,1.6,62.28123415692253,1.7920000000000003,1.1406819442659804,68.85275117234164,64.0,2.6785714285714284,0,central/central/central
S2,175,21,0.8,1,BE-DL,16.0,16.0,29.162535618286075,17.92,0.5341123739612834,68.95730675189883,64.0,2.0,0,central/central/central
S2,175,21,0.8,2,YOLO,12.0,12.0,80.2155543175252,13.44,1.4691493464748204,42.667314284427086,26.0,16.07142857142857,0,edge/edge/edge
S2,175,21,0.8,3,VIDEO,25.6,25.6,59.48843435504862,28.672000000000004,1.0895317647444802,54.212581440048226,44.0,7.142857142857142,0,regional/regional/regional
S2,175,21,0.8,4,CPU-OFF,6.4,6.4,52.79006558869117,7.168000000000001,0.9668510181078969,146.87275612698545,64.0,80.35714285714285,0,central/central/central
S2,175,21,0.8,5,MQTT,1.6,1.6,114.26978033320614,1.7920000000000003,2.09285311965579,69.9097538926954,64.0,2.6785714285714284,0,central/central/central
S2,176,22,0.8,1,BE-DL,16.0,16.0,42.98948048047035,17.92,0.7873531223529368,68.54156640209129,64.0,2.0,0,central/central/central
S2,176,22,0.8,2,YOLO,12.0,12.0,58.833835872672196,13.44,1.0775427815507728,45.32968001595667,26.0,16.07142857142857,0,edge/edge/edge
S2,176,22,0.8,3,VIDEO,25.6,25.6,97.80069619467328,28.672000000000004,1.791221542026983,53.07573085517164,44.0,7.142857142857142,0,regional/regional/regional
S2,176,22,0.8,4,CPU-OFF,6.4,6.4,139.5488336023344,7.168000000000001,2.555839443266198,144.88424346853012,64.0,80.35714285714285,0,central/central/central
S2,176,22,0.8,5,MQTT,1.6,1.6,134.86614745899695,1.7920000000000003,2.4700759607874896,70.04370848098273,64.0,2.6785714285714284,0,central/central/central
S2,177,22,0.8,1,BE-DL,16.0,16.0,40.14850776384686,17.92,0.7353206550155102,69.21874163056462,64.0,2.0,0,central/central/central
S2,177,22,0.8,2,YOLO,12.0,12.0,90.09043605198461,13.44,1.6500079863000845,44.96423070940778,26.0,16.07142857142857,0,edge/edge/edge
S2,177,22,0.8,3,VIDEO,25.6,25.6,100.75557187281481,28.672000000000004,1.8453401441907473,54.427083561486825,44.0,7.142857142857142,0,regional/regional/regional
S2,177,22,0.8,4,CPU-OFF,6.4,6.4,57.87055572338659,7.168000000000001,1.0599002879741133,146.62198856689903,64.0,80.35714285714285,0,central/central/central
S2,177,22,0.8,5,MQTT,1.6,1.6,74.85969337895037,1.7920000000000003,1.3710566552921313,67.44436764606544,64.0,2.6785714285714284,0,central/central/central
S2,178,22,0.8,1,BE-DL,16.0,16.0,71.89900200944622,17.92,1.3168315386345462,66.05022928284377,64.0,2.0,0,central/central/central
S2,178,22,0.8,2,YOLO,12.0,12.0,95.00640532182709,13.44,1.7400440535133166,42.97192551814842,26.0,16.07142857142857,0,edge/edge/edge
S2,178,22,0.8,3,VIDEO,25.6,25.6,127.33464801644303,28.672000000000004,2.3321364105575646,52.08554796908071,44.0,7.142857142857142,0,regional/regional/regional
S2,178,22,0.8,4,CPU-OFF,6.4,6.4,98.56418760763975,7.168000000000001,1.8052049012388234,144.6653017034668,64.0,80.35714285714285,0,central/central/central
S2,178,22,0.8,5,MQTT,1.6,1.6,93.07348324052111,1.7920000000000003,1.7046425501926943,68.00406966086535,64.0,2.6785714285714284,0,central/central/central
S2,179,22,0.8,1,BE-DL,16.0,16.0,82.31600215884191,17.92,1.5076190871582766,67.8187688445356,64.0,2.0,0,central/central/central
S2,179,22,0.8,2,YOLO,12.0,12.0,109.81909090155114,13.44,2.01133866120057,43.65963260125751,26.0,16.07142857142857,0,edge/edge/edge
S2,179,22,0.8,3,VIDEO,25.6,25.6,93.22409315084786,28.672000000000004,1.707400973458752,51.654580247818885,44.0,7.142857142857142,0,regional/regional/regional
S2,179,22,0.8,4,CPU-OFF,6.4,6.4,66.47314532523188,7.168000000000001,1.217456874088496,145.1832964579802,64.0,80.35714285714285,0,central/central/central
S2,179,22,0.8,5,MQTT,1.6,1.6,93.15810585867669,1.7920000000000003,1.7061924149940786,67.79958534281585,64.0,2.6785714285714284,0,central/central/central
S2,180,22,0.8,1,BE-DL,16.0,16.0,59.19485000264543,17.92,1.084154761953213,66.8071823859525,64.0,2.0,0,central/central/central
S2,180,22,0.8,2,YOLO,12.0,12.0,64.73765268906756,13.44,1.185671294671567,42.964522102928775,26.0,16.07142857142857,0,edge/edge/edge
S2,180,22,0.8,3,VIDEO,25.6,25.6,49.04151130492419,28.672000000000004,0.8981961777458642,53.88573495106142,44.0,7.142857142857142,0,regional/regional/regional
S2,180,22,0.8,4,CPU-OFF,6.4,6.4,60.0898164895092,7.168000000000001,1.1005460895514505,145.62663010396295,64.0,80.35714285714285,0,central/central/central
S2,180,22,0.8,5,MQTT,1.6,1.6,47.73358780348848,1.7920000000000003,0.8742415348624264,68.01698891732961,64.0,2.6785714285714284,0,central/central/central
S2,181,22,0.8,1,BE-DL,16.0,16.0,91.02278149224955,17.92,1.6670839101144606,68.50735098631232,64.0,2.0,0,central/central/central
S2,181,22,0.8,2,YOLO,12.0,12.0,92.65139973714122,13.44,1.6969120830978246,44.1059024315182,26.0,16.07142857142857,0,edge/edge/edge
S2,181,22,0.8,3,VIDEO,25.6,25.6,115.43054445275023,28.672000000000004,2.114112535764656,51.36433629008837,44.0,7.142857142857142,0,regional/regional/regional
S2,181,22,0.8,4,CPU-OFF,6.4,6.4,63.035823814806676,7.168000000000001,1.154502267670452,147.36721572547964,64.0,80.35714285714285,0,central/central/central
S2,181,22,0.8,5,MQTT,1.6,1.6,74.04878604111606,1.7920000000000003,1.3562048725479132,68.87284793169023,64.0,2.6785714285714284,0,central/central/central
S2,182,22,0.8,1,BE-DL,16.0,16.0,57.86810405654845,17.92,1.0598553856510704,69.15744652368107,64.0,2.0,0,central/central/central
S2,182,22,0.8,2,YOLO,12.0,12.0,142.10589310833558,13.44,2.602672034951201,43.17505901715848,26.0,16.07142857142857,0,edge/edge/edge
S2,182,22,0.8,3,VIDEO,25.6,25.6,40.65319732193108,28.672000000000004,0.7445640535152213,54.502080795152715,44.0,7.142857142857142,0,regional/regional/regional
S2,182,22,0.8,4,CPU-OFF,6.4,6.4,40.99767083510953,7.168000000000001,0.7508730922181233,147.00409874771123,64.0,80.35714285714285,0,central/central/central
S2,182,22,0.8,5,MQTT,1.6,1.6,70.33434939165257,1.7920000000000003,1.288174897283014,67.46593589347414,64.0,2.6785714285714284,0,central/central/central
S2,183,22,0.8,1,BE-DL,16.0,16.0,56.8122732608748,17.92,1.0405178252907472,68.87134744559594,64.0,2.0,0,central/central/central
S2,183,22,0.8,2,YOLO,12.0,12.0,87.0563024244073,13.44,1.594437773340793,44.32289118200446,26.0,16.07142857142857,0,edge/edge/edge
S2,183,22,0.8,3,VIDEO,25.6,25.6,79.87815233079986,28.672000000000004,1.4629698229084225,53.69567134764845,44.0,7.142857142857142,0,regional/regional/regional
S2,183,22,0.8,4,CPU-OFF,6.4,6.4,47.60721868244929,7.168000000000001,0.8719270820961409,145.3591254715524,64.0,80.35714285714285,0,central/central/central
S2,183,22,0.8,5,MQTT,1.6,1.6,43.15510949116565,1.7920000000000003,0.7903866207173196,66.75553647796467,64.0,2.6785714285714284,0,central/central/central
S2,184,23,0.8,1,BE-DL,16.0,16.0,92.76125475563506,17.92,1.6989240797735359,67.0780116241093,64.0,2.0,0,central/central/central
S2,184,23,0.8,2,YOLO,12.0,12.0,20.038397179969362,13.44,0.36700361135475024,43.677701402809845,26.0,16.07142857142857,0,edge/edge/edge
S2,184,23,0.8,3,VIDEO,25.6,22.913451723387308,22.913451723387308,28.672000000000004,0.4196602879741265,54.22847616915506,44.0,7.142857142857142,1,regional/regional/regional
S2,184,23,0.8,4,CPU-OFF,6.4,6.4,61.72897601916308,7.168000000000001,1.130567326358298,145.23587878885726,64.0,80.35714285714285,0,central/central/central
S2,184,23,0.8,5,MQTT,1.6,1.6,45.40587106154248,1.7920000000000003,0.8316093601015105,69.06256256488396,64.0,2.6785714285714284,0,central/central/central
S2,185,23,0.8,1,BE-DL,16.0,16.0,119.45785858725287,17.92,2.1878728678984043,66.40479495147964,64.0,2.0,0,central/central/central
S2,185,23,0.8,2,YOLO,12.0,12.0,21.30531512869074,13.44,0.3902072367892077,44.35442450028889,26.0,16.07142857142857,0,edge/edge/edge
S2,185,23,0.8,3,VIDEO,25.6,21.3409270247406,21.3409270247406,28.672000000000004,0.3908594693175934,51.28844186133076,44.0,7.142857142857142,1,regional/regional/regional
S2,185,23,0.8,4,CPU-OFF,6.4,6.4,32.7553010673362,7.168000000000001,0.5999139389622014,145.34328141590115,64.0,80.35714285714285,0,central/central/central
S2,185,23,0.8,5,MQTT,1.6,1.6,67.77542088851663,1.7920000000000003,1.241308074881257,69.77380350153405,64.0,2.6785714285714284,0,central/central/central
S2,186,23,0.8,1,BE-DL,16.0,16.0,89.13841999541572,17.92,1.6325717947878335,68.00759207574255,64.0,2.0,0,central/central/central
S2,186,23,0.8,2,YOLO,12.0,12.0,19.6256974184657,13.44,0.35944500766420695,44.90300590246692,26.0,16.07142857142857,0,edge/edge/edge
S2,186,23,0.8,3,VIDEO,25.6,12.107157374863052,12.107157374863052,28.672000000000004,0.22174280906342583,53.49524374710856,44.0,7.142857142857142,1,regional/regional/regional
S2,186,23,0.8,4,CPU-OFF,6.4,6.4,39.19211391386692,7.168000000000001,0.7178042841367568,147.24632333772226,64.0,80.35714285714285,0,central/central/central
S2,186,23,0.8,5,MQTT,1.6,1.6,73.50126010246836,1.7920000000000003,1.346176924953633,69.23229119424408,64.0,2.6785714285714284,0,central/central/central
S2,187,23,0.8,1,BE-DL,16.0,16.0,76.97783202232152,17.92,1.409850403339222,66.21421257571441,64.0,2.0,0,central/central/central
S2,187,23,0.8,2,YOLO,12.0,11.479618386803878,11.479618386803878,13.44,0.21024942100373403,43.07178579965217,26.0,16.07142857142857,0,edge/edge/edge
S2,187,23,0.8,3,VIDEO,25.6,9.828,9.828,28.672000000000004,0.18,52.12606633492116,44.0,7.142857142857142,1,regional/regional/regional
S2,187,23,0.8,4,CPU-OFF,6.4,6.4,92.95910766677744,7.168000000000001,1.7025477594647882,145.99571330250907,64.0,80.35714285714285,0,central/central/central
S2,187,23,0.8,5,MQTT,1.6,1.6,79.07565341035082,1.7920000000000003,1.4482720404826157,67.83097700100066,64.0,2.6785714285714284,0,central/central/central
S2,188,23,0.8,1,BE-DL,16.0,16.0,35.91178575331901,17.92,0.6577250137970514,67.62021138785975,64.0,2.0,0,central/central/central
S2,188,23,0.8,2,YOLO,12.0,10.093846399353678,10.093846399353678,13.44,0.18486898167314428,44.32571451186198,26.0,16.07142857142857,1,edge/edge/edge
S2,188,23,0.8,3,VIDEO,25.6,10.281694101756589,10.281694101756589,28.672000000000004,0.1883094157830877,51.80945671328765,44.0,7.142857142857142,1,regional/regional/regional
S2,188,23,0.8,4,CPU-OFF,6.4,6.4,97.4868756186415,7.168000000000001,1.7854739124293315,145.95829360803745,64.0,80.35714285714285,0,central/central/central
S2,188,23,0.8,5,MQTT,1.6,1.6,88.8558385399921,1.7920000000000003,1.6273963102562656,67.87547392825417,64.0,2.6785714285714284,0,central/central/central
S2,189,23,0.8,1,BE-DL,16.0,16.0,25.760364711704568,17.92,0.47180155149642067,66.21268362929594,64.0,2.0,0,central/central/central
S2,189,23,0.8,2,YOLO,12.0,12.0,21.057185290953115,13.44,0.3856627342665406,43.71804534428315,26.0,16.07142857142857,0,edge/edge/edge
S2,189,23,0.8,3,VIDEO,25.6,24.728306437565358,24.728306437565358,28.672000000000004,0.4528993853033948,53.62046355302577,44.0,7.142857142857142,0,regional/regional/regional
S2,189,23,0.8,4,CPU-OFF,6.4,6.4,105.75254731875047,7.168000000000001,1.9368598410027558,147.41362127364619,64.0,80.35714285714285,0,central/central/central
S2,189,23,0.8,5,MQTT,1.6,1.6,48.67356955120842,1.7920000000000003,0.8914573177877,68.45365049274379,64.0,2.6785714285714284,0,central/central/central
S2,190,23,0.8,1,BE-DL,16.0,16.0,54.19829732832423,17.92,0.9926428082110664,68.99300081975363,64.0,2.0,0,central/central/central
S2,190,23,0.8,2,YOLO,12.0,12.0,88.59147565188586,13.44,1.6225544991187886,45.205368857325624,26.0,16.07142857142857,0,edge/edge/edge
S2,190,23,0.8,3,VIDEO,25.6,25.6,38.154651000134905,28.672000000000004,0.6988031318706026,51.25032572872286,44.0,7.142857142857142,0,regional/regional/regional
S2,190,23,0.8,4,CPU-OFF,6.4,6.4,111.05834553092626,7.168000000000001,2.0340356324345468,147.43839407838783,64.0,80.35714285714285,0,central/central/central
S2,190,23,0.8,5,MQTT,1.6,1.6,135.49131096651598,1.7920000000000003,2.481525841877582,68.98016403372657,64.0,2.6785714285714284,0,central/central/central
S2,191,23,0.8,1,BE-DL,16.0,16.0,81.53177332503012,17.92,1.4932559217038481,66.41234190626037,64.0,2.0,0,central/central/central
S2,191,23,0.8,2,YOLO,12.0,12.0,73.3561118159269,13.44,1.3435185314272324,43.78408984090728,26.0,16.07142857142857,0,edge/edge/edge
S2,191,23,0.8,3,VIDEO,25.6,25.6,55.42039451031495,28.672000000000004,1.0150255404819588,51.379978035292964,44.0,7.142857142857142,0,regional/regional/regional
S2,191,23,0.8,4,CPU-OFF,6.4,6.4,139.54883360233455,7.168000000000001,2.5558394432662004,145.8161376599176,64.0,80.35714285714285,0,central/central/central
S2,191,23,0.8,5,MQTT,1.6,1.6,57.41289811507498,1.7920000000000003,1.0515182804958787,67.24676378533222,64.0,2.6785714285714284,0,central/central/central
S3,0,0,0.2,1,BE-DL,4.0,4.0,119.7622373618921,8.96,2.2685255103054627,67.29675184487817,64.0,2.0,0,central/central/central
S3,0,0,0.2,2,YOLO,3.0,3.0,64.27378644075432,6.72,1.1856712946715668,35.27792495579806,26.0,8.035714285714285,0,edge/edge/edge
S3,0,0,0.2,3,VIDEO,6.4,6.4,54.262066616239096,14.336000000000002,0.8981961777458632,50.338242431915,44.0,3.571428571428571,0,regional/regional/regional
S3,0,0,0.2,4,CPU-OFF,1.6,1.6,92.4335923609478,3.5840000000000005,1.7508687788318502,107.34657485694153,64.0,40.17857142857142,0,central/central/central
S3,0,0,0.2,5,MQTT,0.4,0.4,55.24472612476757,0.8960000000000001,1.0464406250626002,65.96002188566638,64.0,1.3392857142857142,0,central/central/central
S3,1,0,0.2,1,BE-DL,4.0,4.0,97.0124350149405,8.96,1.7938212833980156,69.38436770056836,64.0,2.0,0,central/central/central
S3,1,0,0.2,2,YOLO,3.0,3.0,133.63210569631337,6.72,2.4709421560898153,37.25518984759476,26.0,8.035714285714285,0,edge/edge/edge
S3,1,0,0.2,3,VIDEO,6.4,6.4,106.61569713161268,14.336000000000002,1.8812018326719373,49.79697638593485,44.0,3.571428571428571,0,regional/regional/regional
S3,1,0,0.2,4,CPU-OFF,1.6,1.6,41.888209946410925,3.5840000000000005,0.7745394960320744,106.81313376834822,64.0,40.17857142857142,0,central/central/central
S3,1,0,0.2,5,MQTT,0.4,0.4,45.063978665168726,0.8960000000000001,0.8332614683027431,67.14232365141395,64.0,1.3392857142857142,0,central/central/central
S3,2,0,0.2,1,BE-DL,4.0,4.0,113.32617328986923,8.96,2.099713499874762,66.97264725425056,64.0,2.0,0,central/central/central
S3,2,0,0.2,2,YOLO,3.0,3.0,127.19097093220338,6.72,2.3566012243739998,34.8278799846662,26.0,8.035714285714285,0,edge/edge/edge
S3,2,0,0.2,3,VIDEO,6.4,6.4,96.0195044690796,14.336000000000002,1.681273669227917,49.41178752313694,44.0,3.571428571428571,0,regional/regional/regional
S3,2,0,0.2,4,CPU-OFF,1.6,1.6,58.23524060292385,3.5840000000000005,1.0789857039436894,105.68676364096693,64.0,40.17857142857142,0,central/central/central
S3,2,0,0.2,5,MQTT,0.4,0.4,47.746526060416336,0.8960000000000001,0.8846502306642389,67.6604178859398,64.0,1.3392857142857142,0,central/central/central
S3,3,0,0.2,1,BE-DL,4.0,4.0,81.16621083063357,8.96,1.5509605320371505,67.27813280396337,64.0,2.0,0,central/central/central
S3,3,0,0.2,2,YOLO,3.0,3.0,112.91811617888004,6.72,2.1576902476187887,34.71960588526473,26.0,8.035714285714285,0,edge/edge/edge
S3,3,0,0.2,3,VIDEO,6.4,6.4,41.24999170055037,14.336000000000002,0.6478866358594408,49.65345911994975,44.0,3.571428571428571,0,regional/regional/regional
S3,3,0,0.2,4,CPU-OFF,1.6,1.6,49.38484739068906,3.5840000000000005,0.9436679179648075,105.70216747439868,64.0,40.17857142857142,0,central/central/central
S3,3,0,0.2,5,MQTT,0.4,0.4,44.76649876493172,0.8960000000000001,0.8554184312826689,66.38925597739373,64.0,1.3392857142857142,0,central/central/central
S3,4,0,0.2,1,BE-DL,4.0,4.0,135.98562549492425,8.96,2.539152836618054,68.12348386839743,64.0,2.0,0,central/central/central
S3,4,0,0.2,2,YOLO,3.0,3.0,56.21331891804062,6.72,1.0117894047374059,35.243566311049804,26.0,8.035714285714285,0,edge/edge/edge
S3,4,0,0.2,3,VIDEO,6.4,6.4,93.97914320271205,14.336000000000002,1.6552865632943816,50.88529783985734,44.0,3.571428571428571,0,regional/regional/regional
S3,4,0,0.2,4,CPU-OFF,1.6,1.6,71.13724124377097,3.5840000000000005,1.328289863255039,106.15039223933033,64.0,40.17857142857142,0,central/central/central
S3,4,0,0.2,5,MQTT,0.4,0.4,77.51738903716858,0.8960000000000001,1.4474213546070618,66.85395530295554,64.0,1.3392857142857142,0,central/central/central
S3,5,0,0.2,1,BE-DL,4.0,4.0,105.33358570362654,8.96,1.970755713068791,68.43598204546824,64.0,2.0,0,central/central/central
S3,5,0,0.2,2,YOLO,3.0,3.0,62.43285349960538,6.72,1.1347863518869816,35.13408543113258,26.0,8.035714285714285,0,edge/edge/edge
S3,5,0,0.2,3,VIDEO,6.4,6.4,80.45808495794658,14.336000000000002,1.3959266761342588,48.48686423351987,44.0,3.571428571428571,0,regional/regional/regional
S3,5,0,0.2,4,CPU-OFF,1.6,1.6,25.058727545863803,3.5840000000000005,0.4688403052393678,106.63151454182442,64.0,40.17857142857142,0,central/central/central
S3,5,0,0.2,5,MQTT,0.4,0.4,45.810218397662645,0.8960000000000001,0.8570936707513453,66.13690764046146,64.0,1.3392857142857142,0,central/central/central
S3,6,0,0.2,1,BE-DL,4.0,4.0,76.09424611936885,8.96,1.4422271012251262,68.55934230425456,64.0,2.0,0,central/central/central
S3,6,0,0.2,2,YOLO,3.0,3.0,57.81787898422237,6.72,1.0592229566017635,35.95540501190049,26.0,8.035714285714285,0,edge/edge/edge
S3,6,0,0.2,3,VIDEO,6.4,6.4,55.455295592218945,14.336000000000002,0.9222576145495103,49.74668998011935,44.0,3.571428571428571,0,regional/regional/regional
S3,6,0,0.2,4,CPU-OFF,1.6,1.6,56.521868135869965,3.5840000000000005,1.0712685149616763,105.48107653736032,64.0,40.17857142857142,0,central/central/central
S3,6,0,0.2,5,MQTT,0.4,0.4,75.71350947198302,0.8960000000000001,1.4350109352297624,66.80996212400792,64.0,1.3392857142857142,0,central/central/central
S3,7,0,0.2,1,BE-DL,4.0,4.0,40.3591879761678,8.96,0.7523416950554598,68.36473727997368,64.0,2.0,0,central/central/central
S3,7,0,0.2,2,YOLO,3.0,3.0,66.03759273559999,6.72,1.2221394915488,36.05583555145098,26.0,8.035714285714285,0,edge/edge/edge
S3,7,0,0.2,3,VIDEO,6.4,6.4,56.48559147734002,14.336000000000002,0.9433175940608166,49.0283758219022,44.0,3.571428571428571,0,regional/regional/regional
S3,7,0,0.2,4,CPU-OFF,1.6,1.6,81.27293178218821,3.5840000000000005,1.5415796076608461,104.18487966619529,64.0,40.17857142857142,0,central/central/central
S3,7,0,0.2,5,MQTT,0.4,0.4,76.35370509784912,0.8960000000000001,1.4482720404826164,68.11839442699997,64.0,1.3392857142857142,0,central/central/central
S3,8,1,0.2,1,BE-DL,4.0,4.0,77.07415073539869,8.96,1.4481004505447708,66.32706076723116,64.0,2.0,0,central/central/central
S3,8,1,0.2,2,YOLO,3.0,3.0,51.19395859866434,6.72,0.9203434152559128,37.20217853965102,26.0,8.035714285714285,0,edge/edge/edge
S3,8,1,0.2,3,VIDEO,6.4,6.4,76.96115245335707,14.336000000000002,1.333764169412027,51.035505157974335,44.0,3.571428571428571,0,regional/regional/regional
S3,8,1,0.2,4,CPU-OFF,1.6,1.6,55.339116797406824,3.5840000000000005,1.0397338044267195,104.38414468987595,64.0,40.17857142857142,0,central/central/central
S3,8,1,0.2,5,MQTT,0.4,0.4,104.97609813334239,0.8960000000000001,1.9723335716692778,66.59309497935554,64.0,1.3392857142857142,0,central/central/central
S3,9,1,0.2,1,BE-DL,4.0,4.0,50.221531370216795,8.96,0.9334568330681879,67.98467415427557,64.0,2.0,0,central/central/central
S3,9,1,0.2,2,YOLO,3.0,3.0,64.36078516951453,6.72,1.1723390095615918,35.49371265381689,26.0,8.035714285714285,0,edge/edge/edge
S3,9,1,0.2,3,VIDEO,6.4,6.4,83.1631119492023,14.336000000000002,1.448602451558478,50.28117112313663,44.0,3.571428571428571,0,regional/regional/regional
S3,9,1,0.2,4,CPU-OFF,1.6,1.6,103.51515174341993,3.5840000000000005,1.936859841002755,107.53319683194553,64.0,40.17857142857142,0,central/central/central
S3,9,1,0.2,5,MQTT,0.4,0.4,74.28332527421334,0.8960000000000001,1.3899065707442626,68.44866970639407,64.0,1.3392857142857142,0,central/central/central
S3,10,1,0.2,1,BE-DL,4.0,4.0,73.6625277598973,8.96,1.3856688947108784,66.08271350035122,64.0,2.0,0,central/central/central
S3,10,1,0.2,2,YOLO,3.0,3.0,67.4396993888105,6.72,1.2390416175088879,35.0776973831873,26.0,8.035714285714285,0,edge/edge/edge
S3,10,1,0.2,3,VIDEO,6.4,6.4,64.38073547309061,14.336000000000002,1.0895317647444873,48.55707579728065,44.0,3.571428571428571,0,regional/regional/regional
S3,10,1,0.2,4,CPU-OFF,1.6,1.6,57.701593205997,3.5840000000000005,1.0854270863664164,106.52996236460088,64.0,40.17857142857142,0,central/central/central
S3,10,1,0.2,5,MQTT,0.4,0.4,56.158108295028455,0.8960000000000001,1.056392527064352,67.0450564455395,64.0,1.3392857142857142,0,central/central/central
S3,11,1,0.2,1,BE-DL,4.0,4.0,78.19930180830933,8.96,1.493255921703849,68.11510511370773,64.0,2.0,0,central/central/central
S3,11,1,0.2,2,YOLO,3.0,3.0,40.461683022144484,6.72,0.7229084483821656,35.755905948907525,26.0,8.035714285714285,0,edge/edge/edge
S3,11,1,0.2,3,VIDEO,6.4,6.4,54.18003156481304,14.336000000000002,0.9041403974041002,49.67626599611997,44.0,3.571428571428571,0,regional/regional/regional
S3,11,1,0.2,4,CPU-OFF,1.6,1.6,80.71569556722574,3.5840000000000005,1.5413077558628243,106.15265495210079,64.0,40.17857142857142,0,central/central/central
S3,11,1,0.2,5,MQTT,0.4,0.4,48.31283697224846,0.8960000000000001,0.9225584913784592,68.45589259333458,64.0,1.3392857142857142,0,central/central/central
S3,12,1,0.2,1,BE-DL,4.0,4.0,48.216333037594,8.96,0.8959789493886449,68.75704319212974,64.0,2.0,0,central/central/central
S3,12,1,0.2,2,YOLO,3.0,3.0,109.84327052853199,6.72,2.0585813924315275,36.272306168494666,26.0,8.035714285714285,0,edge/edge/edge
S3,12,1,0.2,3,VIDEO,6.4,6.4,65.88945625389024,14.336000000000002,1.1146978535974565,49.88005400764689,44.0,3.571428571428571,0,regional/regional/regional
S3,12,1,0.2,4,CPU-OFF,1.6,1.6,63.490905173531836,3.5840000000000005,1.1898880591407497,106.08978223322366,64.0,40.17857142857142,0,central/central/central
S3,12,1,0.2,5,MQTT,0.4,0.4,66.59885193828174,0.8960000000000001,1.2481343344728377,68.54970726303566,64.0,1.3392857142857142,0,central/central/central
S3,13,1,0.2,1,BE-DL,4.0,4.0,105.63779219889939,8.96,1.96809061480706,68.84985071655078,64.0,2.0,0,central/central/central
S3,13,1,0.2,2,YOLO,3.0,3.0,130.3769859998857,6.72,2.4289955061734045,34.50737936638824,26.0,8.035714285714285,0,edge/edge/edge
S3,13,1,0.2,3,VIDEO,6.4,6.4,76.04600986551154,14.336000000000002,1.3044152804813496,49.725707531684606,44.0,3.571428571428571,0,regional/regional/regional
S3,13,1,0.2,4,CPU-OFF,1.6,1.6,124.27818716148407,3.5840000000000005,2.3153715037628397,105.58848859292493,64.0,40.17857142857142,0,central/central/central
S3,13,1,0.2,5,MQTT,0.4,0.4,91.49714659266921,0.8960000000000001,1.704642550192697,68.0204129094177,64.0,1.3392857142857142,0,central/central/central
S3,14,1,0.2,1,BE-DL,4.0,4.0,69.14205776607578,8.96,1.294585955277217,68.19921751827081,64.0,2.0,0,central/central/central
S3,14,1,0.2,2,YOLO,3.0,3.0,56.24246071077945,6.72,1.0152471337488589,35.160396219801605,26.0,8.035714285714285,0,edge/edge/edge
S3,14,1,0.2,3,VIDEO,6.4,6.4,83.06921138316561,14.336000000000002,1.4477961470849061,49.86671476715518,44.0,3.571428571428571,0,regional/regional/regional
S3,14,1,0.2,4,CPU-OFF,1.6,1.6,103.44520371193104,3.5840000000000005,1.9368632087771493,105.36210637814746,64.0,40.17857142857142,0,central/central/central
S3,14,1,0.2,5,MQTT,0.4,0.4,80.50090810688849,0.8960000000000001,1.5072641513624787,67.67936047372102,64.0,1.3392857142857142,0,central/central/central
S3,15,1,0.2,1,BE-DL,4.0,4.0,120.9398332396199,8.96,2.2685255103054622,66.1145143236892,64.0,2.0,0,central/central/central
S3,15,1,0.2,2,YOLO,3.0,3.0,132.2642243402993,6.72,2.4809424569178167,34.329397147083704,26.0,8.035714285714285,0,edge/edge/edge
S3,15,1,0.2,3,VIDEO,6.4,6.4,61.17077555458345,14.336000000000002,1.0237504821619519,49.513122240786345,44.0,3.571428571428571,0,regional/regional/regional
S3,15,1,0.2,4,CPU-OFF,1.6,1.6,81.78578468511948,3.5840000000000005,1.534094549071717,104.9895152034445,64.0,40.17857142857142,0,central/central/central
S3,15,1,0.2,5,MQTT,0.4,0.4,51.19778884398958,0.8960000000000001,0.9603410799625127,67.14557477101776,64.0,1.3392857142857142,0,central/central/central
S3,16,2,0.2,1,BE-DL,4.0,4.0,138.0884634788788,8.96,2.680982896382903,67.1153763825356,64.0,2.0,0,central/central/central
S3,16,2,0.2,2,YOLO,3.0,3.0,32.93711358404812,6.72,0.5834995934862697,35.13354788118761,26.0,8.035714285714285,0,edge/edge/edge
S3,16,2,0.2,3,VIDEO,6.4,6.4,42.78840431978908,14.336000000000002,0.6897740053130437,47.983902327263955,44.0,3.571428571428571,0,regional/regional/regional
S3,16,2,0.2,4,CPU-OFF,1.6,1.6,98.60577447606971,3.5840000000000005,1.9144278109472033,106.49971320487184,64.0,40.17857142857142,0,central/central/central
S3,16,2,0.2,5,MQTT,0.4,0.4,69.85357768055036,0.8960000000000001,1.3562048725479134,68.20807674931595,64.0,1.3392857142857142,0,central/central/central
S3,17,2,0.2,1,BE-DL,4.0,4.0,77.24358370286012,8.96,1.5797844427629164,69.35468039793466,64.0,2.0,0,central/central/central
S3,17,2,0.2,2,YOLO,3.0,3.0,20.45383497813447,6.72,0.34979912149744186,36.481917386498,26.0,8.035714285714285,0,edge/edge/edge
S3,17,2,0.2,3,VIDEO,6.4,6.4,27.98290274839749,14.336000000000002,0.41247247351724914,50.179050674695354,44.0,3.571428571428571,0,regional/regional/regional
S3,17,2,0.2,4,CPU-OFF,1.6,1.6,48.74625420739999,3.5840000000000005,0.9969575510122978,107.29181567913727,64.0,40.17857142857142,0,central/central/central
S3,17,2,0.2,5,MQTT,0.4,0.4,49.83176763223385,0.8960000000000001,1.0191584528704973,66.09455273058012,64.0,1.3392857142857142,0,central/central/central
S3,18,2,0.2,1,BE-DL,4.0,4.0,83.65626590810055,8.96,1.6785712087237514,67.20324941100662,64.0,2.0,0,central/central/central
S3,18,2,0.2,2,YOLO,3.0,3.0,28.424634528921352,6.72,0.5095268536545573,36.446495755709954,26.0,8.035714285714285,0,edge/edge/edge
S3,18,2,0.2,3,VIDEO,6.4,6.4,29.44894213784533,14.336000000000002,0.43498969401143545,49.68683069173769,44.0,3.571428571428571,0,regional/regional/regional
S3,18,2,0.2,4,CPU-OFF,1.6,1.6,61.33193248326808,3.5840000000000005,1.2306312614394856,105.61133504695074,64.0,40.17857142857142,0,central/central/central
S3,18,2,0.2,5,MQTT,0.4,0.4,68.56048682897041,0.8960000000000001,1.3756729158054615,65.69518586407328,64.0,1.3392857142857142,0,central/central/central
S3,19,2,0.2,1,BE-DL,4.0,4.0,103.12027565700564,8.96,2.2990874775196204,66.7578322556448,64.0,2.0,0,central/central/central
S3,19,2,0.2,2,YOLO,3.0,3.0,12.603332269923657,6.72,0.19959845529819745,34.433447263272896,26.0,8.035714285714285,0,edge/edge/edge
S3,19,2,0.2,3,VIDEO,6.4,6.4,20.051264752834257,14.336000000000002,0.26629046385506705,48.858306558008096,44.0,3.571428571428571,0,regional/regional/regional
S3,19,2,0.2,4,CPU-OFF,1.6,1.6,35.92834590675504,3.5840000000000005,0.8010297648637259,104.53200420094235,64.0,40.17857142857142,0,central/central/central
S3,19,2,0.2,5,MQTT,0.4,0.4,64.92075248913311,0.8960000000000001,1.4474213546070611,66.27448197571266,64.0,1.3392857142857142,0,central/central/central
S3,20,2,0.2,1,BE-DL,4.0,4.0,36.55615423744563,8.96,0.776611361505922,66.83560672844233,64.0,2.0,0,central/central/central
S3,20,2,0.2,2,YOLO,3.0,3.0,25.586648507077474,6.72,0.48682998113701165,36.37364402110905,26.0,8.035714285714285,0,edge/edge/edge
S3,20,2,0.2,3,VIDEO,6.4,6.4,19.067428909049454,14.336000000000002,0.2357091456190062,48.01822592825566,44.0,3.571428571428571,0,regional/regional/regional
S3,20,2,0.2,4,CPU-OFF,1.6,1.6,33.799799490515944,3.5840000000000005,0.7309875726850357,106.94290427003568,64.0,40.17857142857142,0,central/central/central
S3,20,2,0.2,5,MQTT,0.4,0.4,25.418350534974593,0.8960000000000001,0.5497221474474147,66.81959687098629,64.0,1.3392857142857142,0,central/central/central
S3,21,2,0.2,1,BE-DL,4.0,4.0,59.56397928059773,8.96,1.4422271012251267,67.93998888659532,64.0,2.0,0,central/central/central
S3,21,2,0.2,2,YOLO,3.0,3.0,11.123999999999999,6.72,0.18,35.569221821872674,26.0,8.035714285714285,0,edge/edge/edge
S3,21,2,0.2,3,VIDEO,6.4,6.4,15.714000000000002,14.336000000000002,0.18,48.413619717776776,44.0,3.571428571428571,0,regional/regional/regional
S3,21,2,0.2,4,CPU-OFF,1.6,1.6,47.16300421453107,3.5840000000000005,1.1419613611266604,106.91335205475293,64.0,40.17857142857142,0,central/central/central
S3,21,2,0.2,5,MQTT,0.4,0.4,66.60364087379737,0.8960000000000001,1.612678955782019,66.61778341274783,64.0,1.3392857142857142,0,central/central/central
S3,22,2,0.2,1,BE-DL,4.0,4.0,31.397631117001325,8.96,0.5879645179845194,66.42164177168355,64.0,2.0,0,central/central/central
S3,22,2,0.2,2,YOLO,3.0,3.0,27.96598225119188,6.72,0.4816058165849084,35.66605814419811,26.0,8.035714285714285,0,edge/edge/edge
S3,22,2,0.2,3,VIDEO,6.4,6.4,58.793683710405055,14.336000000000002,1.009965032771635,48.29892086693034,44.0,3.571428571428571,0,regional/regional/regional
S3,22,2,0.2,4,CPU-OFF,1.6,1.6,87.95162837831353,3.5840000000000005,1.7025477594647893,105.35154406012275,64.0,40.17857142857142,0,central/central/central
S3,22,2,0.2,5,MQTT,0.4,0.4,80.10195776945622,0.8960000000000001,1.5505956085601913,67.3257640610524,64.0,1.3392857142857142,0,central/central/central
S3,23,2,0.2,1,BE-DL,4.0,4.0,28.469511669619756,8.96,0.5140203889338311,66.25863591545833,64.0,2.0,0,central/central/central
S3,23,2,0.2,2,YOLO,3.0,3.0,61.05442945010386,6.72,1.1154162043590683,37.02231208262428,26.0,8.035714285714285,0,edge/edge/edge
S3,23,2,0.2,3,VIDEO,6.4,6.4,88.06759100924072,14.336000000000002,1.554174349950455,48.158811364391426,44.0,3.571428571428571,0,regional/regional/regional
S3,23,2,0.2,4,CPU-OFF,1.6,1.6,35.414447742673495,3.5840000000000005,0.6668637504254128,107.01858648233274,64.0,40.17857142857142,0,central/central/central
S3,23,2,0.2,5,MQTT,0.4,0.4,129.16699646937218,0.8960000000000001,2.432249920219961,66.3765009767544,64.0,1.3392857142857142,0,central/central/central
S3,24,3,0.2,1,BE-DL,4.0,4.0,49.248391784357445,8.96,0.9334568330681879,69.42869047098023,64.0,2.0,0,central/central/central
S3,24,3,0.2,2,YOLO,3.0,3.0,63.13860814125104,6.72,1.1723390095615918,34.99989727073479,26.0,8.035714285714285,0,edge/edge/edge
S3,24,3,0.2,3,VIDEO,6.4,6.4,47.602055255403904,14.336000000000002,0.7730210391724611,49.77050817678894,44.0,3.571428571428571,0,regional/regional/regional
S3,24,3,0.2,4,CPU-OFF,1.6,1.6,95.905074112415,3.5840000000000005,1.830168409083112,106.76598421330104,64.0,40.17857142857142,0,central/central/central
S3,24,3,0.2,5,MQTT,0.4,0.4,66.30435698583359,0.8960000000000001,1.2652942575051218,65.61798839580034,64.0,1.3392857142857142,0,central/central/central
S3,25,3,0.2,1,BE-DL,4.0,4.0,66.82932043698041,8.96,1.254660199210941,66.56514164931333,64.0,2.0,0,central/central/central
S3,25,3,0.2,2,YOLO,3.0,3.0,43.976426809050245,6.72,0.7788261595770156,35.958864738135944,26.0,8.035714285714285,0,edge/edge/edge
S3,25,3,0.2,3,VIDEO,6.4,6.4,89.53303009380414,14.336000000000002,1.577942555836844,49.188021161200055,44.0,3.571428571428571,0,regional/regional/regional
S3,25,3,0.2,4,CPU-OFF,1.6,1.6,83.07889807816964,3.5840000000000005,1.5597313594004807,106.19835084393108,64.0,40.17857142857142,0,central/central/central
S3,25,3,0.2,5,MQTT,0.4,0.4,76.97122189547686,0.8960000000000001,1.4450652492861416,67.58599728069746,64.0,1.3392857142857142,0,central/central/central
S3,26,3,0.2,1,BE-DL,4.0,4.0,28.00432552984738,8.96,0.5049920026125745,67.01077077153299,64.0,2.0,0,central/central/central
S3,26,3,0.2,2,YOLO,3.0,3.0,68.17144039613099,6.72,1.2548599481350806,35.28249002984458,26.0,8.035714285714285,0,edge/edge/edge
S3,26,3,0.2,3,VIDEO,6.4,6.4,83.17051649651609,14.336000000000002,1.4585661127934075,50.281765641703885,44.0,3.571428571428571,0,regional/regional/regional
S3,26,3,0.2,4,CPU-OFF,1.6,1.6,135.7111985915258,3.5840000000000005,2.555839443266203,106.46091483760226,64.0,40.17857142857142,0,central/central/central
S3,26,3,0.2,5,MQTT,0.4,0.4,103.76701077385326,0.8960000000000001,1.954236804317811,66.06176509450555,64.0,1.3392857142857142,0,central/central/central
S3,27,3,0.2,1,BE-DL,4.0,4.0,40.451347412747594,8.96,0.7353206550155081,68.69584512950358,64.0,2.0,0,central/central/central
S3,27,3,0.2,2,YOLO,3.0,3.0,111.20447426213323,6.72,2.0585813924315275,34.31001945294194,26.0,8.035714285714285,0,edge/edge/edge
S3,27,3,0.2,3,VIDEO,6.4,6.4,123.63850088436784,14.336000000000002,2.210661289487393,48.31391559231877,44.0,3.571428571428571,0,regional/regional/regional
S3,27,3,0.2,4,CPU-OFF,1.6,1.6,92.36543367144559,3.5840000000000005,1.709839143807296,107.3124190235356,64.0,40.17857142857142,0,central/central/central
S3,27,3,0.2,5,MQTT,0.4,0.4,120.54622658120188,0.8960000000000001,2.231512901027195,68.4172979238367,64.0,1.3392857142857142,0,central/central/central
S3,28,3,0.2,1,BE-DL,4.0,4.0,55.61697399127717,8.96,1.0377205059891768,67.45699670048145,64.0,2.0,0,central/central/central
S3,28,3,0.2,2,YOLO,3.0,3.0,64.06597032542655,6.72,1.1659178429632342,34.10902124028271,26.0,8.035714285714285,0,edge/edge/edge
S3,28,3,0.2,3,VIDEO,6.4,6.4,82.39794906142188,14.336000000000002,1.4328804217408762,48.5575894000072,44.0,3.571428571428571,0,regional/regional/regional
S3,28,3,0.2,4,CPU-OFF,1.6,1.6,103.3542009948392,3.5840000000000005,1.932746551869828,105.12595458363211,64.0,40.17857142857142,0,central/central/central
S3,28,3,0.2,5,MQTT,0.4,0.4,61.07932889602516,0.8960000000000001,1.1421970387077969,68.55624243261796,64.0,1.3392857142857142,0,central/central/central
S3,29,3,0.2,1,BE-DL,4.0,4.0,58.462508060352135,8.96,1.081552823396156,67.49647589889469,64.0,2.0,0,central/central/central
S3,29,3,0.2,2,YOLO,3.0,3.0,89.24877882756478,6.72,1.6378043384061785,35.76099085337913,26.0,8.035714285714285,0,edge/edge/edge
S3,29,3,0.2,3,VIDEO,6.4,6.4,110.96387847718157,14.336000000000002,1.9670057998325967,49.802188982419764,44.0,3.571428571428571,0,regional/regional/regional
S3,29,3,0.2,4,CPU-OFF,1.6,1.6,117.58372261152441,3.5840000000000005,2.176665320340034,106.04213890304067,64.0,40.17857142857142,0,central/central/central
S3,29,3,0.2,5,MQTT,0.4,0.4,49.18420464751407,0.8960000000000001,0.9104793604676901,66.81276018999091,64.0,1.3392857142857142,0,central/central/central
S3,30,3,0.2,1,BE-DL,4.0,4.0,83.91949595356508,8.96,1.557903061294112,67.93545437535175,64.0,2.0,0,central/central/central
S3,30,3,0.2,2,YOLO,3.0,3.0,78.98351562413173,6.72,1.4447255271208166,37.14025679922884,26.0,8.035714285714285,0,edge/edge/edge
S3,30,3,0.2,3,VIDEO,6.4,6.4,100.81153905040601,14.336000000000002,1.7770763086584827,47.62488209457134,44.0,3.571428571428571,0,regional/regional/regional
S3,30,3,0.2,4,CPU-OFF,1.6,1.6,88.47548783767678,3.5840000000000005,1.6424816639517847,104.8894123384519,64.0,40.17857142857142,0,central/central/central
S3,30,3,0.2,5,MQTT,0.4,0.4,37.81688961129931,0.8960000000000001,0.7020424446622509,68.36597364191637,64.0,1.3392857142857142,0,central/central/central
S3,31,3,0.2,1,BE-DL,4.0,4.0,144.79045927550666,8.96,2.6809828963829028,67.29081501038465,64.0,2.0,0,central/central/central
S3,31,3,0.2,2,YOLO,3.0,3.0,105.71862484747824,6.72,1.9549221074284884,35.06914428082754,26.0,8.035714285714285,0,edge/edge/edge
S3,31,3,0.2,3,VIDEO,6.4,6.4,100.41825922510681,14.336000000000002,1.7647464811255797,49.94733285936599,44.0,3.571428571428571,0,regional/regional/regional
S3,31,3,0.2,4,CPU-OFF,1.6,1.6,82.87106123783413,3.5840000000000005,1.534465039308827,105.45864412310142,64.0,40.17857142857142,0,central/central/central
S3,31,3,0.2,5,MQTT,0.4,0.4,57.105379593544704,0.8960000000000001,1.0573800701221021,66.86260719020886,64.0,1.3392857142857142,0,central/central/central
S3,32,4,0.2,1,BE-DL,4.0,4.0,110.61118300191876,8.96,2.099713499874762,67.69720332952497,64.0,2.0,0,central/central/central
S3,32,4,0.2,2,YOLO,3.0,3.0,117.66241326562948,6.72,2.2335658190853978,34.51930597821606,26.0,8.035714285714285,0,edge/edge/edge
S3,32,4,0.2,3,VIDEO,6.4,6.4,46.37389483630669,14.336000000000002,0.7445640535152206,47.65866117995144,44.0,3.571428571428571,0,regional/regional/regional
S3,32,4,0.2,4,CPU-OFF,1.6,1.6,91.40948679352964,3.5840000000000005,1.7352109273948233,105.90986989802472,64.0,40.17857142857142,0,central/central/central
S3,32,4,0.2,5,MQTT,0.4,0.4,67.85999580911782,0.8960000000000001,1.288174897283015,65.60652818448436,64.0,1.3392857142857142,0,central/central/central
S3,33,4,0.2,1,BE-DL,4.0,4.0,142.15329929575222,8.96,2.6994566222165592,69.47197584279525,64.0,2.0,0,central/central/central
S3,33,4,0.2,2,YOLO,3.0,3.0,113.62389935550262,6.72,2.1576902476187887,34.603514237036265,26.0,8.035714285714285,0,edge/edge/edge
S3,33,4,0.2,3,VIDEO,6.4,6.4,46.04992602428321,14.336000000000002,0.7384514344204379,47.95689098791953,44.0,3.571428571428571,0,regional/regional/regional
S3,33,4,0.2,4,CPU-OFF,1.6,1.6,38.35991198640722,3.5840000000000005,0.7284454103587986,107.38430463924075,64.0,40.17857142857142,0,central/central/central
S3,33,4,0.2,5,MQTT,0.4,0.4,34.77258801626172,0.8960000000000001,0.6603229995866216,67.51652980762064,64.0,1.3392857142857142,0,central/central/central
S3,34,4,0.2,1,BE-DL,4.0,4.0,125.4684996807353,8.96,2.4191201570688374,69.41635222374974,64.0,2.0,0,central/central/central
S3,34,4,0.2,2,YOLO,3.0,3.0,94.2542542542382,6.72,1.8089568145305133,35.990309241936835,26.0,8.035714285714285,0,edge/edge/edge
S3,34,4,0.2,3,VIDEO,6.4,6.4,36.554012319603686,14.336000000000002,0.5597878195868272,51.02536953927618,44.0,3.571428571428571,0,regional/regional/regional
S3,34,4,0.2,4,CPU-OFF,1.6,1.6,41.54568449334118,3.5840000000000005,0.8010297648637259,105.94885166343707,64.0,40.17857142857142,0,central/central/central
S3,34,4,0.2,5,MQTT,0.4,0.4,25.387649573352537,0.8960000000000001,0.4894915853762066,66.8783767080562,64.0,1.3392857142857142,0,central/central/central
S3,35,4,0.2,1,BE-DL,4.0,4.0,122.427225669652,8.96,2.2964314453132104,66.70185624839132,64.0,2.0,0,central/central/central
S3,35,4,0.2,2,YOLO,3.0,3.0,62.278094262443766,6.72,1.1347863518869818,35.83800178669917,26.0,8.035714285714285,0,edge/edge/edge
S3,35,4,0.2,3,VIDEO,6.4,6.4,73.15961851173816,14.336000000000002,1.2573996014033781,47.62903667963126,44.0,3.571428571428571,0,regional/regional/regional
S3,35,4,0.2,4,CPU-OFF,1.6,1.6,38.9703688762266,3.5840000000000005,0.7309875726850357,107.24338090904254,64.0,40.17857142857142,0,central/central/central
S3,35,4,0.2,5,MQTT,0.4,0.4,66.1765471463146,0.8960000000000001,1.241308074881258,67.237846315973,64.0,1.3392857142857142,0,central/central/central
S3,36,4,0.2,1,BE-DL,4.0,4.0,39.459076667738294,8.96,0.7760206737556521,68.5805689885054,64.0,2.0,0,central/central/central
S3,36,4,0.2,2,YOLO,3.0,3.0,29.754627057167905,6.72,0.5353681248041525,35.545346374045266,26.0,8.035714285714285,0,edge/edge/edge
S3,36,4,0.2,3,VIDEO,6.4,6.4,31.020829158654006,14.336000000000002,0.46614107691904594,49.64139605855037,44.0,3.571428571428571,0,regional/regional/regional
S3,36,4,0.2,4,CPU-OFF,1.6,1.6,74.79071253523352,3.5840000000000005,1.4954255919515786,104.21438308611977,64.0,40.17857142857142,0,central/central/central
S3,36,4,0.2,5,MQTT,0.4,0.4,62.88348480591129,0.8960000000000001,1.257342914677506,65.71885834483021,64.0,1.3392857142857142,0,central/central/central
S3,37,4,0.2,1,BE-DL,4.0,4.0,91.28837841717737,8.96,1.7386047574811037,68.64582091324942,64.0,2.0,0,central/central/central
S3,37,4,0.2,2,YOLO,3.0,3.0,75.97673777219353,6.72,1.4241032210844062,34.633268503773174,26.0,8.035714285714285,0,edge/edge/edge
S3,37,4,0.2,3,VIDEO,6.4,6.4,46.185423597293884,14.336000000000002,0.7433752779283609,47.977795147764255,44.0,3.571428571428571,0,regional/regional/regional
S3,37,4,0.2,4,CPU-OFF,1.6,1.6,85.16919255206429,3.5840000000000005,1.6220636835628175,106.61969519515165,64.0,40.17857142857142,0,central/central/central
S3,37,4,0.2,5,MQTT,0.4,0.4,70.67129717104125,0.8960000000000001,1.3459484724050408,68.44739813424009,64.0,1.3392857142857142,0,central/central/central
S3,38,4,0.2,1,BE-DL,4.0,4.0,81.39950397031099,8.96,1.5199527629763814,67.82732237306772,64.0,2.0,0,central/central/central
S3,38,4,0.2,2,YOLO,3.0,3.0,71.61090965114207,6.72,1.3104889934622237,36.74635499112846,26.0,8.035714285714285,0,edge/edge/edge
S3,38,4,0.2,3,VIDEO,6.4,6.4,81.1885106076678,14.336000000000002,1.407234229591503,49.031549591786884,44.0,3.571428571428571,0,regional/regional/regional
S3,38,4,0.2,4,CPU-OFF,1.6,1.6,90.62704764170766,3.5840000000000005,1.6922563989290047,105.41496624072947,64.0,40.17857142857142,0,central/central/central
S3,38,4,0.2,5,MQTT,0.4,0.4,68.6807728377409,0.8960000000000001,1.2824590488432512,68.5271630368666,64.0,1.3392857142857142,0,central/central/central
S3,39,4,0.2,1,BE-DL,4.0,4.0,73.49050774787636,8.96,1.3951121146399548,67.73957915495146,64.0,2.0,0,central/central/central
S3,39,4,0.2,2,YOLO,3.0,3.0,39.216919713139276,6.72,0.6939405796508074,34.4284595199534,26.0,8.035714285714285,0,edge/edge/edge
S3,39,4,0.2,3,VIDEO,6.4,6.4,64.93275562085822,14.336000000000002,1.11081174536547,48.01549484410153,44.0,3.571428571428571,0,regional/regional/regional
S3,39,4,0.2,4,CPU-OFF,1.6,1.6,51.44643563874684,3.5840000000000005,0.9766369537259655,105.96400048071592,64.0,40.17857142857142,0,central/central/central
S3,39,4,0.2,5,MQTT,0.4,0.4,119.16583123506437,0.8960000000000001,2.2621927634182484,67.81615835693701,64.0,1.3392857142857142,0,central/central/central
S3,40,5,0.2,1,BE-DL,4.0,4.0,64.50159568322526,8.96,1.3201645469609093,67.86674749177389,64.0,2.0,0,central/central/central
S3,40,5,0.2,2,YOLO,3.0,3.0,22.3195300341748,6.72,0.38988509564279644,34.699198757267006,26.0,8.035714285714285,0,edge/edge/edge
S3,40,5,0.2,3,VIDEO,6.4,6.4,26.780050457038573,14.336000000000002,0.387121907031972,48.69184845773995,44.0,3.571428571428571,0,regional/regional/regional
S3,40,5,0.2,4,CPU-OFF,1.6,1.6,70.4130527667717,3.5840000000000005,1.4411552911419643,106.1611434087062,64.0,40.17857142857142,0,central/central/central
S3,40,5,0.2,5,MQTT,0.4,0.4,127.57428396224459,0.8960000000000001,2.611083415951511,66.7107011173735,64.0,1.3392857142857142,0,central/central/central
S3,41,5,0.2,1,BE-DL,4.0,4.0,25.974282382738608,8.96,0.504992002612574,66.64055395191234,64.0,2.0,0,central/central/central
S3,41,5,0.2,2,YOLO,3.0,3.0,27.60372900554444,6.72,0.5003072054086377,36.98234882884602,26.0,8.035714285714285,0,edge/edge/edge
S3,41,5,0.2,3,VIDEO,6.4,6.4,27.86680258066034,14.336000000000002,0.40839851158215396,49.3630135672071,44.0,3.571428571428571,0,regional/regional/regional
S3,41,5,0.2,4,CPU-OFF,1.6,1.6,50.74925954220025,3.5840000000000005,1.034041912161135,107.27648339965944,64.0,40.17857142857142,0,central/central/central
S3,41,5,0.2,5,MQTT,0.4,0.4,45.27781685751467,0.8960000000000001,0.9225584913784594,68.3398392173888,64.0,1.3392857142857142,0,central/central/central
S3,42,5,0.2,1,BE-DL,4.0,4.0,33.836026516522494,8.96,0.7353206550155081,66.34130302372374,64.0,2.0,0,central/central/central
S3,42,5,0.2,2,YOLO,3.0,3.0,15.313591976409276,6.72,0.26180126715961244,34.33446085175698,26.0,8.035714285714285,0,edge/edge/edge
S3,42,5,0.2,3,VIDEO,6.4,6.4,19.134369439835677,14.336000000000002,0.24392211855191412,50.516631525841454,44.0,3.571428571428571,0,regional/regional/regional
S3,42,5,0.2,4,CPU-OFF,1.6,1.6,71.13034871601128,3.5840000000000005,1.5798513726406593,107.07206909912728,64.0,40.17857142857142,0,central/central/central
S3,42,5,0.2,5,MQTT,0.4,0.4,100.47039459733118,0.8960000000000001,2.231512901027195,66.68079848503668,64.0,1.3392857142857142,0,central/central/central
S3,43,5,0.2,1,BE-DL,4.0,4.0,67.69634743549844,8.96,1.3168315386345406,68.61678731915804,64.0,2.0,0,central/central/central
S3,43,5,0.2,2,YOLO,3.0,3.0,37.653653710394394,6.72,0.6801187417285527,35.138862147679774,26.0,8.035714285714285,0,edge/edge/edge
S3,43,5,0.2,3,VIDEO,6.4,6.4,39.12643195791491,14.336000000000002,0.6170279554034505,49.23055534933678,44.0,3.571428571428571,0,regional/regional/regional
S3,43,5,0.2,4,CPU-OFF,1.6,1.6,112.47307307124927,3.5840000000000005,2.187829853131836,107.30391858606735,64.0,40.17857142857142,0,central/central/central
S3,43,5,0.2,5,MQTT,0.4,0.4,81.85023658465717,0.8960000000000001,1.5921534478957178,68.19753996113747,64.0,1.3392857142857142,0,central/central/central
S3,44,5,0.2,1,BE-DL,4.0,4.0,71.22465937663715,8.96,1.401102521217746,68.3883298069554,64.0,2.0,0,central/central/central
S3,44,5,0.2,2,YOLO,3.0,3.0,23.039812393043068,6.72,0.38885880783210997,36.52600121356083,26.0,8.035714285714285,0,edge/edge/edge
S3,44,5,0.2,3,VIDEO,6.4,6.4,42.63582043001883,14.336000000000002,0.6961403267224805,48.97732596266611,44.0,3.571428571428571,0,regional/regional/regional
S3,44,5,0.2,4,CPU-OFF,1.6,1.6,122.84045394653505,3.5840000000000005,2.416467431902921,107.07339975311817,64.0,40.17857142857142,0,central/central/central
S3,44,5,0.2,5,MQTT,0.4,0.4,56.39642991123843,0.8960000000000001,1.1094076240992876,66.96801672405074,64.0,1.3392857142857142,0,central/central/central
S3,45,5,0.2,1,BE-DL,4.0,4.0,74.72318363200141,8.96,1.4394659864588877,69.15092896003502,64.0,2.0,0,central/central/central
S3,45,5,0.2,2,YOLO,3.0,3.0,38.72091800216558,6.72,0.6946638879369887,37.21495139940441,26.0,8.035714285714285,0,edge/edge/edge
S3,45,5,0.2,3,VIDEO,6.4,6.4,45.75672057404096,14.336000000000002,0.7436678030799082,48.08609148222467,44.0,3.571428571428571,0,regional/regional/regional
S3,45,5,0.2,4,CPU-OFF,1.6,1.6,119.02027719340899,3.5840000000000005,2.2928043532321842,106.44774078243918,64.0,40.17857142857142,0,central/central/central
S3,45,5,0.2,5,MQTT,0.4,0.4,94.54621737443644,0.8960000000000001,1.8213365309633869,67.93318660457524,64.0,1.3392857142857142,0,central/central/central
S3,46,5,0.2,1,BE-DL,4.0,4.0,124.56148212717686,8.96,2.3007707765322367,66.5627527658484,64.0,2.0,0,central/central/central
S3,46,5,0.2,2,YOLO,3.0,3.0,99.25153353614851,6.72,1.825917095263157,36.77668443818431,26.0,8.035714285714285,0,edge/edge/edge
S3,46,5,0.2,3,VIDEO,6.4,6.4,118.86776225433368,14.336000000000002,2.1141125357646553,48.0950480895051,44.0,3.571428571428571,0,regional/regional/regional
S3,46,5,0.2,4,CPU-OFF,1.6,1.6,72.78903152049169,3.5840000000000005,1.3444836534896392,106.72726082812908,64.0,40.17857142857142,0,central/central/central
S3,46,5,0.2,5,MQTT,0.4,0.4,61.29004471723888,0.8960000000000001,1.132086270728555,65.60902542198968,64.0,1.3392857142857142,0,central/central/central
S3,47,5,0.2,1,BE-DL,4.0,4.0,70.91425504404094,8.96,1.3198199142069933,68.31130435022888,64.0,2.0,0,central/central/central
S3,47,5,0.2,2,YOLO,3.0,3.0,106.8636153184262,6.72,1.9874950085081926,35.06091985149727,26.0,8.035714285714285,0,edge/edge/edge
S3,47,5,0.2,3,VIDEO,6.4,6.4,79.46063416786312,14.336000000000002,1.3690371306570188,49.20837886642752,44.0,3.571428571428571,0,regional/regional/regional
S3,47,5,0.2,4,CPU-OFF,1.6,1.6,62.38156574988043,3.5840000000000005,1.1610138568750805,105.18114194853808,64.0,40.17857142857142,0,central/central/central
S3,47,5,0.2,5,MQTT,0.4,0.4,25.850997238080048,0.8960000000000001,0.4811255640454632,67.14449622853498,64.0,1.3392857142857142,0,central/central/central
S3,48,6,0.2,1,BE-DL,4.0,4.0,102.6375187024288,8.96,1.9337925620969534,68.73880378201764,64.0,2.0,0,central/central/central
S3,48,6,0.2,2,YOLO,3.0,3.0,96.9945485928874,6.72,1.8197387630519912,37.33329399652201,26.0,8.035714285714285,0,edge/edge/edge
S3,48,6,0.2,3,VIDEO,6.4,6.4,55.608304246015074,14.336000000000002,0.9195810315424316,48.90386191145162,44.0,3.571428571428571,0,regional/regional/regional
S3,48,6,0.2,4,CPU-OFF,1.6,1.6,34.85509737048096,3.5840000000000005,0.656704574490129,107.23453084571698,64.0,40.17857142857142,0,central/central/central
S3,48,6,0.2,5,MQTT,0.4,0.4,38.49876111434593,0.8960000000000001,0.7253548101519707,65.66718493969582,64.0,1.3392857142857142,0,central/central/central
S3,49,6,0.2,1,BE-DL,4.0,4.0,116.85679192616674,8.96,2.1790547979704042,67.30847200543722,64.0,2.0,0,central/central/central
S3,49,6,0.2,2,YOLO,3.0,3.0,61.430388205423476,6.72,1.1114353309615455,34.362976377425355,26.0,8.035714285714285,0,edge/edge/edge
S3,49,6,0.2,3,VIDEO,6.4,6.4,94.09795058618596,14.336000000000002,1.6552865632943834,50.49442464115502,44.0,3.571428571428571,0,regional/regional/regional
S3,49,6,0.2,4,CPU-OFF,1.6,1.6,46.49149213906466,3.5840000000000005,0.8669372771626401,105.8793368530636,64.0,40.17857142857142,0,central/central/central
S3,49,6,0.2,5,MQTT,0.4,0.4,37.258212958539104,0.8960000000000001,0.6947622502113894,68.70769076718635,64.0,1.3392857142857142,0,central/central/central
S3,50,6,0.2,1,BE-DL,4.0,4.0,113.58841226977144,8.96,2.187872867898403,66.82701739292362,64.0,2.0,0,central/central/central
S3,50,6,0.2,2,YOLO,3.0,3.0,43.469933133508995,6.72,0.7897051220733967,36.335645328765835,26.0,8.035714285714285,0,edge/edge/edge
S3,50,6,0.2,3,VIDEO,6.4,6.4,43.74639014768561,14.336000000000002,0.7032913024798556,47.67708821383678,44.0,3.571428571428571,0,regional/regional/regional
S3,50,6,0.2,4,CPU-OFF,1.6,1.6,68.57332833368383,3.5840000000000005,1.320818924437789,106.01771546546749,64.0,40.17857142857142,0,central/central/central
S3,50,6,0.2,5,MQTT,0.4,0.4,40.508500151103156,0.8960000000000001,0.780250789925363,66.9969038725172,64.0,1.3392857142857142,0,central/central/central
S3,51,6,0.2,1,BE-DL,4.0,4.0,58.258331450254396,8.96,1.1567100608810663,67.06721713930519,64.0,2.0,0,central/central/central
S3,51,6,0.2,2,YOLO,3.0,3.0,33.56287400452013,6.72,0.6102045293466685,34.90598298279057,26.0,8.035714285714285,0,edge/edge/edge
S3,51,6,0.2,3,VIDEO,6.4,6.4,31.185166759369352,14.336000000000002,0.46614107691904594,50.827456692624345,44.0,3.571428571428571,0,regional/regional/regional
S3,51,6,0.2,4,CPU-OFF,1.6,1.6,32.59211959295533,3.5840000000000005,0.6471114379717741,106.27261038603817,64.0,40.17857142857142,0,central/central/central
S3,51,6,0.2,5,MQTT,0.4,0.4,58.85258662255955,0.8960000000000001,1.1685089044013777,65.87883697458535,64.0,1.3392857142857142,0,central/central/central
S3,52,6,0.2,1,BE-DL,4.0,4.0,63.65981914596444,8.96,1.2454732262682817,67.32977226962593,64.0,2.0,0,central/central/central
S3,52,6,0.2,2,YOLO,3.0,3.0,64.07288398936339,6.72,1.2221394915487998,36.270624771567654,26.0,8.035714285714285,0,edge/edge/edge
S3,52,6,0.2,3,VIDEO,6.4,6.4,32.05634677370328,14.336000000000002,0.47678552308508687,49.95820820293619,44.0,3.571428571428571,0,regional/regional/regional
S3,52,6,0.2,4,CPU-OFF,1.6,1.6,49.998238177329945,3.5840000000000005,0.9781910763470437,105.17094136069178,64.0,40.17857142857142,0,central/central/central
S3,52,6,0.2,5,MQTT,0.4,0.4,58.33528583701978,0.8960000000000001,1.141301336249888,68.24798762093211,64.0,1.3392857142857142,0,central/central/central
S3,53,6,0.2,1,BE-DL,4.0,4.0,57.859141032801205,8.96,1.0888388883867168,66.76302075516193,64.0,2.0,0,central/central/central
S3,53,6,0.2,2,YOLO,3.0,3.0,54.41991161877448,6.72,0.9853676782902978,34.92458319602891,26.0,8.035714285714285,0,edge/edge/edge
S3,53,6,0.2,3,VIDEO,6.4,6.4,69.30793520319597,14.336000000000002,1.1868240490530746,48.95524825475544,44.0,3.571428571428571,0,regional/regional/regional
S3,53,6,0.2,4,CPU-OFF,1.6,1.6,84.93756355729643,3.5840000000000005,1.59903888542868,104.2971258722074,64.0,40.17857142857142,0,central/central/central
S3,53,6,0.2,5,MQTT,0.4,0.4,98.6587418329354,0.8960000000000001,1.857354484531607,65.53084471583824,64.0,1.3392857142857142,0,central/central/central
S3,54,6,0.2,1,BE-DL,4.0,4.0,42.68025540820729,8.96,0.8015553240476834,66.26189254893977,64.0,2.0,0,central/central/central
S3,54,6,0.2,2,YOLO,3.0,3.0,59.80417436387568,6.72,1.1039963767171932,36.62617366058454,26.0,8.035714285714285,0,edge/edge/edge
S3,54,6,0.2,3,VIDEO,6.4,6.4,51.94400107835488,14.336000000000002,0.8574687157207137,48.321054476850456,44.0,3.571428571428571,0,regional/regional/regional
S3,54,6,0.2,4,CPU-OFF,1.6,1.6,62.47858144583145,3.5840000000000005,1.190019817565252,107.22200187309564,64.0,40.17857142857142,0,central/central/central
S3,54,6,0.2,5,MQTT,0.4,0.4,112.22753796384517,0.8960000000000001,2.1375804501791076,68.51214856288695,64.0,1.3392857142857142,0,central/central/central
S3,55,6,0.2,1,BE-DL,4.0,4.0,60.115197873492605,8.96,1.1236515037110033,66.08976763994787,64.0,2.0,0,central/central/central
S3,55,6,0.2,2,YOLO,3.0,3.0,52.05978184810669,6.72,0.9322313122209731,36.699610390660695,26.0,8.035714285714285,0,edge/edge/edge
S3,55,6,0.2,3,VIDEO,6.4,6.4,94.93443779294894,14.336000000000002,1.6756247140553173,49.5412900698178,44.0,3.571428571428571,0,regional/regional/regional
S3,55,6,0.2,4,CPU-OFF,1.6,1.6,83.4454089993075,3.5840000000000005,1.5597313594004816,104.46659080150476,64.0,40.17857142857142,0,central/central/central
S3,55,6,0.2,5,MQTT,0.4,0.4,84.24210023284408,0.8960000000000001,1.5746228233600719,67.33686586844505,64.0,1.3392857142857142,0,central/central/central
S3,56,7,0.2,1,BE-DL,4.0,4.0,52.32735543300551,8.96,0.9991239621582118,68.80930518836307,64.0,2.0,0,central/central/central
S3,56,7,0.2,2,YOLO,3.0,3.0,35.871144947846226,6.72,0.6342498650900131,35.052834962903134,26.0,8.035714285714285,0,edge/edge/edge
S3,56,7,0.2,3,VIDEO,6.4,6.4,54.00190580807768,14.336000000000002,0.9041403974041,48.38358787784851,44.0,3.571428571428571,0,regional/regional/regional
S3,56,7,0.2,4,CPU-OFF,1.6,1.6,87.0282212902012,3.5840000000000005,1.668124216788247,105.33739931106852,64.0,40.17857142857142,0,central/central/central
S3,56,7,0.2,5,MQTT,0.4,0.4,128.86709224383128,0.8960000000000001,2.470075960787488,65.54646697777208,64.0,1.3392857142857142,0,central/central/central
S3,57,7,0.2,1,BE-DL,4.0,4.0,69.53633873633532,8.96,1.2976246853214848,68.10747659563458,64.0,2.0,0,central/central/central
S3,57,7,0.2,2,YOLO,3.0,3.0,41.74583579187783,6.72,0.7307178225043204,34.29677027049116,26.0,8.035714285714285,0,edge/edge/edge
S3,57,7,0.2,3,VIDEO,6.4,6.4,135.2462576374335,14.336000000000002,2.4542087196851567,47.86412535152929,44.0,3.571428571428571,0,regional/regional/regional
S3,57,7,0.2,4,CPU-OFF,1.6,1.6,63.76301258343658,3.5840000000000005,1.1898880591407497,107.44085985859525,64.0,40.17857142857142,0,central/central/central
S3,57,7,0.2,5,MQTT,0.4,0.4,132.75516041461904,0.8960000000000001,2.4773575426657843,65.77678416958616,64.0,1.3392857142857142,0,central/central/central
S3,58,7,0.2,1,BE-DL,4.0,4.0,56.09707064794933,8.96,1.0377205059891772,67.44043963979877,64.0,2.0,0,central/central/central
S3,58,7,0.2,2,YOLO,3.0,3.0,58.64158977659593,6.72,1.0510926008532184,35.470796293794486,26.0,8.035714285714285,0,edge/edge/edge
S3,58,7,0.2,3,VIDEO,6.4,6.4,143.11080371220726,14.336000000000002,2.5890666930766186,50.02165976731979,44.0,3.571428571428571,0,regional/regional/regional
S3,58,7,0.2,4,CPU-OFF,1.6,1.6,124.88638100862723,3.5840000000000005,2.3153715037628393,105.8317343336888,64.0,40.17857142857142,0,central/central/central
S3,58,7,0.2,5,MQTT,0.4,0.4,43.40546807858807,0.8960000000000001,0.8047297318168567,68.18200326722757,64.0,1.3392857142857142,0,central/central/central
S3,59,7,0.2,1,BE-DL,4.0,4.0,63.753709939760064,8.96,1.188069389336686,66.68101910665528,64.0,2.0,0,central/central/central
S3,59,7,0.2,2,YOLO,3.0,3.0,56.49929610765432,6.72,1.0152471337488589,36.67826066742747,26.0,8.035714285714285,0,edge/edge/edge
S3,59,7,0.2,3,VIDEO,6.4,6.4,103.55287513449983,14.336000000000002,1.8372033866456743,48.339706541728084,44.0,3.571428571428571,0,regional/regional/regional
S3,59,7,0.2,4,CPU-OFF,1.6,1.6,116.80335400811123,3.5840000000000005,2.1766653203400343,106.3097487666395,64.0,40.17857142857142,0,central/central/central
S3,59,7,0.2,5,MQTT,0.4,0.4,59.53259338772551,0.8960000000000001,1.1094076240992865,67.44420034123675,64.0,1.3392857142857142,0,central/central/central
S3,60,7,0.2,1,BE-DL,4.0,4.0,77.39444142902023,8.96,1.4394659864588863,68.31543570026935,64.0,2.0,0,central/central/central
S3,60,7,0.2,2,YOLO,3.0,3.0,147.31887747664092,6.72,2.7399966893670658,35.19386248320615,26.0,8.035714285714285,0,edge/edge/edge
S3,60,7,0.2,3,VIDEO,6.4,6.4,81.13390995674153,14.336000000000002,1.4004133954102178,48.02146862296373,44.0,3.571428571428571,0,regional/regional/regional
S3,60,7,0.2,4,CPU-OFF,1.6,1.6,47.51694731425936,3.5840000000000005,0.8837718597913159,107.31236153890192,64.0,40.17857142857142,0,central/central/central
S3,60,7,0.2,5,MQTT,0.4,0.4,93.29688824273077,0.8960000000000001,1.7352369858633019,67.89945309325903,64.0,1.3392857142857142,0,central/central/central
S3,61,7,0.2,1,BE-DL,4.0,4.0,68.87892854766578,8.96,1.2868717902637934,68.94844300311206,64.0,2.0,0,central/central/central
S3,61,7,0.2,2,YOLO,3.0,3.0,104.77601863688588,6.72,1.9549221074284888,36.03058111254778,26.0,8.035714285714285,0,edge/edge/edge
S3,61,7,0.2,3,VIDEO,6.4,6.4,69.56594019144218,14.336000000000002,1.1824697233937902,50.824953759234766,44.0,3.571428571428571,0,regional/regional/regional
S3,61,7,0.2,4,CPU-OFF,1.6,1.6,102.46843345044198,3.5840000000000005,1.9144278109472035,105.98870680849753,64.0,40.17857142857142,0,central/central/central
S3,61,7,0.2,5,MQTT,0.4,0.4,32.6039534732739,0.8960000000000001,0.6091428664833851,66.14735998150232,64.0,1.3392857142857142,0,central/central/central
S3,62,7,0.2,1,BE-DL,4.0,4.0,132.73560203106962,8.96,2.4896602927086464,66.0150506676267,64.0,2.0,0,central/central/central
S3,62,7,0.2,2,YOLO,3.0,3.0,61.843085682965494,6.72,1.1262471714879763,35.419445605875886,26.0,8.035714285714285,0,edge/edge/edge
S3,62,7,0.2,3,VIDEO,6.4,6.4,73.55101098436155,14.336000000000002,1.2649582844667193,48.98482815045078,44.0,3.571428571428571,0,regional/regional/regional
S3,62,7,0.2,4,CPU-OFF,1.6,1.6,57.525846966079875,3.5840000000000005,1.0789857039436905,106.52711101498069,64.0,40.17857142857142,0,central/central/central
S3,62,7,0.2,5,MQTT,0.4,0.4,36.40799366909254,0.8960000000000001,0.6828878973548514,66.02165245255827,64.0,1.3392857142857142,0,central/central/central
S3,63,7,0.2,1,BE-DL,4.0,4.0,118.28139524425255,8.96,2.189013915470156,68.8938279329312,64.0,2.0,0,central/central/central
S3,63,7,0.2,2,YOLO,3.0,3.0,104.60013450278223,6.72,1.932389257907591,36.93239346697872,26.0,8.035714285714285,0,edge/edge/edge
S3,63,7,0.2,3,VIDEO,6.4,6.4,103.61414789594713,14.336000000000002,1.8252290171524026,50.66850891127934,44.0,3.571428571428571,0,regional/regional/regional
S3,63,7,0.2,4,CPU-OFF,1.6,1.6,78.12540610785987,3.5840000000000005,1.4458537690454945,105.08447320043673,64.0,40.17857142857142,0,central/central/central
S3,63,7,0.2,5,MQTT,0.4,0.4,39.19389382843543,0.8960000000000001,0.7253548101519707,68.27881592421357,64.0,1.3392857142857142,0,central/central/central
S3,64,8,1.0,1,BE-DL,20.0,13.893609028259407,13.893609028259407,22.400000000000002,0.9787280024782323,67.69445818708026,64.0,2.0,1,central/central/central
S3,64,8,1.0,2,YOLO,15.0,15.0,18.944289236028972,16.8,0.283301033326474,42.3346090634912,26.0,16.07142857142857,0,edge/edge/edge
S3,64,8,1.0,3,VIDEO,32.0,32.0,38.746322560197406,35.84,0.22247051410676516,54.4918047243839,44.0,7.142857142857142,0,regional/regional/regional
S3,64,8,1.0,4,CPU-OFF,8.0,7.346308058298554,7.346308058298554,8.96,0.8010297648637259,144.40263099789,64.0,80.35714285714285,1,central/central/central
S3,64,8,1.0,5,MQTT,2.0,2.0,4.79788404258449,2.24,0.5579151403212672,68.41665793374851,64.0,2.6785714285714284,0,central/central/central
S3,65,8,1.0,1,BE-DL,20.0,20.0,26.908586983492558,22.400000000000002,0.9937285163355352,68.08985639912483,64.0,2.0,0,central/central/central
S3,65,8,1.0,2,YOLO,15.0,15.0,26.496822614028083,16.8,0.3902072367892084,43.93021742619507,26.0,16.07142857142857,0,edge/edge/edge
S3,65,8,1.0,3,VIDEO,32.0,32.0,49.14678925512067,35.84,0.3714656788552693,53.79423511872908,44.0,7.142857142857142,0,regional/regional/regional
S3,65,8,1.0,4,CPU-OFF,8.0,8.0,11.90565839125952,8.96,0.4688403052393677,146.80222445321894,64.0,80.35714285714285,0,central/central/central
S3,65,8,1.0,5,MQTT,2.0,2.0,12.730671445214082,2.24,0.6265650282733968,69.56611856589095,64.0,2.6785714285714284,0,central/central/central
S3,66,8,1.0,1,BE-DL,20.0,19.056938912867526,19.056938912867526,22.400000000000002,0.7760206737556522,66.37599923595485,64.0,2.0,0,central/central/central
S3,66,8,1.0,2,YOLO,15.0,15.0,24.19944777645307,16.8,0.380399200936112,42.644790846843684,26.0,16.07142857142857,0,edge/edge/edge
S3,66,8,1.0,3,VIDEO,32.0,32.0,46.2599091496283,35.84,0.29472145508430003,54.19208365356658,44.0,7.142857142857142,0,regional/regional/regional
S3,66,8,1.0,4,CPU-OFF,8.0,8.0,15.522313201467941,8.96,1.071268514961676,145.28989504790616,64.0,80.35714285714285,0,central/central/central
S3,66,8,1.0,5,MQTT,2.0,2.0,12.064975090409177,2.24,0.9020068735729933,69.80767877301068,64.0,2.6785714285714284,0,central/central/central
S3,67,8,1.0,1,BE-DL,20.0,14.303599055087766,14.303599055087766,22.400000000000002,0.998907460661872,67.01499119079271,64.0,2.0,1,central/central/central
S3,67,8,1.0,2,YOLO,15.0,15.0,20.04105503579357,16.8,0.39874890190363405,43.41770558502372,26.0,16.07142857142857,0,edge/edge/edge
S3,67,8,1.0,3,VIDEO,32.0,32.0,39.94772667544497,35.84,0.20814507781994093,51.50573751922159,44.0,7.142857142857142,0,regional/regional/regional
S3,67,8,1.0,4,CPU-OFF,8.0,7.897332684710751,7.897332684710751,8.96,0.8977070004450706,145.86130738269208,64.0,80.35714285714285,0,central/central/central
S3,67,8,1.0,5,MQTT,2.0,2.0,5.637316166258559,2.24,0.7320070639395826,69.47137160607745,64.0,2.6785714285714284,0,central/central/central
S3,68,8,1.0,1,BE-DL,20.0,12.580068048371283,12.580068048371283,22.400000000000002,0.7295773262286631,66.75361834501996,64.0,2.0,1,central/central/central
S3,68,8,1.0,2,YOLO,15.0,15.0,18.33825356501855,16.8,0.2394893626220278,43.97512987342971,26.0,16.07142857142857,0,edge/edge/edge
S3,68,8,1.0,3,VIDEO,32.0,32.0,37.892199101660154,35.84,0.22945264948359445,54.60000414300661,44.0,7.142857142857142,0,regional/regional/regional
S3,68,8,1.0,4,CPU-OFF,8.0,8.0,9.520389269605976,8.96,1.3193863449277,146.09217837438163,64.0,80.35714285714285,0,central/central/central
S3,68,8,1.0,5,MQTT,2.0,2.0,6.400717038040016,2.24,0.9375217874302396,68.7485390018772,64.0,2.6785714285714284,0,central/central/central
S3,69,8,1.0,1,BE-DL,20.0,20.0,35.181830155133056,22.400000000000002,1.395112114639955,68.50647433510451,64.0,2.0,0,central/central/central
S3,69,8,1.0,2,YOLO,15.0,15.0,26.934789444040124,16.8,0.3856627342665395,45.263686293889755,26.0,16.07142857142857,0,edge/edge/edge
S3,69,8,1.0,3,VIDEO,32.0,32.0,49.41081605270652,35.84,0.3583179875693528,54.385874482883416,44.0,7.142857142857142,0,regional/regional/regional
S3,69,8,1.0,4,CPU-OFF,8.0,8.0,32.424151637770215,8.96,1.616785545243825,146.41048348395785,64.0,80.35714285714285,0,central/central/central
S3,69,8,1.0,5,MQTT,2.0,2.0,20.311791185413647,2.24,1.01606963102684,67.91236093317102,64.0,2.6785714285714284,0,central/central/central
S3,70,8,1.0,1,BE-DL,20.0,20.0,69.76612636479732,22.400000000000002,1.385668894710878,66.99034294172309,64.0,2.0,0,central/central/central
S3,70,8,1.0,2,YOLO,15.0,15.0,76.0506244157961,16.8,1.3157441938308656,45.346331516871466,26.0,16.07142857142857,0,edge/edge/edge
S3,70,8,1.0,3,VIDEO,32.0,32.0,97.69235799443676,35.84,1.2848960811814283,53.69886896266764,44.0,7.142857142857142,0,regional/regional/regional
S3,70,8,1.0,4,CPU-OFF,8.0,8.0,111.39520964102941,8.96,2.508339905468609,147.40857276864753,64.0,80.35714285714285,0,central/central/central
S3,70,8,1.0,5,MQTT,2.0,2.0,69.92889565378718,2.24,1.5746228233600712,67.26475495715694,64.0,2.6785714285714284,0,central/central/central
S3,71,8,1.0,1,BE-DL,20.0,20.0,79.12565279659398,22.400000000000002,1.493255921703849,66.58281082331223,64.0,2.0,0,central/central/central
S3,71,8,1.0,2,YOLO,15.0,15.0,89.6339034672502,16.8,1.5208356980115367,43.961851414106036,26.0,16.07142857142857,0,edge/edge/edge
S3,71,8,1.0,3,VIDEO,32.0,32.0,150.21363933631048,35.84,2.345647257416297,51.53322410427896,44.0,7.142857142857142,0,regional/regional/regional
S3,71,8,1.0,4,CPU-OFF,8.0,8.0,57.36093812283452,8.96,1.1608583730865576,146.893200151405,64.0,80.35714285714285,0,central/central/central
S3,71,8,1.0,5,MQTT,2.0,2.0,111.48915348094633,2.24,2.3411161716700692,68.76170366638034,64.0,2.6785714285714284,0,central/central/central
S3,72,9,1.0,1,BE-DL,20.0,20.0,56.01433185565455,22.400000000000002,1.0566372437617806,66.32100374181705,64.0,2.0,0,central/central/central
S3,72,9,1.0,2,YOLO,15.0,15.0,86.1913557002648,16.8,1.5478646347672158,44.73891537285878,26.0,16.07142857142857,0,edge/edge/edge
S3,72,9,1.0,3,VIDEO,32.0,32.0,101.06328686320647,35.84,1.3582452837952204,53.037986980194816,44.0,7.142857142857142,0,regional/regional/regional
S3,72,9,1.0,4,CPU-OFF,8.0,8.0,111.04728877015691,8.96,2.4897657708071153,145.01787512096925,64.0,80.35714285714285,0,central/central/central
S3,72,9,1.0,5,MQTT,2.0,2.0,45.399044648585814,2.24,1.0022896928342486,67.89369890518775,64.0,2.6785714285714284,0,central/central/central
S3,73,9,1.0,1,BE-DL,20.0,20.0,88.61501148574735,22.400000000000002,1.6889795821616933,69.08666003940895,64.0,2.0,0,central/central/central
S3,73,9,1.0,2,YOLO,15.0,15.0,131.87154717654178,16.8,2.428995506173402,42.42878614282564,26.0,16.07142857142857,0,edge/edge/edge
S3,73,9,1.0,3,VIDEO,32.0,32.0,126.75666470143214,35.84,1.818275845519456,52.69039773863892,44.0,7.142857142857142,0,regional/regional/regional
S3,73,9,1.0,4,CPU-OFF,8.0,8.0,81.49498317231668,8.96,1.6776632506078204,147.30949503494318,64.0,80.35714285714285,0,central/central/central
S3,73,9,1.0,5,MQTT,2.0,2.0,103.32118405862461,2.24,2.1545989593806163,68.78684448310273,64.0,2.6785714285714284,0,central/central/central
S3,74,9,1.0,1,BE-DL,20.0,20.0,112.4557589160139,22.400000000000002,2.2532350487419905,67.7599839974633,64.0,2.0,0,central/central/central
S3,74,9,1.0,2,YOLO,15.0,15.0,127.6329819239659,16.8,2.384872983994962,43.874470514117014,26.0,16.07142857142857,0,edge/edge/edge
S3,74,9,1.0,3,VIDEO,32.0,32.0,108.38949584961811,35.84,1.4477961470849061,54.27212984960323,44.0,7.142857142857142,0,regional/regional/regional
S3,74,9,1.0,4,CPU-OFF,8.0,8.0,86.21182618154907,8.96,1.8169621529957063,145.60227581556396,64.0,80.35714285714285,0,central/central/central
S3,74,9,1.0,5,MQTT,2.0,2.0,57.131516808232895,2.24,1.2088717559150834,67.5010350984077,64.0,2.6785714285714284,0,central/central/central
S3,75,9,1.0,1,BE-DL,20.0,20.0,66.16307590545948,22.400000000000002,1.2025918367884385,67.69522730365992,64.0,2.0,0,central/central/central
S3,75,9,1.0,2,YOLO,15.0,15.0,104.3440735283358,16.8,1.8333068757946915,45.489481268347554,26.0,16.07142857142857,0,edge/edge/edge
S3,75,9,1.0,3,VIDEO,32.0,32.0,147.75155103924763,35.84,2.279293526322836,53.50411602938868,44.0,7.142857142857142,0,regional/regional/regional
S3,75,9,1.0,4,CPU-OFF,8.0,8.0,99.62782691502323,8.96,2.0760301234720533,146.70861420002967,64.0,80.35714285714285,0,central/central/central
S3,75,9,1.0,5,MQTT,2.0,2.0,54.64979498572543,2.24,1.132540170162688,69.94718057849607,64.0,2.6785714285714284,0,central/central/central
S3,76,9,1.0,1,BE-DL,20.0,20.0,56.15804998334654,22.400000000000002,1.0333970436966824,68.05595216698055,64.0,2.0,0,central/central/central
S3,76,9,1.0,2,YOLO,15.0,15.0,116.95213440736809,16.8,2.2129321317591524,43.06622106428916,26.0,16.07142857142857,0,edge/edge/edge
S3,76,9,1.0,3,VIDEO,32.0,32.0,105.05020601189979,35.84,1.4153804264865066,51.95064343580638,44.0,7.142857142857142,0,regional/regional/regional
S3,76,9,1.0,4,CPU-OFF,8.0,8.0,92.20886474188588,8.96,2.0094185038567978,146.2174011337084,64.0,80.35714285714285,0,central/central/central
S3,76,9,1.0,5,MQTT,2.0,2.0,61.976724265578255,2.24,1.3562048725479157,66.88526854499544,64.0,2.6785714285714284,0,central/central/central
S3,77,9,1.0,1,BE-DL,20.0,20.0,98.66592892568745,22.400000000000002,2.099713499874762,68.37653935780803,64.0,2.0,0,central/central/central
S3,77,9,1.0,2,YOLO,15.0,15.0,128.91514009959732,16.8,2.6026720349512065,42.170629559098835,26.0,16.07142857142857,0,edge/edge/edge
S3,77,9,1.0,3,VIDEO,32.0,32.0,82.97744433544935,35.84,0.9527217458958201,51.71393533554264,44.0,7.142857142857142,0,regional/regional/regional
S3,77,9,1.0,4,CPU-OFF,8.0,8.0,56.298714986514995,8.96,1.2430420098064752,146.51952806763595,64.0,80.35714285714285,0,central/central/central
S3,77,9,1.0,5,MQTT,2.0,2.0,50.86717173426065,2.24,1.1536666750767568,68.10536095997793,64.0,2.6785714285714284,0,central/central/central
S3,78,9,1.0,1,BE-DL,20.0,20.0,50.2839292646572,22.400000000000002,0.9129071486041452,66.90627308626398,64.0,2.0,0,central/central/central
S3,78,9,1.0,2,YOLO,15.0,15.0,93.70887791424477,16.8,1.707088268196392,43.38184348572825,26.0,16.07142857142857,0,edge/edge/edge
S3,78,9,1.0,3,VIDEO,32.0,32.0,121.74267294461319,35.84,1.8252290171524026,52.715652220502214,44.0,7.142857142857142,0,regional/regional/regional
S3,78,9,1.0,4,CPU-OFF,8.0,8.0,29.571973037489393,8.96,0.5849637386214602,146.43204525337399,64.0,80.35714285714285,0,central/central/central
S3,78,9,1.0,5,MQTT,2.0,2.0,45.106949379013905,2.24,0.9854820524133671,70.1103866680823,64.0,2.6785714285714284,0,central/central/central
S3,79,9,1.0,1,BE-DL,20.0,20.0,94.43590150656654,22.400000000000002,2.299087477519618,66.50867818548534,64.0,2.0,0,central/central/central
S3,79,9,1.0,2,YOLO,15.0,15.0,49.736248961809544,16.8,0.812497552289129,44.78299424181876,26.0,16.07142857142857,0,edge/edge/edge
S3,79,9,1.0,3,VIDEO,32.0,32.0,72.03446473659345,35.84,0.7945375503813024,52.481452091214514,44.0,7.142857142857142,0,regional/regional/regional
S3,79,9,1.0,4,CPU-OFF,8.0,8.0,54.9966458627021,8.96,1.3941973755539534,147.601526332639,64.0,80.35714285714285,0,central/central/central
S3,79,9,1.0,5,MQTT,2.0,2.0,25.430380726692842,2.24,0.6263386952663287,66.91152909079916,64.0,2.6785714285714284,0,central/central/central
S3,80,10,1.0,1,BE-DL,20.0,20.0,80.57470062745583,22.400000000000002,1.9707557130687912,67.42309625981558,64.0,2.0,0,central/central/central
S3,80,10,1.0,2,YOLO,15.0,15.0,63.357652033889,16.8,1.2210566593403798,44.91173414430446,26.0,16.07142857142857,0,edge/edge/edge
S3,80,10,1.0,3,VIDEO,32.0,32.0,65.58343984229289,35.84,0.6340277651144153,52.92472078669671,44.0,7.142857142857142,0,regional/regional/regional
S3,80,10,1.0,4,CPU-OFF,8.0,8.0,46.40224912478991,8.96,1.1897452907149542,147.53002079155678,64.0,80.35714285714285,0,central/central/central
S3,80,10,1.0,5,MQTT,2.0,2.0,41.096944043783495,2.24,1.0876223132292924,67.5136811293868,64.0,2.6785714285714284,0,central/central/central
S3,81,10,1.0,1,BE-DL,20.0,20.0,62.37396649088721,22.400000000000002,1.347054754443772,69.17495797193101,64.0,2.0,0,central/central/central
S3,81,10,1.0,2,YOLO,15.0,15.0,54.93841830382819,16.8,0.9095501475167325,42.39782322991196,26.0,16.07142857142857,0,edge/edge/edge
S3,81,10,1.0,3,VIDEO,32.0,32.0,80.85810845047405,35.84,0.9874171199252908,53.962878531358406,44.0,7.142857142857142,0,regional/regional/regional
S3,81,10,1.0,4,CPU-OFF,8.0,8.0,31.77561566714794,8.96,0.7178042841367571,146.74935694054273,64.0,80.35714285714285,0,central/central/central
S3,81,10,1.0,5,MQTT,2.0,2.0,57.59846067916407,2.24,1.4350109352297618,69.69070437678965,64.0,2.6785714285714284,0,central/central/central
S3,82,10,1.0,1,BE-DL,20.0,20.0,52.99257400993929,22.400000000000002,1.2454732262682835,66.99464566184109,64.0,2.0,0,central/central/central
S3,82,10,1.0,2,YOLO,15.0,15.0,56.91622253529207,16.8,1.08749700519173,42.26539228455653,26.0,16.07142857142857,0,edge/edge/edge
S3,82,10,1.0,3,VIDEO,32.0,32.0,63.76956812074699,35.84,0.6100804005067234,53.76773490612821,44.0,7.142857142857142,0,regional/regional/regional
S3,82,10,1.0,4,CPU-OFF,8.0,8.0,40.09446034299908,8.96,1.0586751522490117,147.20045141754457,64.0,80.35714285714285,0,central/central/central
S3,82,10,1.0,5,MQTT,2.0,2.0,62.69052991616724,2.24,1.7552427447153414,69.5789486162658,64.0,2.6785714285714284,0,central/central/central
S3,83,10,1.0,1,BE-DL,20.0,20.0,59.79041090120765,22.400000000000002,1.3043958256815469,68.49774922822114,64.0,2.0,0,central/central/central
S3,83,10,1.0,2,YOLO,15.0,15.0,47.37846144388715,16.8,0.7252706261527574,43.08135089765179,26.0,16.07142857142857,0,edge/edge/edge
S3,83,10,1.0,3,VIDEO,32.0,32.0,79.34832922423573,35.84,0.9664138685146485,53.82224375845774,44.0,7.142857142857142,0,regional/regional/regional
S3,83,10,1.0,4,CPU-OFF,8.0,8.0,60.72465393839839,8.96,1.5058213719283529,147.7318110751674,64.0,80.35714285714285,0,central/central/central
S3,83,10,1.0,5,MQTT,2.0,2.0,77.7190257401318,2.24,1.9723335716692798,67.91093635267553,64.0,2.6785714285714284,0,central/central/central
S3,84,10,1.0,1,BE-DL,20.0,20.0,46.93454614752755,22.400000000000002,1.0653583420886925,68.1290206225304,64.0,2.0,0,central/central/central
S3,84,10,1.0,2,YOLO,15.0,15.0,45.96181938951208,16.8,0.7622832124952048,45.46659693937824,26.0,16.07142857142857,0,edge/edge/edge
S3,84,10,1.0,3,VIDEO,32.0,32.0,66.42558551206983,35.84,0.6885733626242093,54.3720057806962,44.0,7.142857142857142,0,regional/regional/regional
S3,84,10,1.0,4,CPU-OFF,8.0,8.0,58.9341905075005,8.96,1.6167855452438231,146.84466211630848,64.0,80.35714285714285,0,central/central/central
S3,84,10,1.0,5,MQTT,2.0,2.0,89.73296519094335,2.24,2.511417389896529,69.15269993740864,64.0,2.6785714285714284,0,central/central/central
S3,85,10,1.0,1,BE-DL,20.0,20.0,62.2519141783047,22.400000000000002,1.3201645469609102,68.83551005392977,64.0,2.0,0,central/central/central
S3,85,10,1.0,2,YOLO,15.0,15.0,65.3747542756262,16.8,1.1623390411869092,43.47302578171992,26.0,16.07142857142857,0,edge/edge/edge
S3,85,10,1.0,3,VIDEO,32.0,32.0,77.91369794560087,35.84,0.8941674483075457,51.94105557588453,44.0,7.142857142857142,0,regional/regional/regional
S3,85,10,1.0,4,CPU-OFF,8.0,8.0,64.95246518869813,8.96,1.5597313594004802,144.57807435795934,64.0,80.35714285714285,0,central/central/central
S3,85,10,1.0,5,MQTT,2.0,2.0,64.27983273287663,2.24,1.5746228233600716,67.45923411869775,64.0,2.6785714285714284,0,central/central/central
S3,86,10,1.0,1,BE-DL,20.0,20.0,34.01035084244898,22.400000000000002,0.5755822825476654,68.76337343627775,64.0,2.0,0,central/central/central
S3,86,10,1.0,2,YOLO,15.0,15.0,73.96053576325508,16.8,1.3435185314272298,42.52221246052746,26.0,16.07142857142857,0,edge/edge/edge
S3,86,10,1.0,3,VIDEO,32.0,32.0,92.64402695205104,35.84,1.236795826637684,54.02243426729504,44.0,7.142857142857142,0,regional/regional/regional
S3,86,10,1.0,4,CPU-OFF,8.0,8.0,107.287795264219,8.96,2.5558394432662004,147.60350841460132,64.0,80.35714285714285,0,central/central/central
S3,86,10,1.0,5,MQTT,2.0,2.0,92.86083352733691,2.24,2.2121563825526502,68.43753355238596,64.0,2.6785714285714284,0,central/central/central
S3,87,10,1.0,1,BE-DL,20.0,20.0,53.96171746087042,22.400000000000002,0.9763080965752134,66.79736745411905,64.0,2.0,0,central/central/central
S3,87,10,1.0,2,YOLO,15.0,15.0,106.34161251210824,16.8,1.9564380408986637,45.293624391672026,26.0,16.07142857142857,0,edge/edge/edge
S3,87,10,1.0,3,VIDEO,32.0,32.0,113.68570656214561,35.84,1.6017927139929842,54.354107896567065,44.0,7.142857142857142,0,regional/regional/regional
S3,87,10,1.0,4,CPU-OFF,8.0,8.0,85.3602259525312,8.96,1.8398269149739324,147.70855292619552,64.0,80.35714285714285,0,central/central/central
S3,87,10,1.0,5,MQTT,2.0,2.0,113.96900593359385,2.24,2.4773575426657843,69.79751687188664,64.0,2.6785714285714284,0,central/central/central
S3,88,11,1.0,1,BE-DL,20.0,20.0,51.31138504931976,22.400000000000002,1.5959425712799054,67.05611438380679,64.0,2.0,0,central/central/central
S3,88,11,1.0,2,YOLO,15.0,15.0,31.744241893762958,16.8,0.4550612671929221,45.53866717636285,26.0,16.07142857142857,0,edge/edge/edge
S3,88,11,1.0,3,VIDEO,32.0,32.0,55.15106336030084,35.84,0.47314699719278025,51.23025583394737,44.0,7.142857142857142,0,regional/regional/regional
S3,88,11,1.0,4,CPU-OFF,8.0,8.0,59.661669949229115,8.96,2.1878298531318374,145.23749025296712,64.0,80.35714285714285,0,central/central/central
S3,88,11,1.0,5,MQTT,2.0,2.0,49.532590128903024,2.24,1.81713165248968,69.92883028206091,64.0,2.6785714285714284,0,central/central/central
S3,89,11,1.0,1,BE-DL,20.0,20.0,60.890425709305376,22.400000000000002,1.5076190871582806,69.49924157139411,64.0,2.0,0,central/central/central
S3,89,11,1.0,2,YOLO,15.0,15.0,37.73299151759775,16.8,0.5283116216753498,44.915682423412264,26.0,16.07142857142857,0,edge/edge/edge
S3,89,11,1.0,3,VIDEO,32.0,32.0,68.64226208426032,35.84,0.7688296781071572,53.86186209518317,44.0,7.142857142857142,0,regional/regional/regional
S3,89,11,1.0,4,CPU-OFF,8.0,8.0,48.65611019073121,8.96,1.3373579298699363,146.35860198760614,64.0,80.35714285714285,0,central/central/central
S3,89,11,1.0,5,MQTT,2.0,2.0,39.412734087089376,2.24,1.1094076240992854,68.05852451974503,64.0,2.6785714285714284,0,central/central/central
S3,90,11,1.0,1,BE-DL,20.0,20.0,34.21413409594738,22.400000000000002,1.3210289116236633,66.28520746435895,64.0,2.0,0,central/central/central
S3,90,11,1.0,2,YOLO,15.0,15.0,24.809303368495772,16.8,0.2594527774222488,42.36719335179122,26.0,16.07142857142857,0,edge/edge/edge
S3,90,11,1.0,3,VIDEO,32.0,32.0,51.32610747640287,35.84,0.4624261611878703,52.064647452746605,44.0,7.142857142857142,0,regional/regional/regional
S3,90,11,1.0,4,CPU-OFF,8.0,8.0,27.54896386501429,8.96,1.317320319311584,146.08737849088382,64.0,80.35714285714285,0,central/central/central
S3,90,11,1.0,5,MQTT,2.0,2.0,27.22256474955819,2.24,1.3908388054629504,69.38798971202675,64.0,2.6785714285714284,0,central/central/central
S3,91,11,1.0,1,BE-DL,20.0,20.0,53.535186653921194,22.400000000000002,1.5403465368309053,68.78809000742984,64.0,2.0,0,central/central/central
S3,91,11,1.0,2,YOLO,15.0,15.0,36.362779512906585,16.8,0.5834995934862697,45.0394329413263,26.0,16.07142857142857,0,edge/edge/edge
S3,91,11,1.0,3,VIDEO,32.0,32.0,56.844897021205085,35.84,0.49412901471516185,52.682310852487696,44.0,7.142857142857142,0,regional/regional/regional
S3,91,11,1.0,4,CPU-OFF,8.0,8.0,41.526621696430404,8.96,1.3444836534896394,146.48222631445,64.0,80.35714285714285,0,central/central/central
S3,91,11,1.0,5,MQTT,2.0,2.0,33.96147245596513,2.24,1.1320862707285542,69.90302845466361,64.0,2.6785714285714284,0,central/central/central
S3,92,11,1.0,1,BE-DL,20.0,20.0,25.501118796789147,22.400000000000002,0.929873121373109,67.49566705006988,64.0,2.0,0,central/central/central
S3,92,11,1.0,2,YOLO,15.0,15.0,24.630548212839283,16.8,0.28089929453582474,44.69622392074472,26.0,16.07142857142857,0,edge/edge/edge
S3,92,11,1.0,3,VIDEO,32.0,32.0,49.63239620696501,35.84,0.4124724735172493,54.082986013798276,44.0,7.142857142857142,0,regional/regional/regional
S3,92,11,1.0,4,CPU-OFF,8.0,8.0,25.064109330925138,8.96,1.3250701627378672,147.03234673760463,64.0,80.35714285714285,0,central/central/central
S3,92,11,1.0,5,MQTT,2.0,2.0,16.49588009762645,2.24,0.8846502306642394,68.55739566164111,64.0,2.6785714285714284,0,central/central/central
S3,93,11,1.0,1,BE-DL,20.0,20.0,72.68081466477037,22.400000000000002,2.316624592156756,67.34178117593218,64.0,2.0,0,central/central/central
S3,93,11,1.0,2,YOLO,15.0,15.0,38.015396939773815,16.8,0.6672375464523969,42.145862682229854,26.0,16.07142857142857,0,edge/edge/edge
S3,93,11,1.0,3,VIDEO,32.0,32.0,54.78172920560493,35.84,0.43498969401143533,54.466865183732324,44.0,7.142857142857142,0,regional/regional/regional
S3,93,11,1.0,4,CPU-OFF,8.0,8.0,42.89628406034827,8.96,1.445853769045496,145.994075916444,64.0,80.35714285714285,0,central/central/central
S3,93,11,1.0,5,MQTT,2.0,2.0,32.40173336366879,2.24,1.1155456735440654,67.7233458406103,64.0,2.6785714285714284,0,central/central/central
S3,94,11,1.0,1,BE-DL,20.0,20.0,56.661907835612546,22.400000000000002,1.098760682027448,67.81214783246617,64.0,2.0,0,central/central/central
S3,94,11,1.0,2,YOLO,15.0,15.0,62.297586252285086,16.8,1.0117894047374059,43.40910974373947,26.0,16.07142857142857,0,edge/edge/edge
S3,94,11,1.0,3,VIDEO,32.0,32.0,108.7379314912722,35.84,1.5770366530295548,51.4150497919017,44.0,7.142857142857142,0,regional/regional/regional
S3,94,11,1.0,4,CPU-OFF,8.0,8.0,37.688911675742084,8.96,0.801029764863726,147.78979418142794,64.0,80.35714285714285,0,central/central/central
S3,94,11,1.0,5,MQTT,2.0,2.0,51.47733716838704,2.24,1.1737271348268177,66.73356314005039,64.0,2.6785714285714284,0,central/central/central
S3,95,11,1.0,1,BE-DL,20.0,20.0,81.31197395703325,22.400000000000002,1.6450799808243688,67.76899423563368,64.0,2.0,0,central/central/central
S3,95,11,1.0,2,YOLO,15.0,15.0,94.56244627748278,16.8,1.7386785040607542,44.82056581999555,26.0,16.07142857142857,0,edge/edge/edge
S3,95,11,1.0,3,VIDEO,32.0,32.0,102.86297155296704,35.84,1.3959266761342568,53.465371665934974,44.0,7.142857142857142,0,regional/regional/regional
S3,95,11,1.0,4,CPU-OFF,8.0,8.0,41.245153914002906,8.96,0.86206120640787,146.8272411914689,64.0,80.35714285714285,0,central/central/central
S3,95,11,1.0,5,MQTT,2.0,2.0,26.19554414707428,2.24,0.5497221474474153,67.01979419606282,64.0,2.6785714285714284,0,central/central/central
S3,96,12,0.4,1,BE-DL,8.0,8.0,83.79320144216527,8.96,1.6325717947878329,69.48337067692795,64.0,2.0,0,central/central/central
S3,96,12,0.4,2,YOLO,6.0,6.0,77.80756853342317,6.72,1.4334049793143446,44.71267392773294,26.0,16.07142857142857,0,edge/edge/edge
S3,96,12,0.4,3,VIDEO,12.8,12.8,65.29884153576185,14.336000000000002,0.9874171199252908,53.96089592732072,44.0,7.142857142857142,0,regional/regional/regional
S3,96,12,0.4,4,CPU-OFF,3.2,3.2,57.81836762235074,3.5840000000000005,1.1419613611266588,147.72074964080772,64.0,80.35714285714285,0,central/central/central
S3,96,12,0.4,5,MQTT,0.8,0.8,36.67382410013064,0.8960000000000001,0.724338853020737,69.19620058898566,64.0,2.6785714285714284,0,central/central/central
S3,97,12,0.4,1,BE-DL,8.0,8.0,86.29148225490223,8.96,1.7386047574811063,67.82991338977116,64.0,2.0,0,central/central/central
S3,97,12,0.4,2,YOLO,6.0,6.0,33.95547427063353,6.72,0.5489270597634447,44.31126378384236,26.0,16.07142857142857,0,edge/edge/edge
S3,97,12,0.4,3,VIDEO,12.8,12.8,67.99042784419036,14.336000000000002,1.076612471482453,53.32923247905707,44.0,7.142857142857142,0,regional/regional/regional
S3,97,12,0.4,4,CPU-OFF,3.2,3.2,40.25270303417284,3.5840000000000005,0.8172229245430966,144.36209327828388,64.0,80.35714285714285,0,central/central/central
S3,97,12,0.4,5,MQTT,0.8,0.8,71.11282129585247,0.8960000000000001,1.448272040482613,67.2009682390349,64.0,2.6785714285714284,0,central/central/central
S3,98,12,0.4,1,BE-DL,8.0,8.0,60.385818599708024,8.96,1.232543513249939,69.46732877622874,64.0,2.0,0,central/central/central
S3,98,12,0.4,2,YOLO,6.0,6.0,46.95115810221305,6.72,0.8553191522215277,43.001866217735795,26.0,16.07142857142857,0,edge/edge/edge
S3,98,12,0.4,3,VIDEO,12.8,12.8,44.491261805986255,14.336000000000002,0.5990635676172661,53.98028974238078,44.0,7.142857142857142,0,regional/regional/regional
S3,98,12,0.4,4,CPU-OFF,3.2,3.2,49.307291649832685,3.5840000000000005,1.0397338044267173,145.65691592521324,64.0,80.35714285714285,0,central/central/central
S3,98,12,0.4,5,MQTT,0.8,0.8,115.34457730523906,0.8960000000000001,2.432249920219959,69.21185145878637,64.0,2.6785714285714284,0,central/central/central
S3,99,12,0.4,1,BE-DL,8.0,8.0,55.77675597718658,8.96,1.1313090965989452,67.8220045909358,64.0,2.0,0,central/central/central
S3,99,12,0.4,2,YOLO,6.0,6.0,36.51062018287303,6.72,0.6255979468064093,44.97320734049513,26.0,16.07142857142857,0,edge/edge/edge
S3,99,12,0.4,3,VIDEO,12.8,12.8,48.550557030158856,14.336000000000002,0.6885733626242092,51.55783173977431,44.0,7.142857142857142,0,regional/regional/regional
S3,99,12,0.4,4,CPU-OFF,3.2,3.2,76.65753336141198,3.5840000000000005,1.616785545243823,146.18322698597464,64.0,80.35714285714285,0,central/central/central
S3,99,12,0.4,5,MQTT,0.8,0.8,95.44195429435501,0.8960000000000001,2.0129681369399663,69.70034901406028,64.0,2.6785714285714284,0,central/central/central
S3,100,12,0.4,1,BE-DL,8.0,8.0,72.32918646984808,8.96,1.385668894710879,66.80846360835018,64.0,2.0,0,central/central/central
S3,100,12,0.4,2,YOLO,6.0,6.0,72.60129105914987,6.72,1.3157441938308672,42.32937892502274,26.0,16.07142857142857,0,edge/edge/edge
S3,100,12,0.4,3,VIDEO,12.8,12.8,75.48039423586664,14.336000000000002,1.18721392296296,51.43994457307385,44.0,7.142857142857142,0,regional/regional/regional
S3,100,12,0.4,4,CPU-OFF,3.2,3.2,55.38138609031076,3.5840000000000005,1.085427086366416,147.10202395175432,64.0,80.35714285714285,0,central/central/central
S3,100,12,0.4,5,MQTT,0.8,0.8,120.00369656098869,0.8960000000000001,2.3519682678036515,69.6198391690438,64.0,2.6785714285714284,0,central/central/central
S3,101,12,0.4,1,BE-DL,8.0,8.0,70.71723723881482,8.96,1.3520753618336667,69.12909974912999,64.0,2.0,0,central/central/central
S3,101,12,0.4,2,YOLO,6.0,6.0,39.20898989743967,6.72,0.6342498650900121,45.31803505840337,26.0,16.07142857142857,0,edge/edge/edge
S3,101,12,0.4,3,VIDEO,12.8,12.8,126.89167808568462,14.336000000000002,2.2347621143384355,53.02292746331254,44.0,7.142857142857142,0,regional/regional/regional
S3,101,12,0.4,4,CPU-OFF,3.2,3.2,78.6814134699675,3.5840000000000005,1.5413077558628232,146.57004944196365,64.0,80.35714285714285,0,central/central/central
S3,101,12,0.4,5,MQTT,0.8,0.8,119.51041496010882,0.8960000000000001,2.3411161716700692,70.01560335109588,64.0,2.6785714285714284,0,central/central/central
S3,102,12,0.4,1,BE-DL,8.0,8.0,67.36160801699798,8.96,1.2976246853214863,66.17736793445147,64.0,2.0,0,central/central/central
S3,102,12,0.4,2,YOLO,6.0,6.0,78.24735290295534,6.72,1.4457212832343538,44.11314108711981,26.0,16.07142857142857,0,edge/edge/edge
S3,102,12,0.4,3,VIDEO,12.8,12.8,65.45733594770073,14.336000000000002,0.9929241384985749,54.395954129767674,44.0,7.142857142857142,0,regional/regional/regional
S3,102,12,0.4,4,CPU-OFF,3.2,3.2,66.68099994985721,3.5840000000000005,1.3198758303073863,146.96241142406217,64.0,80.35714285714285,0,central/central/central
S3,102,12,0.4,5,MQTT,0.8,0.8,81.68692298460536,0.8960000000000001,1.616901296930722,68.79775717152557,64.0,2.6785714285714284,0,central/central/central
S3,103,12,0.4,1,BE-DL,8.0,8.0,103.83020805232537,8.96,1.9680906148070574,67.97167446943476,64.0,2.0,0,central/central/central
S3,103,12,0.4,2,YOLO,6.0,6.0,96.00903272408581,6.72,1.740044053513308,44.65647463682237,26.0,16.07142857142857,0,edge/edge/edge
S3,103,12,0.4,3,VIDEO,12.8,12.8,109.1413930965985,14.336000000000002,1.818275845519456,53.1071051730575,44.0,7.142857142857142,0,regional/regional/regional
S3,103,12,0.4,4,CPU-OFF,3.2,3.2,61.31827066459593,3.5840000000000005,1.1674966480838056,147.03951482416542,64.0,80.35714285714285,0,central/central/central
S3,103,12,0.4,5,MQTT,0.8,0.8,65.89756340587441,0.8960000000000001,1.2546861410047792,70.06347574256606,64.0,2.6785714285714284,0,central/central/central
S3,104,13,0.4,1,BE-DL,8.0,8.0,87.02880268947006,8.96,1.614135653098811,67.93608880735636,64.0,2.0,0,central/central/central
S3,104,13,0.4,2,YOLO,6.0,6.0,111.06191962489972,6.72,2.01133866120057,43.08065275981463,26.0,16.07142857142857,0,edge/edge/edge
S3,104,13,0.4,3,VIDEO,12.8,12.8,157.84057904109608,14.336000000000002,2.7458202789541324,53.92008708074473,44.0,7.142857142857142,0,regional/regional/regional
S3,104,13,0.4,4,CPU-OFF,3.2,3.2,109.40081852156578,3.5840000000000005,2.056764264558592,147.2440525904749,64.0,80.35714285714285,0,central/central/central
S3,104,13,0.4,5,MQTT,0.8,0.8,64.30078636799706,0.8960000000000001,1.2088717559150837,70.10812654449336,64.0,2.6785714285714284,0,central/central/central
S3,105,13,0.4,1,BE-DL,8.0,8.0,113.84816145286162,8.96,2.2685255103054636,66.21434172378312,64.0,2.0,0,central/central/central
S3,105,13,0.4,2,YOLO,6.0,6.0,65.23272574604697,6.72,1.1856712946715668,43.80842791081098,26.0,16.07142857142857,0,edge/edge/edge
S3,105,13,0.4,3,VIDEO,12.8,12.8,60.560457340849084,14.336000000000002,0.8981961777458632,52.8139402421143,44.0,7.142857142857142,0,regional/regional/regional
S3,105,13,0.4,4,CPU-OFF,3.2,3.2,66.11100281518365,3.5840000000000005,1.317320319311584,145.12633654018833,64.0,80.35714285714285,0,central/central/central
S3,105,13,0.4,5,MQTT,0.8,0.8,61.1586206220022,0.8960000000000001,1.2186397152627757,70.17570421713283,64.0,2.6785714285714284,0,central/central/central
S3,106,13,0.4,1,BE-DL,8.0,8.0,78.93524580349519,8.96,1.5403465368309053,66.86385250501026,64.0,2.0,0,central/central/central
S3,106,13,0.4,2,YOLO,6.0,6.0,121.42311042025553,6.72,2.3419371439244836,43.0673511037177,26.0,16.07142857142857,0,edge/edge/edge
S3,106,13,0.4,3,VIDEO,12.8,12.8,57.59273823498261,14.336000000000002,0.8331036687547146,53.86021629937478,44.0,7.142857142857142,0,regional/regional/regional
S3,106,13,0.4,4,CPU-OFF,3.2,3.2,58.173777976874675,3.5840000000000005,1.1545022676704513,146.79028287419104,64.0,80.35714285714285,0,central/central/central
S3,106,13,0.4,5,MQTT,0.8,0.8,57.04426678772866,0.8960000000000001,1.1320862707285542,69.4254249920721,64.0,2.6785714285714284,0,central/central/central
S3,107,13,0.4,1,BE-DL,8.0,8.0,122.60378354227674,8.96,2.3596780284306855,67.52082310745547,64.0,2.0,0,central/central/central
S3,107,13,0.4,2,YOLO,6.0,6.0,125.83071698748435,6.72,2.356601224374002,44.66381737650306,26.0,16.07142857142857,0,edge/edge/edge
S3,107,13,0.4,3,VIDEO,12.8,12.8,80.47458899079746,14.336000000000002,1.2649582844667195,54.10500937573657,44.0,7.142857142857142,0,regional/regional/regional
S3,107,13,0.4,4,CPU-OFF,3.2,3.2,43.369950702316565,3.5840000000000005,0.8329012451495167,147.51496657103664,64.0,80.35714285714285,0,central/central/central
S3,107,13,0.4,5,MQTT,0.8,0.8,31.987004397000756,0.8960000000000001,0.6156337862517222,70.15292079499925,64.0,2.6785714285714284,0,central/central/central
S3,108,13,0.4,1,BE-DL,8.0,8.0,81.05636837872252,8.96,1.5509605320371502,66.97864171782392,64.0,2.0,0,central/central/central
S3,108,13,0.4,2,YOLO,6.0,6.0,70.20195154905859,6.72,1.2564862887739943,42.08914112769411,26.0,16.07142857142857,0,edge/edge/edge
S3,108,13,0.4,3,VIDEO,12.8,12.8,85.11124582351741,14.336000000000002,1.3724050243474173,51.64154284318394,44.0,7.142857142857142,0,regional/regional/regional
S3,108,13,0.4,4,CPU-OFF,3.2,3.2,70.66388524242775,3.5840000000000005,1.3741129331768267,147.07903107796642,64.0,80.35714285714285,0,central/central/central
S3,108,13,0.4,5,MQTT,0.8,0.8,30.612904697414987,0.8960000000000001,0.5952911890212724,69.49212828090603,64.0,2.6785714285714284,0,central/central/central
S3,109,13,0.4,1,BE-DL,8.0,8.0,125.11488619282848,8.96,2.539152836618056,66.82761134252551,64.0,2.0,0,central/central/central
S3,109,13,0.4,2,YOLO,6.0,6.0,51.22091124448094,6.72,0.9121434785132697,44.6213902777971,26.0,16.07142857142857,0,edge/edge/edge
S3,109,13,0.4,3,VIDEO,12.8,12.8,54.841177597018905,14.336000000000002,0.7945375503813044,51.78856172607842,44.0,7.142857142857142,0,regional/regional/regional
S3,109,13,0.4,4,CPU-OFF,3.2,3.2,65.45050485956256,3.5840000000000005,1.3282898632550406,147.0074840390781,64.0,80.35714285714285,0,central/central/central
S3,109,13,0.4,5,MQTT,0.8,0.8,71.32062136753227,0.8960000000000001,1.4474213546070596,66.8564381178596,64.0,2.6785714285714284,0,central/central/central
S3,110,13,0.4,1,BE-DL,8.0,8.0,57.52503765339129,8.96,1.1022870937503386,69.10377679377015,64.0,2.0,0,central/central/central
S3,110,13,0.4,2,YOLO,6.0,6.0,71.10699221644286,6.72,1.307326966793773,43.198878566775214,26.0,16.07142857142857,0,edge/edge/edge
S3,110,13,0.4,3,VIDEO,12.8,12.8,64.52802580290869,14.336000000000002,0.9803454519416156,54.47160277375194,44.0,7.142857142857142,0,regional/regional/regional
S3,110,13,0.4,4,CPU-OFF,3.2,3.2,40.14871780901392,3.5840000000000005,0.7965243895464529,145.93868868124775,64.0,80.35714285714285,0,central/central/central
S3,110,13,0.4,5,MQTT,0.8,0.8,58.450659138262864,0.8960000000000001,1.1644651940552775,68.07818472948375,64.0,2.6785714285714284,0,central/central/central
S3,111,13,0.4,1,BE-DL,8.0,8.0,76.35327623222335,8.96,1.5373994480064792,66.21380185858585,64.0,2.0,0,central/central/central
S3,111,13,0.4,2,YOLO,6.0,6.0,71.68364448987586,6.72,1.3585685747718286,45.04693614555782,26.0,16.07142857142857,0,edge/edge/edge
S3,111,13,0.4,3,VIDEO,12.8,12.8,48.24508028596437,14.336000000000002,0.6616195930463878,51.1684425545715,44.0,7.142857142857142,0,regional/regional/regional
S3,111,13,0.4,4,CPU-OFF,3.2,3.2,41.97175745368626,3.5840000000000005,0.8591899764667242,146.6261943728418,64.0,80.35714285714285,0,central/central/central
S3,111,13,0.4,5,MQTT,0.8,0.8,31.013869003027995,0.8960000000000001,0.6355048427446087,68.81228214019333,64.0,2.6785714285714284,0,central/central/central
S3,112,14,1.2,1,BE-DL,24.0,19.449870125250122,19.449870125250122,26.88,1.4920389918746915,66.67347137528508,64.0,2.0,1,central/central/central
S3,112,14,1.2,2,YOLO,18.0,18.0,25.055537320973965,20.160000000000004,0.2856492133636941,44.50246163274657,26.0,16.07142857142857,0,edge/edge/edge
S3,112,14,1.2,3,VIDEO,38.4,38.4,52.26978440560654,43.008,0.33877405769314556,54.26131598060707,44.0,7.142857142857142,0,regional/regional/regional
S3,112,14,1.2,4,CPU-OFF,9.6,9.6,9.79735058852028,10.752,1.0586751522490143,146.04484587326183,64.0,80.35714285714285,0,central/central/central
S3,112,14,1.2,5,MQTT,2.4,2.4,6.371783062888277,2.688,0.7320070639395833,68.04501155466569,64.0,2.6785714285714284,0,central/central/central
S3,113,14,1.2,1,BE-DL,24.0,15.627764305686544,15.627764305686544,26.88,0.514020388933831,68.0950154210552,64.0,2.0,1,central/central/central
S3,113,14,1.2,2,YOLO,18.0,18.0,25.68910664395454,20.160000000000004,0.2941097435709113,45.47073395081267,26.0,16.07142857142857,0,edge/edge/edge
S3,113,14,1.2,3,VIDEO,38.4,38.4,53.701018102881235,43.008,0.3940255842856208,52.64799493475593,44.0,7.142857142857142,0,regional/regional/regional
S3,113,14,1.2,4,CPU-OFF,9.6,9.6,9.750481162485011,10.752,0.9465162909263907,145.41362147090007,64.0,80.35714285714285,0,central/central/central
S3,113,14,1.2,5,MQTT,2.4,2.4,7.124942797337913,2.688,0.8225427002925679,67.98207669825872,64.0,2.6785714285714284,0,central/central/central
S3,114,14,1.2,1,BE-DL,24.0,24.0,25.678616197532904,26.88,1.1972598511091974,67.198625479351,64.0,2.0,0,central/central/central
S3,114,14,1.2,2,YOLO,18.0,18.0,27.32239080344926,20.160000000000004,0.2899830482843827,43.41049512055795,26.0,16.07142857142857,0,edge/edge/edge
S3,114,14,1.2,3,VIDEO,38.4,38.4,56.31396307484946,43.008,0.4292540358698845,53.36545264852453,44.0,7.142857142857142,0,regional/regional/regional
S3,114,14,1.2,4,CPU-OFF,9.6,9.6,27.691219603171657,10.752,2.150242704842039,146.55535578267748,64.0,80.35714285714285,0,central/central/central
S3,114,14,1.2,5,MQTT,2.4,2.4,15.128924674759308,2.688,1.1406819442659808,67.07718351036692,64.0,2.6785714285714284,0,central/central/central
S3,115,14,1.2,1,BE-DL,24.0,17.83702858256067,17.83702858256067,26.88,1.1236515037110035,66.44523743058237,64.0,2.0,1,central/central/central
S3,115,14,1.2,2,YOLO,18.0,18.0,24.98880871120595,20.160000000000004,0.2180713246815643,44.786996100110144,26.0,16.07142857142857,0,edge/edge/edge
S3,115,14,1.2,3,VIDEO,38.4,38.4,53.094253371158985,43.008,0.4144729113331447,51.66288961940093,44.0,7.142857142857142,0,regional/regional/regional
S3,115,14,1.2,4,CPU-OFF,9.6,9.6,10.837566225247997,10.752,1.3225792228834479,144.65981270425402,64.0,80.35714285714285,0,central/central/central
S3,115,14,1.2,5,MQTT,2.4,2.4,14.678253382513605,2.688,2.3519682678036515,68.62879891995685,64.0,2.6785714285714284,0,central/central/central
S3,116,14,1.2,1,BE-DL,24.0,24.0,27.01534903219991,26.88,0.6461725624827576,66.32298580514465,64.0,2.0,0,central/central/central
S3,116,14,1.2,2,YOLO,18.0,18.0,33.935201855846984,20.160000000000004,0.4506583987650334,44.09814858548935,26.0,16.07142857142857,0,edge/edge/edge
S3,116,14,1.2,3,VIDEO,38.4,38.4,64.55454243285958,43.008,0.5946855519529619,52.944945099995806,44.0,7.142857142857142,0,regional/regional/regional
S3,116,14,1.2,4,CPU-OFF,9.6,9.6,49.07907309495069,10.752,2.0485735995645133,144.40721634251446,64.0,80.35714285714285,0,central/central/central
S3,116,14,1.2,5,MQTT,2.4,2.4,39.660368349169325,2.688,1.696317226082973,69.35940939230713,64.0,2.6785714285714284,0,central/central/central
S3,117,14,1.2,1,BE-DL,24.0,24.0,26.441093232491617,26.88,1.2976246853214861,67.59956292050964,64.0,2.0,0,central/central/central
S3,117,14,1.2,2,YOLO,18.0,18.0,28.722478739946624,20.160000000000004,0.4334020977348204,44.45244147496694,26.0,16.07142857142857,0,edge/edge/edge
S3,117,14,1.2,3,VIDEO,38.4,38.4,55.37278258465437,43.008,0.3462120392349748,54.16034336670473,44.0,7.142857142857142,0,regional/regional/regional
S3,117,14,1.2,4,CPU-OFF,9.6,9.6,18.7481461612936,10.752,1.3198758303073863,147.08723068810994,64.0,80.35714285714285,0,central/central/central
S3,117,14,1.2,5,MQTT,2.4,2.4,19.739023995595534,2.688,1.616901296930722,67.42084669615076,64.0,2.6785714285714284,0,central/central/central
S3,118,14,1.2,1,BE-DL,24.0,24.0,89.6242387785376,26.88,1.8750536039252736,68.51595878259317,64.0,2.0,0,central/central/central
S3,118,14,1.2,2,YOLO,18.0,18.0,71.82097936840142,20.160000000000004,1.1659178429632338,43.98884579325713,26.0,16.07142857142857,0,edge/edge/edge
S3,118,14,1.2,3,VIDEO,38.4,38.4,110.24195462304262,43.008,1.4328804217408764,52.719368963921994,44.0,7.142857142857142,0,regional/regional/regional
S3,118,14,1.2,4,CPU-OFF,9.6,9.6,73.65891812053995,10.752,1.6776632506078206,146.47255553270196,64.0,80.35714285714285,0,central/central/central
S3,118,14,1.2,5,MQTT,2.4,2.4,92.12726615904138,2.688,2.154598959380617,68.01199284484787,64.0,2.6785714285714284,0,central/central/central
S3,119,14,1.2,1,BE-DL,24.0,24.0,70.92061044267643,26.88,1.294585955277216,68.78604889489381,64.0,2.0,0,central/central/central
S3,119,14,1.2,2,YOLO,18.0,18.0,97.3233985724224,20.160000000000004,1.637804338406177,45.54116848251931,26.0,16.07142857142857,0,edge/edge/edge
S3,119,14,1.2,3,VIDEO,38.4,38.4,162.6907882616567,43.008,2.4862154525802875,53.547734397857724,44.0,7.142857142857142,0,regional/regional/regional
S3,119,14,1.2,4,CPU-OFF,9.6,9.6,113.02099218032676,10.752,2.416467431902923,146.63937149267528,64.0,80.35714285714285,0,central/central/central
S3,119,14,1.2,5,MQTT,2.4,2.4,84.11859629627376,2.688,1.8056565468098762,69.36048892267637,64.0,2.6785714285714284,0,central/central/central
S3,120,15,1.2,1,BE-DL,24.0,24.0,49.5072838153304,26.88,0.8472806122827621,67.29246734404883,64.0,2.0,0,central/central/central
S3,120,15,1.2,2,YOLO,18.0,18.0,113.960907496157,20.160000000000004,2.0923611082439404,42.37152017034942,26.0,16.07142857142857,0,edge/edge/edge
S3,120,15,1.2,3,VIDEO,38.4,38.4,133.3706625257475,43.008,1.9026306130745723,54.442915158322556,44.0,7.142857142857142,0,regional/regional/regional
S3,120,15,1.2,4,CPU-OFF,9.6,9.6,103.53021035421123,10.752,2.2928043532321922,144.6438298676806,64.0,80.35714285714285,0,central/central/central
S3,120,15,1.2,5,MQTT,2.4,2.4,81.6897585189565,2.688,1.8213365309633922,69.86425788355368,64.0,2.6785714285714284,0,central/central/central
S3,121,15,1.2,1,BE-DL,24.0,24.0,83.70302860495876,26.88,1.6670839101144608,66.45973114691766,64.0,2.0,0,central/central/central
S3,121,15,1.2,2,YOLO,18.0,18.0,123.3434017432192,20.160000000000004,2.3419371439244836,42.9179028690877,26.0,16.07142857142857,0,edge/edge/edge
S3,121,15,1.2,3,VIDEO,38.4,38.4,111.69817875755597,43.008,1.4153804264865044,53.90979265335402,44.0,7.142857142857142,0,regional/regional/regional
S3,121,15,1.2,4,CPU-OFF,9.6,9.6,54.10532061416813,10.752,1.1545022676704515,145.71924014131443,64.0,80.35714285714285,0,central/central/central
S3,121,15,1.2,5,MQTT,2.4,2.4,70.07382308617787,2.688,1.5803234743672712,68.22191902467787,64.0,2.6785714285714284,0,central/central/central
S3,122,15,1.2,1,BE-DL,24.0,24.0,100.74731993249664,26.88,2.099713499874762,68.07128732066028,64.0,2.0,0,central/central/central
S3,122,15,1.2,2,YOLO,18.0,18.0,76.38869754929729,20.160000000000004,1.2492825767765792,44.82319514818914,26.0,16.07142857142857,0,edge/edge/edge
S3,122,15,1.2,3,VIDEO,38.4,38.4,130.619629656665,43.008,1.889431361608518,52.425898374490274,44.0,7.142857142857142,0,regional/regional/regional
S3,122,15,1.2,4,CPU-OFF,9.6,9.6,36.587569740845176,10.752,0.7508730922181248,146.06055048666923,64.0,80.35714285714285,0,central/central/central
S3,122,15,1.2,5,MQTT,2.4,2.4,34.51708728509558,2.688,0.7501420084579808,69.88393616707008,64.0,2.6785714285714284,0,central/central/central
S3,123,15,1.2,1,BE-DL,24.0,24.0,118.50972799084586,26.88,2.444235268843357,68.3849495036919,64.0,2.0,0,central/central/central
S3,123,15,1.2,2,YOLO,18.0,18.0,126.97103261567129,20.160000000000004,2.382991237329989,42.333296868404624,26.0,16.07142857142857,0,edge/edge/edge
S3,123,15,1.2,3,VIDEO,38.4,38.4,130.47988126162537,43.008,1.8252290171524033,52.34700319283812,44.0,7.142857142857142,0,regional/regional/regional
S3,123,15,1.2,4,CPU-OFF,9.6,9.6,27.392177570019527,10.752,0.5132229027527907,146.34273413619522,64.0,80.35714285714285,0,central/central/central
S3,123,15,1.2,5,MQTT,2.4,2.4,45.699434327949376,2.688,0.9854820524133671,68.22544897756731,64.0,2.6785714285714284,0,central/central/central
S3,124,15,1.2,1,BE-DL,24.0,24.0,104.17890702601916,26.88,2.2990874775196217,69.1853461305375,64.0,2.0,0,central/central/central
S3,124,15,1.2,2,YOLO,18.0,18.0,68.28143725704341,20.160000000000004,1.1114353309615472,42.796238370750146,26.0,16.07142857142857,0,edge/edge/edge
S3,124,15,1.2,3,VIDEO,38.4,38.4,104.95663792454576,43.008,1.3422869222350826,53.655529848391275,44.0,7.142857142857142,0,regional/regional/regional
S3,124,15,1.2,4,CPU-OFF,9.6,9.6,50.018523730456366,10.752,1.130567326358298,146.0872907618785,64.0,80.35714285714285,0,central/central/central
S3,124,15,1.2,5,MQTT,2.4,2.4,33.4405952752242,2.688,0.7631858051564496,69.24409837448152,64.0,2.6785714285714284,0,central/central/central
S3,125,15,1.2,1,BE-DL,24.0,24.0,52.23890828245453,26.88,1.1022870937503408,68.25531636005987,64.0,2.0,0,central/central/central
S3,125,15,1.2,2,YOLO,18.0,18.0,70.60065782426834,20.160000000000004,1.3073269667937766,45.4426197392708,26.0,16.07142857142857,0,edge/edge/edge
S3,125,15,1.2,3,VIDEO,38.4,38.4,84.10713213154816,43.008,0.9110819145761769,53.552647105117,44.0,7.142857142857142,0,regional/regional/regional
S3,125,15,1.2,4,CPU-OFF,9.6,9.6,42.77421176468054,10.752,1.0586716569921202,144.41350653025188,64.0,80.35714285714285,0,central/central/central
S3,125,15,1.2,5,MQTT,2.4,2.4,36.316558353423844,2.688,0.9339365515773269,66.78676975301022,64.0,2.6785714285714284,0,central/central/central
S3,126,15,1.2,1,BE-DL,24.0,24.0,28.98305660193578,26.88,0.680848326974298,69.33723541500324,64.0,2.0,0,central/central/central
S3,126,15,1.2,2,YOLO,18.0,18.0,41.91506427766927,20.160000000000004,0.7598773384317007,43.00165462113608,26.0,16.07142857142857,0,edge/edge/edge
S3,126,15,1.2,3,VIDEO,38.4,38.4,64.15632190427229,43.008,0.5313005822948266,52.748147860617536,44.0,7.142857142857142,0,regional/regional/regional
S3,126,15,1.2,4,CPU-OFF,9.6,9.6,25.197275982235166,10.752,0.8591899764667242,144.8495600383958,64.0,80.35714285714285,0,central/central/central
S3,126,15,1.2,5,MQTT,2.4,2.4,40.62424878411888,2.688,1.612678955782018,67.74638759114379,64.0,2.6785714285714284,0,central/central/central
S3,127,15,1.2,1,BE-DL,24.0,24.0,39.61468156413489,26.88,0.7523416950554589,66.31102265301259,64.0,2.0,0,central/central/central
S3,127,15,1.2,2,YOLO,18.0,18.0,62.4819687555298,20.160000000000004,1.0874970051917288,44.688817846717036,26.0,16.07142857142857,0,edge/edge/edge
S3,127,15,1.2,3,VIDEO,38.4,38.4,87.29982484675031,43.008,1.0099650327716354,54.53643201158803,44.0,7.142857142857142,0,regional/regional/regional
S3,127,15,1.2,4,CPU-OFF,9.6,9.6,53.753203346211514,10.752,1.3806114558569014,145.18153239917984,64.0,80.35714285714285,0,central/central/central
S3,127,15,1.2,5,MQTT,2.4,2.4,50.496187625879415,2.688,1.3459484724050401,67.45408935158561,64.0,2.6785714285714284,0,central/central/central
S3,128,16,1.2,1,BE-DL,24.0,24.0,35.29531130834604,26.88,0.5858727013654418,66.16848940929802,64.0,2.0,0,central/central/central
S3,128,16,1.2,2,YOLO,18.0,18.0,68.81854395543668,20.160000000000004,1.1804404673934534,45.50624893896961,26.0,16.07142857142857,0,edge/edge/edge
S3,128,16,1.2,3,VIDEO,38.4,38.4,107.68254422819741,43.008,1.4807042897709783,53.67456204384833,44.0,7.142857142857142,0,regional/regional/regional
S3,128,16,1.2,4,CPU-OFF,9.6,9.6,51.52312070495231,10.752,1.2261688314273698,146.16074515475404,64.0,80.35714285714285,0,central/central/central
S3,128,16,1.2,5,MQTT,2.4,2.4,92.02693991816416,2.688,2.3172708330822878,67.23215164062177,64.0,2.6785714285714284,0,central/central/central
S3,129,16,1.2,1,BE-DL,24.0,24.0,30.904254122425538,26.88,0.4718015514964211,67.14845661135054,64.0,2.0,0,central/central/central
S3,129,16,1.2,2,YOLO,18.0,18.0,68.2917750950179,20.160000000000004,1.1723390095615909,44.83663379423707,26.0,16.07142857142857,0,edge/edge/edge
S3,129,16,1.2,3,VIDEO,38.4,38.4,115.7051467045132,43.008,1.7019454812032342,54.00645716135491,44.0,7.142857142857142,0,regional/regional/regional
S3,129,16,1.2,4,CPU-OFF,9.6,9.6,53.9388172749208,10.752,1.2967112494848934,144.42453839448396,64.0,80.35714285714285,0,central/central/central
S3,129,16,1.2,5,MQTT,2.4,2.4,60.07200301103267,2.688,1.5145188839834032,68.60429113052929,64.0,2.6785714285714284,0,central/central/central
S3,130,16,1.2,1,BE-DL,24.0,24.0,54.53821791333294,26.88,1.058147155961034,67.05231112927096,64.0,2.0,0,central/central/central
S3,130,16,1.2,2,YOLO,18.0,18.0,60.71911327089737,20.160000000000004,0.9322313122209707,44.37578138215093,26.0,16.07142857142857,0,edge/edge/edge
S3,130,16,1.2,3,VIDEO,38.4,38.4,109.66874956522437,43.008,1.4802603976183701,54.30594812127207,44.0,7.142857142857142,0,regional/regional/regional
S3,130,16,1.2,4,CPU-OFF,9.6,9.6,103.2723265198366,10.752,2.5083399054686044,146.60431266837855,64.0,80.35714285714285,0,central/central/central
S3,130,16,1.2,5,MQTT,2.4,2.4,96.58735391474151,2.688,2.3519682678036506,68.63795750776492,64.0,2.6785714285714284,0,central/central/central
S3,131,16,1.2,1,BE-DL,24.0,24.0,40.96125031843011,26.88,0.7873531223529396,68.79590933436755,64.0,2.0,0,central/central/central
S3,131,16,1.2,2,YOLO,18.0,18.0,84.17509976733419,20.160000000000004,1.6981528645958428,42.54779528252643,26.0,16.07142857142857,0,edge/edge/edge
S3,131,16,1.2,3,VIDEO,38.4,38.4,83.71904789191751,43.008,0.9041403974041016,54.43367064170477,44.0,7.142857142857142,0,regional/regional/regional
S3,131,16,1.2,4,CPU-OFF,9.6,9.6,37.26782367400782,10.752,0.9072254512357132,147.6728480789447,64.0,80.35714285714285,0,central/central/central
S3,131,16,1.2,5,MQTT,2.4,2.4,49.40941387622708,2.688,1.309437858730716,68.9152579006238,64.0,2.6785714285714284,0,central/central/central
S3,132,16,1.2,1,BE-DL,24.0,24.0,57.34156025993603,26.88,1.1369663909483496,68.57946346135256,64.0,2.0,0,central/central/central
S3,132,16,1.2,2,YOLO,18.0,18.0,68.53181971148247,20.160000000000004,1.1392912286357677,42.567206049133475,26.0,16.07142857142857,0,edge/edge/edge
S3,132,16,1.2,3,VIDEO,38.4,38.4,99.8447472764624,43.008,1.2364715686963383,53.279483305125346,44.0,7.142857142857142,0,regional/regional/regional
S3,132,16,1.2,4,CPU-OFF,9.6,9.6,106.98925874313599,10.752,2.6197535419737514,147.21787053418927,64.0,80.35714285714285,0,central/central/central
S3,132,16,1.2,5,MQTT,2.4,2.4,96.1174160705918,2.688,2.35443522184649,67.48991542002639,64.0,2.6785714285714284,0,central/central/central
S3,133,16,1.2,1,BE-DL,24.0,24.0,83.29598905992957,26.88,1.688979582161697,68.81227330078269,64.0,2.0,0,central/central/central
S3,133,16,1.2,2,YOLO,18.0,18.0,106.04621423880616,20.160000000000004,1.9696945377333421,42.40913114234891,26.0,16.07142857142857,0,edge/edge/edge
S3,133,16,1.2,3,VIDEO,38.4,38.4,105.97581087416131,43.008,1.3044152804813496,53.60072598791401,44.0,7.142857142857142,0,regional/regional/regional
S3,133,16,1.2,4,CPU-OFF,9.6,9.6,69.61310850002506,10.752,1.5501215999768165,146.3753113454251,64.0,80.35714285714285,0,central/central/central
S3,133,16,1.2,5,MQTT,2.4,2.4,64.6489932624936,2.688,1.479664345598737,69.16116158592197,64.0,2.6785714285714284,0,central/central/central
S3,134,16,1.2,1,BE-DL,24.0,24.0,45.06070689080448,26.88,0.8685196915150944,68.88524705102157,64.0,2.0,0,central/central/central
S3,134,16,1.2,2,YOLO,18.0,18.0,66.11081238448779,20.160000000000004,1.1397585746803218,42.103534660179164,26.0,16.07142857142857,0,edge/edge/edge
S3,134,16,1.2,3,VIDEO,38.4,38.4,90.66585402327551,43.008,1.0583889075241384,53.66110887550271,44.0,7.142857142857142,0,regional/regional/regional
S3,134,16,1.2,4,CPU-OFF,9.6,9.6,98.32393871855024,10.752,2.5363684876843657,145.42344153564355,64.0,80.35714285714285,0,central/central/central
S3,134,16,1.2,5,MQTT,2.4,2.4,66.0022109036039,2.688,1.7061924149940781,68.0030716274057,64.0,2.6785714285714284,0,central/central/central
S3,135,16,1.2,1,BE-DL,24.0,24.0,61.36026307727579,26.88,1.0841547619532133,67.86878474012458,64.0,2.0,0,central/central/central
S3,135,16,1.2,2,YOLO,18.0,18.0,128.7544426551283,20.160000000000004,2.3514153406931912,44.22848415995727,26.0,16.07142857142857,0,edge/edge/edge
S3,135,16,1.2,3,VIDEO,38.4,38.4,164.24538417302534,43.008,2.5304021351550126,51.183432413696295,44.0,7.142857142857142,0,regional/regional/regional
S3,135,16,1.2,4,CPU-OFF,9.6,9.6,54.16839772836075,10.752,1.1005460895514503,146.77719510346196,64.0,80.35714285714285,0,central/central/central
S3,135,16,1.2,5,MQTT,2.4,2.4,49.7249277671103,2.688,1.046440625062601,69.99935308367336,64.0,2.6785714285714284,0,central/central/central
S3,136,17,1.2,1,BE-DL,24.0,24.0,24.895537789545013,26.88,1.793821283398016,67.9110970227432,64.0,2.0,0,central/central/central
S3,136,17,1.2,2,YOLO,18.0,18.0,27.39783582209886,20.160000000000004,0.4751353832673911,42.929486320068314,26.0,16.07142857142857,0,edge/edge/edge
S3,136,17,1.2,3,VIDEO,38.4,38.4,53.786086388843756,43.008,0.2984840241172806,51.8701743106189,44.0,7.142857142857142,0,regional/regional/regional
S3,136,17,1.2,4,CPU-OFF,9.6,9.6,17.142550504139745,10.752,1.8194371180376103,146.58590469032185,64.0,80.35714285714285,0,central/central/central
S3,136,17,1.2,5,MQTT,2.4,2.4,7.211551391503618,2.688,0.6091428664833846,66.77853361760918,64.0,2.6785714285714284,0,central/central/central
S3,137,17,1.2,1,BE-DL,24.0,24.0,47.2214010200689,26.88,1.3198199142069933,66.94174548899692,64.0,2.0,0,central/central/central
S3,137,17,1.2,2,YOLO,18.0,18.0,38.64503443610457,20.160000000000004,0.5564986023822938,44.18709328749176,26.0,16.07142857142857,0,edge/edge/edge
S3,137,17,1.2,3,VIDEO,38.4,38.4,67.73085844731042,43.008,0.6164670120502355,51.33533587416463,44.0,7.142857142857142,0,regional/regional/regional
S3,137,17,1.2,4,CPU-OFF,9.6,9.6,43.66566778127588,10.752,1.4891264686006476,146.6839813271677,64.0,80.35714285714285,0,central/central/central
S3,137,17,1.2,5,MQTT,2.4,2.4,32.978418229473824,2.688,1.1536666750767555,69.6303323161334,64.0,2.6785714285714284,0,central/central/central
S3,138,17,1.2,1,BE-DL,24.0,24.0,68.18256873458606,26.88,2.316624592156756,68.3037413502027,64.0,2.0,0,central/central/central
S3,138,17,1.2,2,YOLO,18.0,18.0,38.63892170954439,20.160000000000004,0.6041532693332614,43.069186239383896,26.0,16.07142857142857,0,edge/edge/edge
S3,138,17,1.2,3,VIDEO,38.4,38.4,64.57139996135214,43.008,0.5364222683997522,54.39698467703897,44.0,7.142857142857142,0,regional/regional/regional
S3,138,17,1.2,4,CPU-OFF,9.6,9.6,19.163479038807747,10.752,0.5849637386214603,146.35548137676233,64.0,80.35714285714285,0,central/central/central
S3,138,17,1.2,5,MQTT,2.4,2.4,31.259724424197213,2.688,1.1805774841094145,68.65054124620046,64.0,2.6785714285714284,0,central/central/central
S3,139,17,1.2,1,BE-DL,24.0,24.0,28.92910911012774,26.88,1.0987606820274483,67.61666404436177,64.0,2.0,0,central/central/central
S3,139,17,1.2,2,YOLO,18.0,18.0,31.550822022910406,20.160000000000004,0.5065079080685441,44.03804005751456,26.0,16.07142857142857,0,edge/edge/edge
S3,139,17,1.2,3,VIDEO,38.4,38.4,57.53392241247004,43.008,0.3977503130999734,51.41451549239639,44.0,7.142857142857142,0,regional/regional/regional
S3,139,17,1.2,4,CPU-OFF,9.6,9.6,13.916535117102354,10.752,0.6033072279669834,147.59272828066705,64.0,80.35714285714285,0,central/central/central
S3,139,17,1.2,5,MQTT,2.4,2.4,22.980792702452955,2.688,1.3789977996620006,69.80903616039885,64.0,2.6785714285714284,0,central/central/central
S3,140,17,1.2,1,BE-DL,24.0,17.892990501713196,17.892990501713196,26.88,1.6450799808243723,68.05323943751999,64.0,2.0,1,central/central/central
S3,140,17,1.2,2,YOLO,18.0,18.0,20.497371199619543,20.160000000000004,0.18,43.19018410096319,26.0,16.07142857142857,0,edge/edge/edge
S3,140,17,1.2,3,VIDEO,38.4,38.4,43.503551157615995,43.008,0.3326780979306228,52.3790558786188,44.0,7.142857142857142,0,regional/regional/regional
S3,140,17,1.2,4,CPU-OFF,9.6,7.7621309917278385,7.7621309917278385,10.752,0.7965243895464523,146.68361627094663,64.0,80.35714285714285,1,central/central/central
S3,140,17,1.2,5,MQTT,2.4,2.4,6.036286277009916,2.688,0.7802507899253618,69.0910035737425,64.0,2.6785714285714284,0,central/central/central
S3,141,17,1.2,1,BE-DL,24.0,17.362905220156886,17.362905220156886,26.88,1.9180888351318937,68.92165851092209,64.0,2.0,1,central/central/central
S3,141,17,1.2,2,YOLO,18.0,18.0,18.35839383536971,20.160000000000004,0.4013533942080166,44.98921546511496,26.0,16.07142857142857,0,edge/edge/edge
S3,141,17,1.2,3,VIDEO,38.4,36.22494667816451,36.22494667816451,43.008,0.18,53.58889346249206,44.0,7.142857142857142,1,regional/regional/regional
S3,141,17,1.2,4,CPU-OFF,9.6,6.115653750479221,6.115653750479221,10.752,0.5764185918067896,147.1865781977109,64.0,80.35714285714285,1,central/central/central
S3,141,17,1.2,5,MQTT,2.4,2.4,7.416691905519523,2.688,1.1685089044013772,69.0819251145569,64.0,2.6785714285714284,0,central/central/central
S3,142,17,1.2,1,BE-DL,24.0,24.0,58.50090768677778,26.88,1.1632846377328103,66.33281161400133,64.0,2.0,0,central/central/central
S3,142,17,1.2,2,YOLO,18.0,18.0,74.5144873360087,20.160000000000004,1.2894607347273355,44.14896303799895,26.0,16.07142857142857,0,edge/edge/edge
S3,142,17,1.2,3,VIDEO,38.4,38.4,101.55190086681067,43.008,1.2765547876149097,51.18673574477118,44.0,7.142857142857142,0,regional/regional/regional
S3,142,17,1.2,4,CPU-OFF,9.6,9.6,43.37295009344496,10.752,0.9781910763470422,147.30073436137084,64.0,80.35714285714285,0,central/central/central
S3,142,17,1.2,5,MQTT,2.4,2.4,63.623663846717236,2.688,1.550595608560192,67.34288566204593,64.0,2.6785714285714284,0,central/central/central
S3,143,17,1.2,1,BE-DL,24.0,24.0,35.327799751029076,26.88,0.5858727013654407,66.37309743634599,64.0,2.0,0,central/central/central
S3,143,17,1.2,2,YOLO,18.0,18.0,71.33990147970103,20.160000000000004,1.2454647304278388,43.36570618017195,26.0,16.07142857142857,0,edge/edge/edge
S3,143,17,1.2,3,VIDEO,38.4,38.4,104.9897664298433,43.008,1.4072342295915052,51.17468251292011,44.0,7.142857142857142,0,regional/regional/regional
S3,143,17,1.2,4,CPU-OFF,9.6,9.6,72.71548402723585,10.752,1.7854739124293322,145.06015353976963,64.0,80.35714285714285,0,central/central/central
S3,143,17,1.2,5,MQTT,2.4,2.4,56.01977821012921,2.688,1.397438135980924,67.19063383439548,64.0,2.6785714285714284,0,central/central/central
S3,144,18,0.8,1,BE-DL,16.0,16.0,46.993870403731044,17.92,0.8675060785579356,66.19609524520959,64.0,2.0,0,central/central/central
S3,144,18,0.8,2,YOLO,12.0,12.0,79.85055440286573,13.44,1.4457095409391814,42.27830275947561,26.0,16.07142857142857,0,edge/edge/edge
S3,144,18,0.8,3,VIDEO,25.6,25.6,90.90193036968684,28.672000000000004,1.2797070984619734,53.247929752369096,44.0,7.142857142857142,0,regional/regional/regional
S3,144,18,0.8,4,CPU-OFF,6.4,6.4,65.30790150602247,7.168000000000001,1.4034026814045366,145.53962738975233,64.0,80.35714285714285,0,central/central/central
S3,144,18,0.8,5,MQTT,1.6,1.6,86.9157459311175,1.7920000000000003,1.888355823700825,67.71729583456053,64.0,2.6785714285714284,0,central/central/central
S3,145,18,0.8,1,BE-DL,16.0,16.0,49.8495505135028,17.92,0.9926428082110651,69.29729660373059,64.0,2.0,0,central/central/central
S3,145,18,0.8,2,YOLO,12.0,12.0,67.43907718419534,13.44,1.2390416175088848,43.36246459506945,26.0,16.07142857142857,0,edge/edge/edge
S3,145,18,0.8,3,VIDEO,25.6,25.6,71.5372203386838,28.672000000000004,0.8941674483075434,52.45963878597989,44.0,7.142857142857142,0,regional/regional/regional
S3,145,18,0.8,4,CPU-OFF,6.4,6.4,43.50296202677245,7.168000000000001,0.9668510181078985,145.3798780336854,64.0,80.35714285714285,0,central/central/central
S3,145,18,0.8,5,MQTT,1.6,1.6,101.9667579822851,1.7920000000000003,2.3519682678036515,67.290953211587,64.0,2.6785714285714284,0,central/central/central
S3,146,18,0.8,1,BE-DL,16.0,16.0,49.19057265680341,17.92,0.9285336822231204,68.86894223651284,64.0,2.0,0,central/central/central
S3,146,18,0.8,2,YOLO,12.0,12.0,59.21577834344184,13.44,0.9888841982586206,42.26407583524966,26.0,16.07142857142857,0,edge/edge/edge
S3,146,18,0.8,3,VIDEO,25.6,25.6,93.18318962426929,28.672000000000004,1.347680969715545,53.02491207557248,44.0,7.142857142857142,0,regional/regional/regional
S3,146,18,0.8,4,CPU-OFF,6.4,6.4,110.51886487906255,7.168000000000001,2.4290229823407783,147.03996337811316,64.0,80.35714285714285,0,central/central/central
S3,146,18,0.8,5,MQTT,1.6,1.6,94.78400348625901,1.7920000000000003,2.08319659343523,67.86617677594266,64.0,2.6785714285714284,0,central/central/central
S3,147,18,0.8,1,BE-DL,16.0,16.0,38.57112104782145,17.92,0.6549915078289404,68.24384467775066,64.0,2.0,0,central/central/central
S3,147,18,0.8,2,YOLO,12.0,12.0,67.98384249417595,13.44,1.1392912286357675,43.33013268235635,26.0,16.07142857142857,0,edge/edge/edge
S3,147,18,0.8,3,VIDEO,25.6,25.6,146.11036973311025,28.672000000000004,2.4542087196851563,51.61968645033623,44.0,7.142857142857142,0,regional/regional/regional
S3,147,18,0.8,4,CPU-OFF,6.4,6.4,130.48260149914034,7.168000000000001,2.749741313140388,146.44032828324129,64.0,80.35714285714285,0,central/central/central
S3,147,18,0.8,5,MQTT,1.6,1.6,105.89127319485269,1.7920000000000003,2.231512901027193,67.39305896096411,64.0,2.6785714285714284,0,central/central/central
S3,148,18,0.8,1,BE-DL,16.0,16.0,81.33782580578278,17.92,1.5029055603981198,68.41467990667486,64.0,2.0,0,central/central/central
S3,148,18,0.8,2,YOLO,12.0,12.0,127.89356473409082,13.44,2.3141702640633883,44.615848331804784,26.0,16.07142857142857,0,edge/edge/edge
S3,148,18,0.8,3,VIDEO,25.6,25.6,147.12070185776378,28.672000000000004,2.3321364105575646,52.3437953677178,44.0,7.142857142857142,0,regional/regional/regional
S3,148,18,0.8,4,CPU-OFF,6.4,6.4,129.20406287906658,7.168000000000001,2.570454805024846,144.89462034589903,64.0,80.35714285714285,0,central/central/central
S3,148,18,0.8,5,MQTT,1.6,1.6,102.64677280643535,1.7920000000000003,2.0421098570836334,68.17918272963011,64.0,2.6785714285714284,0,central/central/central
S3,149,18,0.8,1,BE-DL,16.0,16.0,76.99400414218105,17.92,1.507619087158277,68.3947539354636,64.0,2.0,0,central/central/central
S3,149,18,0.8,2,YOLO,12.0,12.0,56.490570770148935,13.44,0.8907356928173944,42.26543636154652,26.0,16.07142857142857,0,edge/edge/edge
S3,149,18,0.8,3,VIDEO,25.6,25.6,117.6620623353192,28.672000000000004,1.8372033866456745,54.369813902151684,44.0,7.142857142857142,0,regional/regional/regional
S3,149,18,0.8,4,CPU-OFF,6.4,6.4,114.13679779860381,7.168000000000001,2.416467431902923,145.0750683600328,64.0,80.35714285714285,0,central/central/central
S3,149,18,0.8,5,MQTT,1.6,1.6,80.58843918386148,1.7920000000000003,1.7061924149940784,67.4964254094932,64.0,2.6785714285714284,0,central/central/central
S3,150,18,0.8,1,BE-DL,16.0,16.0,106.99353496134216,17.92,2.1500884354702383,68.31928809713585,64.0,2.0,0,central/central/central
S3,150,18,0.8,2,YOLO,12.0,12.0,64.43361151089886,13.44,1.056144178446942,43.79115221700004,26.0,16.07142857142857,0,edge/edge/edge
S3,150,18,0.8,3,VIDEO,25.6,25.6,109.9842388302201,28.672000000000004,1.6515220042423955,54.150341408581326,44.0,7.142857142857142,0,regional/regional/regional
S3,150,18,0.8,4,CPU-OFF,6.4,6.4,73.58138178001626,7.168000000000001,1.5340945490717186,147.68061790394466,64.0,80.35714285714285,0,central/central/central
S3,150,18,0.8,5,MQTT,1.6,1.6,62.196311352490866,1.7920000000000003,1.3047392603628634,68.64247935468846,64.0,2.6785714285714284,0,central/central/central
S3,151,18,0.8,1,BE-DL,16.0,16.0,131.98601377521285,17.92,2.554245523099347,66.10293933732335,64.0,2.0,0,central/central/central
S3,151,18,0.8,2,YOLO,12.0,12.0,116.70352346290063,13.44,2.083927119593821,44.119227437136935,26.0,16.07142857142857,0,edge/edge/edge
S3,151,18,0.8,3,VIDEO,25.6,25.6,136.51930406762457,28.672000000000004,2.114112535764656,53.55252621306505,44.0,7.142857142857142,0,regional/regional/regional
S3,151,18,0.8,4,CPU-OFF,6.4,6.4,77.52409622349674,7.168000000000001,1.534465039308828,146.26275949028917,64.0,80.35714285714285,0,central/central/central
S3,151,18,0.8,5,MQTT,1.6,1.6,79.37640127703449,1.7920000000000003,1.5803234743672783,67.74123068865606,64.0,2.6785714285714284,0,central/central/central
S3,152,19,0.8,1,BE-DL,16.0,16.0,98.60981806010838,17.92,1.9697312355968004,66.48174698485907,64.0,2.0,0,central/central/central
S3,152,19,0.8,2,YOLO,12.0,12.0,78.7707843093359,13.44,1.3723179820651819,44.676532915551675,26.0,16.07142857142857,0,edge/edge/edge
S3,152,19,0.8,3,VIDEO,25.6,25.6,101.7266649089877,28.672000000000004,1.4731159768473192,53.58969555386317,44.0,7.142857142857142,0,regional/regional/regional
S3,152,19,0.8,4,CPU-OFF,6.4,6.4,78.89680344987828,7.168000000000001,1.6531827744634309,145.97386846920642,64.0,80.35714285714285,0,central/central/central
S3,152,19,0.8,5,MQTT,1.6,1.6,33.29624676734496,1.7920000000000003,0.6828878973548524,68.06985230558004,64.0,2.6785714285714284,0,central/central/central
S3,153,19,0.8,1,BE-DL,16.0,16.0,123.30866199693136,17.92,2.5718459455299563,67.58365679934252,64.0,2.0,0,central/central/central
S3,153,19,0.8,2,YOLO,12.0,12.0,112.26882701823033,13.44,2.157690247618783,44.44356202113493,26.0,16.07142857142857,0,edge/edge/edge
S3,153,19,0.8,3,VIDEO,25.6,25.6,79.53565168239038,28.672000000000004,1.0101458301034294,53.589172249586866,44.0,7.142857142857142,0,regional/regional/regional
S3,153,19,0.8,4,CPU-OFF,6.4,6.4,51.924160880504665,7.168000000000001,1.087149589702146,147.79132686501708,64.0,80.35714285714285,0,central/central/central
S3,153,19,0.8,5,MQTT,1.6,1.6,51.89955718036122,1.7920000000000003,1.1155456735440656,69.07096693921733,64.0,2.6785714285714284,0,central/central/central
S3,154,19,0.8,1,BE-DL,16.0,16.0,98.76652457003765,17.92,2.059022118421188,66.08709567202034,64.0,2.0,0,central/central/central
S3,154,19,0.8,2,YOLO,12.0,12.0,51.70111499392973,13.44,0.8124975522891292,43.65861395003617,26.0,16.07142857142857,0,edge/edge/edge
S3,154,19,0.8,3,VIDEO,25.6,25.6,100.04770560152274,28.672000000000004,1.4987867427647372,52.214002363395146,44.0,7.142857142857142,0,regional/regional/regional
S3,154,19,0.8,4,CPU-OFF,6.4,6.4,32.7605427965624,7.168000000000001,0.6692147402658983,144.98341780232994,64.0,80.35714285714285,0,central/central/central
S3,154,19,0.8,5,MQTT,1.6,1.6,56.75859962590726,1.7920000000000003,1.2421506897718766,66.8382226947488,64.0,2.6785714285714284,0,central/central/central
S3,155,19,0.8,1,BE-DL,16.0,16.0,63.87177247903162,17.92,1.6450799808243723,69.28456453149785,64.0,2.0,0,central/central/central
S3,155,19,0.8,2,YOLO,12.0,12.0,39.74864354082625,13.44,0.70343481462,43.21722131926273,26.0,16.07142857142857,0,edge/edge/edge
S3,155,19,0.8,3,VIDEO,25.6,25.6,51.14770491531404,28.672000000000004,0.4955006903835356,54.42361310605438,44.0,7.142857142857142,0,regional/regional/regional
S3,155,19,0.8,4,CPU-OFF,6.4,6.4,30.18497098403684,7.168000000000001,0.7965243895464523,144.70085334998973,64.0,80.35714285714285,0,central/central/central
S3,155,19,0.8,5,MQTT,1.6,1.6,25.70774283403549,1.7920000000000003,0.703407909099379,68.79262577577468,64.0,2.6785714285714284,0,central/central/central
S3,156,19,0.8,1,BE-DL,16.0,16.0,73.95449473271226,17.92,1.5373994480064797,67.36461415876254,64.0,2.0,0,central/central/central
S3,156,19,0.8,2,YOLO,12.0,12.0,61.08952863627319,13.44,1.0592229566017626,44.4000773974276,26.0,16.07142857142857,0,edge/edge/edge
S3,156,19,0.8,3,VIDEO,25.6,25.6,76.4064203448128,28.672000000000004,0.9874171199252912,51.882419353957815,44.0,7.142857142857142,0,regional/regional/regional
S3,156,19,0.8,4,CPU-OFF,6.4,6.4,51.915955641174534,7.168000000000001,1.1419613611266586,147.10739184402857,64.0,80.35714285714285,0,central/central/central
S3,156,19,0.8,5,MQTT,1.6,1.6,47.916275178543394,1.7920000000000003,1.0796748941252488,68.5491873286083,64.0,2.6785714285714284,0,central/central/central
S3,157,19,0.8,1,BE-DL,16.0,16.0,67.85009090807075,17.92,1.5742275804101622,66.471874941588,64.0,2.0,0,central/central/central
S3,157,19,0.8,2,YOLO,12.0,12.0,69.61884852862259,13.44,1.4241032210844051,44.67964350021844,26.0,16.07142857142857,0,edge/edge/edge
S3,157,19,0.8,3,VIDEO,25.6,25.6,54.944451521380024,28.672000000000004,0.5434329617959047,52.556183465180666,44.0,7.142857142857142,0,regional/regional/regional
S3,157,19,0.8,4,CPU-OFF,6.4,6.4,49.26945127119562,7.168000000000001,1.2196433040529573,146.18886386391998,64.0,80.35714285714285,0,central/central/central
S3,157,19,0.8,5,MQTT,1.6,1.6,45.09340620415884,1.7920000000000003,1.1413013362498874,68.8117866834446,64.0,2.6785714285714284,0,central/central/central
S3,158,19,0.8,1,BE-DL,16.0,16.0,42.71799581925388,17.92,0.8014296386602725,68.26973950556942,64.0,2.0,0,central/central/central
S3,158,19,0.8,2,YOLO,12.0,12.0,49.64675247129211,13.44,0.7902948891871426,42.603596811800514,26.0,16.07142857142857,0,edge/edge/edge
S3,158,19,0.8,3,VIDEO,25.6,25.6,91.00738519729795,28.672000000000004,1.3337641694120261,52.44131268074447,44.0,7.142857142857142,0,regional/regional/regional
S3,158,19,0.8,4,CPU-OFF,6.4,6.4,87.39867896353654,7.168000000000001,1.9719089394299851,145.6841851772468,64.0,80.35714285714285,0,central/central/central
S3,158,19,0.8,5,MQTT,1.6,1.6,72.12923721906044,1.7920000000000003,1.6273963102562659,69.14167099470467,64.0,2.6785714285714284,0,central/central/central
S3,159,19,0.8,1,BE-DL,16.0,16.0,53.22349922635573,17.92,1.1972598511091967,68.77939535318089,64.0,2.0,0,central/central/central
S3,159,19,0.8,2,YOLO,12.0,12.0,39.41237940136158,13.44,0.6255979468064112,43.40968656628998,26.0,16.07142857142857,0,edge/edge/edge
S3,159,19,0.8,3,VIDEO,25.6,25.6,60.10903867651355,28.672000000000004,0.688573362624209,52.190798015595064,44.0,7.142857142857142,0,regional/regional/regional
S3,159,19,0.8,4,CPU-OFF,6.4,6.4,67.46842196598502,7.168000000000001,1.7234769771634695,144.72482000362646,64.0,80.35714285714285,0,central/central/central
S3,159,19,0.8,5,MQTT,1.6,1.6,44.60557898826316,1.7920000000000003,1.1406819442659817,66.97468215240836,64.0,2.6785714285714284,0,central/central/central
S3,160,20,0.8,1,BE-DL,16.0,16.0,34.23028357825929,17.92,1.3856688947108777,68.3254682448063,64.0,2.0,0,central/central/central
S3,160,20,0.8,2,YOLO,12.0,12.0,21.384566817284764,13.44,0.2825014887920264,42.84857106062189,26.0,16.07142857142857,0,edge/edge/edge
S3,160,20,0.8,3,VIDEO,25.6,25.6,40.15873178809523,28.672000000000004,0.3050688941284553,53.534233020535176,44.0,7.142857142857142,0,regional/regional/regional
S3,160,20,0.8,4,CPU-OFF,6.4,6.4,32.14473923377926,7.168000000000001,1.5597313594004776,144.40190742379943,64.0,80.35714285714285,0,central/central/central
S3,160,20,0.8,5,MQTT,1.6,1.6,42.594483778910046,1.7920000000000003,2.092853119655791,69.28452861956623,64.0,2.6785714285714284,0,central/central/central
S3,161,20,0.8,1,BE-DL,16.0,16.0,46.836927169528074,17.92,1.4932559217038484,69.34380323075948,64.0,2.0,0,central/central/central
S3,161,20,0.8,2,YOLO,12.0,12.0,27.679385712130703,13.44,0.45065839876503333,45.533228100186136,26.0,16.07142857142857,0,edge/edge/edge
S3,161,20,0.8,3,VIDEO,25.6,25.6,43.381190920683096,28.672000000000004,0.3463028314585507,53.085444836700574,44.0,7.142857142857142,0,regional/regional/regional
S3,161,20,0.8,4,CPU-OFF,6.4,6.4,66.7312780942307,7.168000000000001,2.4290229823407783,144.60151872880326,64.0,80.35714285714285,0,central/central/central
S3,161,20,0.8,5,MQTT,1.6,1.6,60.773415412394,1.7920000000000003,2.2121563825526502,66.89476718430394,64.0,2.6785714285714284,0,central/central/central
S3,162,20,0.8,1,BE-DL,16.0,16.0,36.29870106244007,17.92,1.3779538325080543,69.09960419318874,64.0,2.0,0,central/central/central
S3,162,20,0.8,2,YOLO,12.0,12.0,22.566053702569864,13.44,0.31900154401801567,43.147460947040216,26.0,16.07142857142857,0,edge/edge/edge
S3,162,20,0.8,3,VIDEO,25.6,25.6,40.78863252150027,28.672000000000004,0.31211539900728746,52.2957290502178,44.0,7.142857142857142,0,regional/regional/regional
S3,162,20,0.8,4,CPU-OFF,6.4,6.4,24.67156581258242,7.168000000000001,1.0599002879741133,147.26572860380696,64.0,80.35714285714285,0,central/central/central
S3,162,20,0.8,5,MQTT,1.6,1.6,48.99550920945227,1.7920000000000003,2.2315129010271955,69.34185582578998,64.0,2.6785714285714284,0,central/central/central
S3,163,20,0.8,1,BE-DL,16.0,16.0,38.36872513279296,17.92,1.0377205059891779,67.96038501045336,64.0,2.0,0,central/central/central
S3,163,20,0.8,2,YOLO,12.0,12.0,30.99869927599979,13.44,0.5193634027745322,44.60152737253387,26.0,16.07142857142857,0,edge/edge/edge
S3,163,20,0.8,3,VIDEO,25.6,25.6,45.99194645026732,28.672000000000004,0.4012065180874452,51.61166845718412,44.0,7.142857142857142,0,regional/regional/regional
S3,163,20,0.8,4,CPU-OFF,6.4,6.4,40.420717746380696,7.168000000000001,1.295038298714809,146.9943126937646,64.0,80.35714285714285,0,central/central/central
S3,163,20,0.8,5,MQTT,1.6,1.6,48.55099994883207,1.7920000000000003,1.5921534478957171,67.01834381387414,64.0,2.6785714285714284,0,central/central/central
S3,164,20,0.8,1,BE-DL,16.0,16.0,43.302851360229575,17.92,0.9750362574556226,68.71097542086754,64.0,2.0,0,central/central/central
S3,164,20,0.8,2,YOLO,12.0,12.0,34.89495335703047,13.44,0.5283116216753492,43.44129723498734,26.0,16.07142857142857,0,edge/edge/edge
S3,164,20,0.8,3,VIDEO,25.6,25.6,57.9076766648906,28.672000000000004,0.6597956510301425,51.95839869627525,44.0,7.142857142857142,0,regional/regional/regional
S3,164,20,0.8,4,CPU-OFF,6.4,6.4,94.82524028607466,7.168000000000001,2.5363684876843697,146.15505346583743,64.0,80.35714285714285,0,central/central/central
S3,164,20,0.8,5,MQTT,1.6,1.6,48.913738493196,1.7920000000000003,1.3083358877308884,67.3455069896961,64.0,2.6785714285714284,0,central/central/central
S3,165,20,0.8,1,BE-DL,16.0,16.0,43.770143074592475,17.92,1.0841547619532115,68.69775986560761,64.0,2.0,0,central/central/central
S3,165,20,0.8,2,YOLO,12.0,12.0,38.60685223403331,13.44,0.6946638879369886,44.92033309217382,26.0,16.07142857142857,0,edge/edge/edge
S3,165,20,0.8,3,VIDEO,25.6,25.6,49.47586772080452,28.672000000000004,0.4624261611878712,54.252200860589056,44.0,7.142857142857142,0,regional/regional/regional
S3,165,20,0.8,4,CPU-OFF,6.4,6.4,35.522756907594236,7.168000000000001,0.9921589746713853,146.05858307272825,64.0,80.35714285714285,0,central/central/central
S3,165,20,0.8,5,MQTT,1.6,1.6,44.69472336872698,1.7920000000000003,1.3047392603628667,69.8792527018671,64.0,2.6785714285714284,0,central/central/central
S3,166,20,0.8,1,BE-DL,16.0,16.0,132.00163346937475,17.92,2.554245523099351,67.27631753794333,64.0,2.0,0,central/central/central
S3,166,20,0.8,2,YOLO,12.0,12.0,141.6060093935026,13.44,2.5999471682551447,44.68175764582227,26.0,16.07142857142857,0,edge/edge/edge
S3,166,20,0.8,3,VIDEO,25.6,25.6,142.1493467545718,28.672000000000004,2.2305678873110106,53.10431185373703,44.0,7.142857142857142,0,regional/regional/regional
S3,166,20,0.8,4,CPU-OFF,6.4,6.4,68.3699060817785,7.168000000000001,1.3444836534896367,145.01254198435055,64.0,80.35714285714285,0,central/central/central
S3,166,20,0.8,5,MQTT,1.6,1.6,27.93805055407089,1.7920000000000003,0.5344366658769307,69.69261696936414,64.0,2.6785714285714284,0,central/central/central
S3,167,20,0.8,1,BE-DL,16.0,16.0,56.99560659332431,17.92,1.0598553856510704,68.87037979286755,64.0,2.0,0,central/central/central
S3,167,20,0.8,2,YOLO,12.0,12.0,95.3891013546337,13.44,1.7414241979309832,43.872649499881206,26.0,16.07142857142857,0,edge/edge/edge
S3,167,20,0.8,3,VIDEO,25.6,25.6,111.01383081017853,28.672000000000004,1.681273669227915,52.394256452875126,44.0,7.142857142857142,0,regional/regional/regional
S3,167,20,0.8,4,CPU-OFF,6.4,6.4,48.855405725485944,7.168000000000001,0.9969575510122956,146.18997162663635,64.0,80.35714285714285,0,central/central/central
S3,167,20,0.8,5,MQTT,1.6,1.6,27.0968842627533,1.7920000000000003,0.5483796751485916,68.56932689796042,64.0,2.6785714285714284,0,central/central/central
S3,168,21,0.8,1,BE-DL,16.0,16.0,97.48548241858231,17.92,1.9337925620969532,67.45966654154846,64.0,2.0,0,central/central/central
S3,168,21,0.8,2,YOLO,12.0,12.0,125.48614145288477,13.44,2.382991237329985,42.46302452038734,26.0,16.07142857142857,0,edge/edge/edge
S3,168,21,0.8,3,VIDEO,25.6,25.6,93.34635642498348,28.672000000000004,1.281840225786424,52.38515237204279,44.0,7.142857142857142,0,regional/regional/regional
S3,168,21,0.8,4,CPU-OFF,6.4,6.4,59.95786683190149,7.168000000000001,1.2306312614394876,147.18294404569158,64.0,80.35714285714285,0,central/central/central
S3,168,21,0.8,5,MQTT,1.6,1.6,41.3902658180598,1.7920000000000003,0.8554184312826689,68.09351162090992,64.0,2.6785714285714284,0,central/central/central
S3,169,21,0.8,1,BE-DL,16.0,16.0,67.27549745031972,17.92,1.3388260411258823,68.18052612378708,64.0,2.0,0,central/central/central
S3,169,21,0.8,2,YOLO,12.0,12.0,56.039413048220766,13.44,0.9121434785132658,42.32876025427264,26.0,16.07142857142857,0,edge/edge/edge
S3,169,21,0.8,3,VIDEO,25.6,25.6,100.02205232265247,28.672000000000004,1.4987867427647337,51.61048956335676,44.0,7.142857142857142,0,regional/regional/regional
S3,169,21,0.8,4,CPU-OFF,6.4,6.4,38.506333200935146,7.168000000000001,0.801029764863726,145.78795735175618,64.0,80.35714285714285,0,central/central/central
S3,169,21,0.8,5,MQTT,1.6,1.6,35.49343409276437,1.7920000000000003,0.7631858051564507,69.88725689366788,64.0,2.6785714285714284,0,central/central/central
S3,170,21,0.8,1,BE-DL,16.0,16.0,72.6742272919974,17.92,1.6450799808243695,66.15698664298743,64.0,2.0,0,central/central/central
S3,170,21,0.8,2,YOLO,12.0,12.0,73.65945448088941,13.44,1.4798675817005629,44.316332499623286,26.0,16.07142857142857,0,edge/edge/edge
S3,170,21,0.8,3,VIDEO,25.6,25.6,59.17766847230204,28.672000000000004,0.6340277651144155,54.4581709799934,44.0,7.142857142857142,0,regional/regional/regional
S3,170,21,0.8,4,CPU-OFF,6.4,6.4,29.357742434753494,7.168000000000001,0.6654507558236187,146.60504044732642,64.0,80.35714285714285,0,central/central/central
S3,170,21,0.8,5,MQTT,1.6,1.6,32.455132687396016,1.7920000000000003,0.7802507899253633,69.32266263270527,64.0,2.6785714285714284,0,central/central/central
S3,171,21,0.8,1,BE-DL,16.0,16.0,52.375484156917196,17.92,1.0615377140997146,67.71382106261754,64.0,2.0,0,central/central/central
S3,171,21,0.8,2,YOLO,12.0,12.0,78.1124009011779,13.44,1.5082413838568611,44.557337172005745,26.0,16.07142857142857,0,edge/edge/edge
S3,171,21,0.8,3,VIDEO,25.6,25.6,67.06860296783304,28.672000000000004,0.7919386037979498,52.04823465644281,44.0,7.142857142857142,0,regional/regional/regional
S3,171,21,0.8,4,CPU-OFF,6.4,6.4,50.39682645527929,7.168000000000001,1.1419613611266564,146.82366694181664,64.0,80.35714285714285,0,central/central/central
S3,171,21,0.8,5,MQTT,1.6,1.6,69.42485827267113,1.7920000000000003,1.6126789557820131,67.49661887460888,64.0,2.6785714285714284,0,central/central/central
S3,172,21,0.8,1,BE-DL,16.0,16.0,31.81011920298399,17.92,0.5879645179845199,66.75413785657148,64.0,2.0,0,central/central/central
S3,172,21,0.8,2,YOLO,12.0,12.0,48.220905726016554,13.44,0.8182120324775866,44.185892856376796,26.0,16.07142857142857,0,edge/edge/edge
S3,172,21,0.8,3,VIDEO,25.6,25.6,71.47693906975334,28.672000000000004,0.9433175940608148,53.402537552444805,44.0,7.142857142857142,0,regional/regional/regional
S3,172,21,0.8,4,CPU-OFF,6.4,6.4,38.65195857532692,7.168000000000001,0.8977070004450678,145.15422977059026,64.0,80.35714285714285,0,central/central/central
S3,172,21,0.8,5,MQTT,1.6,1.6,72.2022917986273,1.7920000000000003,1.7552427447153407,69.37958772263627,64.0,2.6785714285714284,0,central/central/central
S3,173,21,0.8,1,BE-DL,16.0,16.0,50.047100067407236,17.92,0.9451342635234958,69.02962807020911,64.0,2.0,0,central/central/central
S3,173,21,0.8,2,YOLO,12.0,12.0,73.39173744591301,13.44,1.310488993462224,45.38473124634758,26.0,16.07142857142857,0,edge/edge/edge
S3,173,21,0.8,3,VIDEO,25.6,25.6,86.35481075122458,28.672000000000004,1.1868240490530717,54.36952549844867,44.0,7.142857142857142,0,regional/regional/regional
S3,173,21,0.8,4,CPU-OFF,6.4,6.4,81.49175122390584,7.168000000000001,1.7854739124293275,147.52854999519454,64.0,80.35714285714285,0,central/central/central
S3,173,21,0.8,5,MQTT,1.6,1.6,111.0115941953171,1.7920000000000003,2.432249920219958,70.12161728985504,64.0,2.6785714285714284,0,central/central/central
S3,174,21,0.8,1,BE-DL,16.0,16.0,67.69379177832037,17.92,1.3291613601297023,69.2557930533899,64.0,2.0,0,central/central/central
S3,174,21,0.8,2,YOLO,12.0,12.0,80.25792346212572,13.44,1.4457095409391831,43.16601503595842,26.0,16.07142857142857,0,edge/edge/edge
S3,174,21,0.8,3,VIDEO,25.6,25.6,87.52073270471313,28.672000000000004,1.1952594219137183,54.17202984360666,44.0,7.142857142857142,0,regional/regional/regional
S3,174,21,0.8,4,CPU-OFF,6.4,6.4,60.97596028785908,7.168000000000001,1.2967112494848934,147.84158860998517,64.0,80.35714285714285,0,central/central/central
S3,174,21,0.8,5,MQTT,1.6,1.6,52.82382391335153,1.7920000000000003,1.1406819442659804,68.85275117234164,64.0,2.6785714285714284,0,central/central/central
S3,175,21,0.8,1,BE-DL,16.0,16.0,31.033660746137706,17.92,0.5341123739612834,68.95730675189883,64.0,2.0,0,central/central/central
S3,175,21,0.8,2,YOLO,12.0,12.0,77.35673357775242,13.44,1.4691493464748204,42.667314284427086,26.0,16.07142857142857,0,edge/edge/edge
S3,175,21,0.8,3,VIDEO,25.6,25.6,79.91427526197971,28.672000000000004,1.0895317647444802,54.212581440048226,44.0,7.142857142857142,0,regional/regional/regional
S3,175,21,0.8,4,CPU-OFF,6.4,6.4,43.76740593302012,7.168000000000001,0.9668510181078969,146.87275612698545,64.0,80.35714285714285,0,central/central/central
S3,175,21,0.8,5,MQTT,1.6,1.6,91.30554940792493,1.7920000000000003,2.09285311965579,69.9097538926954,64.0,2.6785714285714284,0,central/central/central
S3,176,22,0.8,1,BE-DL,16.0,16.0,43.993898886004565,17.92,0.7873531223529368,68.54156640209129,64.0,2.0,0,central/central/central
S3,176,22,0.8,2,YOLO,12.0,12.0,64.36508707797157,13.44,1.0775427815507728,45.32968001595667,26.0,16.07142857142857,0,edge/edge/edge
S3,176,22,0.8,3,VIDEO,25.6,25.6,114.62581550618738,28.672000000000004,1.791221542026983,53.07573085517164,44.0,7.142857142857142,0,regional/regional/regional
S3,176,22,0.8,4,CPU-OFF,6.4,6.4,119.35515158194141,7.168000000000001,2.555839443266198,144.88424346853012,64.0,80.35714285714285,0,central/central/central
S3,176,22,0.8,5,MQTT,1.6,1.6,115.35008253176662,1.7920000000000003,2.4700759607874896,70.04370848098273,64.0,2.6785714285714284,0,central/central/central
S3,177,22,0.8,1,BE-DL,16.0,16.0,42.20781977854853,17.92,0.7353206550155102,69.21874163056462,64.0,2.0,0,central/central/central
S3,177,22,0.8,2,YOLO,12.0,12.0,91.1648048963296,13.44,1.6500079863000845,44.96423070940778,26.0,16.07142857142857,0,edge/edge/edge
S3,177,22,0.8,3,VIDEO,25.6,25.6,118.39932988519804,28.672000000000004,1.8453401441907473,54.427083561486825,44.0,7.142857142857142,0,regional/regional/regional
S3,177,22,0.8,4,CPU-OFF,6.4,6.4,51.674444679816574,7.168000000000001,1.0599002879741133,146.62198856689903,64.0,80.35714285714285,0,central/central/central
S3,177,22,0.8,5,MQTT,1.6,1.6,65.03332372845688,1.7920000000000003,1.3710566552921313,67.44436764606544,64.0,2.6785714285714284,0,central/central/central
S3,178,22,0.8,1,BE-DL,16.0,16.0,71.53073443753627,17.92,1.3168315386345462,66.05022928284377,64.0,2.0,0,central/central/central
S3,178,22,0.8,2,YOLO,12.0,12.0,99.09157589872326,13.44,1.7400440535133166,42.97192551814842,26.0,16.07142857142857,0,edge/edge/edge
S3,178,22,0.8,3,VIDEO,25.6,25.6,145.65745290160203,28.672000000000004,2.3321364105575646,52.08554796908071,44.0,7.142857142857142,0,regional/regional/regional
S3,178,22,0.8,4,CPU-OFF,6.4,6.4,89.6060940965937,7.168000000000001,1.8052049012388234,144.6653017034668,64.0,80.35714285714285,0,central/central/central
S3,178,22,0.8,5,MQTT,1.6,1.6,84.61441726022441,1.7920000000000003,1.7046425501926943,68.00406966086535,64.0,2.6785714285714284,0,central/central/central
S3,179,22,0.8,1,BE-DL,16.0,16.0,79.34936102964082,17.92,1.5076190871582766,67.8187688445356,64.0,2.0,0,central/central/central
S3,179,22,0.8,2,YOLO,12.0,12.0,110.3210273673169,13.44,2.01133866120057,43.65963260125751,26.0,16.07142857142857,0,edge/edge/edge
S3,179,22,0.8,3,VIDEO,25.6,25.6,114.4581975785079,28.672000000000004,1.707400973458752,51.654580247818885,44.0,7.142857142857142,0,regional/regional/regional
S3,179,22,0.8,4,CPU-OFF,6.4,6.4,60.49115755544296,7.168000000000001,1.217456874088496,145.1832964579802,64.0,80.35714285714285,0,central/central/central
S3,179,22,0.8,5,MQTT,1.6,1.6,83.25402765393243,1.7920000000000003,1.7061924149940786,67.79958534281585,64.0,2.6785714285714284,0,central/central/central
S3,180,22,0.8,1,BE-DL,16.0,16.0,53.69998515267996,17.92,1.084154761953213,66.8071823859525,64.0,2.0,0,central/central/central
S3,180,22,0.8,2,YOLO,12.0,12.0,65.30426573305927,13.44,1.185671294671567,42.964522102928775,26.0,16.07142857142857,0,edge/edge/edge
S3,180,22,0.8,3,VIDEO,25.6,25.6,71.75855915434663,28.672000000000004,0.8981961777458642,53.88573495106142,44.0,7.142857142857142,0,regional/regional/regional
S3,180,22,0.8,4,CPU-OFF,6.4,6.4,49.09882768662562,7.168000000000001,1.1005460895514505,145.62663010396295,64.0,80.35714285714285,0,central/central/central
S3,180,22,0.8,5,MQTT,1.6,1.6,38.36648390130216,1.7920000000000003,0.8742415348624264,68.01698891732961,64.0,2.6785714285714284,0,central/central/central
S3,181,22,0.8,1,BE-DL,16.0,16.0,87.7458758181709,17.92,1.6670839101144606,68.50735098631232,64.0,2.0,0,central/central/central
S3,181,22,0.8,2,YOLO,12.0,12.0,96.55840894019347,13.44,1.6969120830978246,44.1059024315182,26.0,16.07142857142857,0,edge/edge/edge
S3,181,22,0.8,3,VIDEO,25.6,25.6,134.67521597773424,28.672000000000004,2.114112535764656,51.36433629008837,44.0,7.142857142857142,0,regional/regional/regional
S3,181,22,0.8,4,CPU-OFF,6.4,6.4,58.1922286156852,7.168000000000001,1.154502267670452,147.36721572547964,64.0,80.35714285714285,0,central/central/central
S3,181,22,0.8,5,MQTT,1.6,1.6,66.93640039282197,1.7920000000000003,1.3562048725479132,68.87284793169023,64.0,2.6785714285714284,0,central/central/central
S3,182,22,0.8,1,BE-DL,16.0,16.0,52.33214167561279,17.92,1.0598553856510704,69.15744652368107,64.0,2.0,0,central/central/central
S3,182,22,0.8,2,YOLO,12.0,12.0,123.10127096070836,13.44,2.602672034951201,43.17505901715848,26.0,16.07142857142857,0,edge/edge/edge
S3,182,22,0.8,3,VIDEO,25.6,25.6,65.14197212847311,28.672000000000004,0.7445640535152213,54.502080795152715,44.0,7.142857142857142,0,regional/regional/regional
S3,182,22,0.8,4,CPU-OFF,6.4,6.4,34.36110745048965,7.168000000000001,0.7508730922181233,147.00409874771123,64.0,80.35714285714285,0,central/central/central
S3,182,22,0.8,5,MQTT,1.6,1.6,55.486409875115555,1.7920000000000003,1.288174897283014,67.46593589347414,64.0,2.6785714285714284,0,central/central/central
S3,183,22,0.8,1,BE-DL,16.0,16.0,55.412971090910474,17.92,1.0405178252907472,68.87134744559594,64.0,2.0,0,central/central/central
S3,183,22,0.8,2,YOLO,12.0,12.0,87.62739896284116,13.44,1.594437773340793,44.32289118200446,26.0,16.07142857142857,0,edge/edge/edge
S3,183,22,0.8,3,VIDEO,25.6,25.6,100.09791622267475,28.672000000000004,1.4629698229084225,53.69567134764845,44.0,7.142857142857142,0,regional/regional/regional
S3,183,22,0.8,4,CPU-OFF,6.4,6.4,42.580466705385476,7.168000000000001,0.8719270820961409,145.3591254715524,64.0,80.35714285714285,0,central/central/central
S3,183,22,0.8,5,MQTT,1.6,1.6,37.567628592853914,1.7920000000000003,0.7903866207173196,66.75553647796467,64.0,2.6785714285714284,0,central/central/central
S3,184,23,0.8,1,BE-DL,16.0,16.0,54.88019566334035,17.92,1.6989240797735359,67.0780116241093,64.0,2.0,0,central/central/central
S3,184,23,0.8,2,YOLO,12.0,12.0,26.15429897175494,13.44,0.36700361135475024,43.677701402809845,26.0,16.07142857142857,0,edge/edge/edge
S3,184,23,0.8,3,VIDEO,25.6,25.6,45.9425146233487,28.672000000000004,0.4196602879741265,54.22847616915506,44.0,7.142857142857142,0,regional/regional/regional
S3,184,23,0.8,4,CPU-OFF,6.4,6.4,34.184562489522406,7.168000000000001,1.130567326358298,145.23587878885726,64.0,80.35714285714285,0,central/central/central
S3,184,23,0.8,5,MQTT,1.6,1.6,24.715876678168552,1.7920000000000003,0.8316093601015105,69.06256256488396,64.0,2.6785714285714284,0,central/central/central
S3,185,23,0.8,1,BE-DL,16.0,16.0,66.19814156842688,17.92,2.1878728678984043,66.40479495147964,64.0,2.0,0,central/central/central
S3,185,23,0.8,2,YOLO,12.0,12.0,26.43696145551893,13.44,0.3902072367892077,44.35442450028889,26.0,16.07142857142857,0,edge/edge/edge
S3,185,23,0.8,3,VIDEO,25.6,25.6,44.81407256629191,28.672000000000004,0.3908594693175934,51.28844186133076,44.0,7.142857142857142,0,regional/regional/regional
S3,185,23,0.8,4,CPU-OFF,6.4,6.4,19.258549393183483,7.168000000000001,0.5999139389622014,145.34328141590115,64.0,80.35714285714285,0,central/central/central
S3,185,23,0.8,5,MQTT,1.6,1.6,35.047934572722326,1.7920000000000003,1.241308074881257,69.77380350153405,64.0,2.6785714285714284,0,central/central/central
S3,186,23,0.8,1,BE-DL,16.0,16.0,28.319083549791248,17.92,1.6325717947878335,68.00759207574255,64.0,2.0,0,central/central/central
S3,186,23,0.8,2,YOLO,12.0,12.0,20.497536658756747,13.44,0.35944500766420695,44.90300590246692,26.0,16.07142857142857,0,edge/edge/edge
S3,186,23,0.8,3,VIDEO,25.6,25.6,37.21116451876281,28.672000000000004,0.22174280906342583,53.49524374710856,44.0,7.142857142857142,0,regional/regional/regional
S3,186,23,0.8,4,CPU-OFF,6.4,6.4,12.102092278694723,7.168000000000001,0.7178042841367568,147.24632333772226,64.0,80.35714285714285,0,central/central/central
S3,186,23,0.8,5,MQTT,1.6,1.6,18.787290657501586,1.7920000000000003,1.346176924953633,69.23229119424408,64.0,2.6785714285714284,0,central/central/central
S3,187,23,0.8,1,BE-DL,16.0,13.860295207061503,13.860295207061503,17.92,1.409850403339222,66.21421257571441,64.0,2.0,1,central/central/central
S3,187,23,0.8,2,YOLO,12.0,12.0,15.476181456609766,13.44,0.21024942100373403,43.07178579965217,26.0,16.07142857142857,0,edge/edge/edge
S3,187,23,0.8,3,VIDEO,25.6,25.6,31.885575584381833,28.672000000000004,0.18,52.12606633492116,44.0,7.142857142857142,0,regional/regional/regional
S3,187,23,0.8,4,CPU-OFF,6.4,6.4,10.571287615881136,7.168000000000001,1.7025477594647882,145.99571330250907,64.0,80.35714285714285,0,central/central/central
S3,187,23,0.8,5,MQTT,1.6,1.6,8.992464499670572,1.7920000000000003,1.4482720404826157,67.83097700100066,64.0,2.6785714285714284,0,central/central/central
S3,188,23,0.8,1,BE-DL,16.0,10.404122391188016,10.404122391188016,17.92,0.6577250137970514,67.62021138785975,64.0,2.0,1,central/central/central
S3,188,23,0.8,2,YOLO,12.0,12.0,14.901860247586724,13.44,0.18486898167314428,44.32571451186198,26.0,16.07142857142857,0,edge/edge/edge
S3,188,23,0.8,3,VIDEO,25.6,25.6,30.93671418933635,28.672000000000004,0.1883094157830877,51.80945671328765,44.0,7.142857142857142,0,regional/regional/regional
S3,188,23,0.8,4,CPU-OFF,6.4,6.4,10.969387077666068,7.168000000000001,1.7854739124293315,145.95829360803745,64.0,80.35714285714285,0,central/central/central
S3,188,23,0.8,5,MQTT,1.6,1.6,9.998208280555362,1.7920000000000003,1.6273963102562656,67.87547392825417,64.0,2.6785714285714284,0,central/central/central
S3,189,23,0.8,1,BE-DL,16.0,16.0,21.218867807450426,17.92,0.47180155149642067,66.21268362929594,64.0,2.0,0,central/central/central
S3,189,23,0.8,2,YOLO,12.0,12.0,26.351502257517243,13.44,0.3856627342665406,43.71804534428315,26.0,16.07142857142857,0,edge/edge/edge
S3,189,23,0.8,3,VIDEO,25.6,25.6,46.48132068730827,28.672000000000004,0.4528993853033948,53.62046355302577,44.0,7.142857142857142,0,regional/regional/regional
S3,189,23,0.8,4,CPU-OFF,6.4,6.4,54.85618519251826,7.168000000000001,1.9368598410027558,147.41362127364619,64.0,80.35714285714285,0,central/central/central
S3,189,23,0.8,5,MQTT,1.6,1.6,25.62514238979513,1.7920000000000003,0.8914573177877,68.45365049274379,64.0,2.6785714285714284,0,central/central/central
S3,190,23,0.8,1,BE-DL,16.0,16.0,48.64359667706954,17.92,0.9926428082110664,68.99300081975363,64.0,2.0,0,central/central/central
S3,190,23,0.8,2,YOLO,12.0,12.0,81.32756302134752,13.44,1.6225544991187886,45.205368857325624,26.0,16.07142857142857,0,edge/edge/edge
S3,190,23,0.8,3,VIDEO,25.6,25.6,62.60919343857785,28.672000000000004,0.6988031318706026,51.25032572872286,44.0,7.142857142857142,0,regional/regional/regional
S3,190,23,0.8,4,CPU-OFF,6.4,6.4,85.71203694429187,7.168000000000001,2.0340356324345468,147.43839407838783,64.0,80.35714285714285,0,central/central/central
S3,190,23,0.8,5,MQTT,1.6,1.6,104.56878495419899,1.7920000000000003,2.481525841877582,68.98016403372657,64.0,2.6785714285714284,0,central/central/central
S3,191,23,0.8,1,BE-DL,16.0,16.0,73.5912901861761,17.92,1.4932559217038481,66.41234190626037,64.0,2.0,0,central/central/central
S3,191,23,0.8,2,YOLO,12.0,12.0,74.49429354673669,13.44,1.3435185314272324,43.78408984090728,26.0,16.07142857142857,0,edge/edge/edge
S3,191,23,0.8,3,VIDEO,25.6,25.6,78.60122118913634,28.672000000000004,1.0150255404819588,51.379978035292964,44.0,7.142857142857142,0,regional/regional/regional
S3,191,23,0.8,4,CPU-OFF,6.4,6.4,116.00769652896383,7.168000000000001,2.5558394432662004,145.8161376599176,64.0,80.35714285714285,0,central/central/central
S3,191,23,0.8,5,MQTT,1.6,1.6,47.78461468087799,1.7920000000000003,1.0515182804958787,67.24676378533222,64.0,2.6785714285714284,0,central/central/central
